index,x,z
0,-0.134867,0.068731
1,-0.054261,0.149000
2,0.106951,0.099333
3,0.155314,0.049667
4,0.026345,-0.149198
