t,theta,beta,gamma,in_stance
0.000000,1.745329,-0.000000,0.000000,1
0.001000,1.738254,-0.000000,0.000000,1
0.002000,1.731098,-0.000000,0.000000,1
0.002999,1.723871,-0.000000,0.000000,1
0.003999,1.716585,-0.000000,0.000000,1
0.004999,1.709250,-0.000000,0.000000,1
0.005999,1.701876,-0.000000,0.000000,1
0.006999,1.694475,-0.000000,0.000000,1
0.007998,1.687055,-0.000000,0.000000,1
0.008998,1.679627,-0.000000,0.000000,1
0.009998,1.672200,-0.000000,0.000000,1
0.010998,1.664784,-0.000000,0.000000,1
0.011997,1.657389,-0.000000,0.000000,1
0.012997,1.650023,-0.000000,0.000000,1
0.013997,1.642696,-0.000000,0.000000,1
0.014997,1.635415,-0.000000,0.000000,1
0.015997,1.628191,-0.000000,0.000000,1
0.016996,1.621032,-0.000000,0.000000,1
0.017996,1.613945,-0.000000,0.000000,1
0.018996,1.606939,-0.000000,0.000000,1
0.019996,1.600022,-0.000000,0.000000,1
0.020996,1.593202,-0.000000,0.000000,1
0.021995,1.586486,-0.000000,0.000000,1
0.022995,1.579881,-0.000000,0.000000,1
0.023995,1.573396,-0.000000,0.000000,1
0.024995,1.567037,-0.000000,0.000000,1
0.025994,1.560811,-0.000000,0.000000,1
0.026994,1.554724,-0.000000,0.000000,1
0.027994,1.548784,-0.000000,0.000000,1
0.028994,1.542995,-0.000000,0.000000,1
0.029994,1.537366,-0.000000,0.000000,1
0.030993,1.531901,-0.000000,0.000000,1
0.031993,1.526606,-0.000000,0.000000,1
0.032993,1.521486,-0.000000,0.000000,1
0.033993,1.516548,-0.000000,0.000000,1
0.034993,1.511795,-0.000000,0.000000,1
0.035992,1.507234,-0.000000,0.000000,1
0.036992,1.502868,-0.000000,0.000000,1
0.037992,1.498701,-0.000000,0.000000,1
0.038992,1.494739,-0.000000,0.000000,1
0.039991,1.490985,-0.000000,0.000000,1
0.040991,1.487443,-0.000000,0.000000,1
0.041991,1.484116,-0.000000,0.000000,1
0.042991,1.481009,-0.000000,0.000000,1
0.043991,1.478122,-0.000000,0.000000,1
0.044990,1.475461,-0.000000,0.000000,1
0.045990,1.473027,-0.000000,0.000000,1
0.046990,1.470823,-0.000000,0.000000,1
0.047990,1.468850,-0.000000,0.000000,1
0.048990,1.467112,-0.000000,0.000000,1
0.049989,1.465609,-0.000000,0.000000,1
0.050989,1.464343,-0.000000,0.000000,1
0.051989,1.463316,-0.000000,0.000000,1
0.052989,1.462527,-0.000000,0.000000,1
0.053989,1.461979,-0.000000,0.000000,1
0.054988,1.461671,-0.000000,0.000000,1
0.055988,1.461605,-0.000000,0.000000,1
0.056988,1.461779,-0.000000,0.000000,1
0.057988,1.462194,-0.000000,0.000000,1
0.058987,1.462849,-0.000000,0.000000,1
0.059987,1.463744,-0.000000,0.000000,1
0.060987,1.464878,-0.000000,0.000000,1
0.061987,1.466250,-0.000000,0.000000,1
0.062987,1.467858,-0.000000,0.000000,1
0.063986,1.469701,-0.000000,0.000000,1
0.064986,1.471777,-0.000000,0.000000,1
0.065986,1.474084,-0.000000,0.000000,1
0.066986,1.476619,-0.000000,0.000000,1
0.067986,1.479381,-0.000000,0.000000,1
0.068985,1.482366,-0.000000,0.000000,1
0.069985,1.485572,-0.000000,0.000000,1
0.070985,1.488995,-0.000000,0.000000,1
0.071985,1.492632,-0.000000,0.000000,1
0.072984,1.496479,-0.000000,0.000000,1
0.073984,1.500533,-0.000000,0.000000,1
0.074984,1.504789,-0.000000,0.000000,1
0.075984,1.509243,-0.000000,0.000000,1
0.076984,1.513890,-0.000000,0.000000,1
0.077983,1.518726,-0.000000,0.000000,1
0.078983,1.523746,-0.000000,0.000000,1
0.079983,1.528944,-0.000000,0.000000,1
0.080983,1.534316,-0.000000,0.000000,1
0.081983,1.539855,-0.000000,0.000000,1
0.082982,1.545556,-0.000000,0.000000,1
0.083982,1.551413,-0.000000,0.000000,1
0.084982,1.557419,-0.000000,0.000000,1
0.085982,1.563569,-0.000000,0.000000,1
0.086981,1.569855,-0.000000,0.000000,1
0.087981,1.576271,-0.000000,0.000000,1
0.088981,1.582810,-0.000000,0.000000,1
0.089981,1.589465,-0.000000,0.000000,1
0.090981,1.596229,-0.000000,0.000000,1
0.091980,1.603093,-0.000000,0.000000,1
0.092980,1.610051,-0.000000,0.000000,1
0.093980,1.617094,-0.000000,0.000000,1
0.094980,1.624214,-0.000000,0.000000,1
0.095980,1.631403,-0.000000,0.000000,1
0.096979,1.638654,-0.000000,0.000000,1
0.097979,1.645956,-0.000000,0.000000,1
0.098979,1.653302,-0.000000,0.000000,1
0.099979,1.660682,-0.000000,0.000000,1
0.100979,1.668087,-0.000000,0.000000,1
0.101978,1.675509,-0.000000,0.000000,1
0.102978,1.682938,-0.000000,0.000000,1
0.103978,1.690363,-0.000000,0.000000,1
0.104978,1.697776,-0.000000,0.000000,1
0.105977,1.705167,-0.000000,0.000000,1
0.106977,1.712524,-0.000000,0.000000,1
0.107977,1.719839,-0.000000,0.000000,1
0.108977,1.727100,-0.000000,0.000000,1
0.109977,1.734296,-0.000000,0.000000,1
0.110976,1.741418,-0.000000,0.000000,1
0.111976,1.745329,-0.000000,0.000000,0
0.112976,1.745329,-0.000000,0.000000,0
0.113976,1.745329,-0.000000,0.000000,0
0.114976,1.745329,-0.000000,0.000000,0
0.115975,1.745329,-0.000000,0.000000,0
0.116975,1.745329,-0.000000,0.000000,0
0.117975,1.745329,-0.000000,0.000000,0
0.118975,1.745329,-0.000000,0.000000,0
0.119974,1.745329,-0.000000,0.000000,0
0.120974,1.745329,-0.000000,0.000000,0
0.121974,1.745329,-0.000000,0.000000,0
0.122974,1.745329,-0.000000,0.000000,0
0.123974,1.745329,-0.000000,0.000000,0
0.124973,1.745329,-0.000000,0.000000,0
0.125973,1.745329,-0.000000,0.000000,0
0.126973,1.745329,-0.000000,0.000000,0
0.127973,1.745329,-0.000000,0.000000,0
0.128973,1.745329,-0.000000,0.000000,0
0.129972,1.745329,-0.000000,0.000000,0
0.130972,1.745329,-0.000000,0.000000,0
0.131972,1.745329,-0.000000,0.000000,0
0.132972,1.745329,-0.000000,0.000000,0
0.133971,1.745329,-0.000000,0.000000,0
0.134971,1.745329,-0.000000,0.000000,0
0.135971,1.745329,-0.000000,0.000000,0
0.136971,1.745329,-0.000000,0.000000,0
0.137971,1.745329,-0.000000,0.000000,0
0.138970,1.745329,-0.000000,0.000000,0
0.139970,1.745329,-0.000000,0.000000,0
0.140970,1.745329,-0.000000,0.000000,0
0.141970,1.745329,-0.000000,0.000000,0
0.142970,1.745329,-0.000000,0.000000,0
0.143969,1.745329,-0.000000,0.000000,0
0.144969,1.745329,-0.000000,0.000000,0
0.145969,1.745329,-0.000000,0.000000,0
0.146969,1.745329,-0.000000,0.000000,0
0.147969,1.745329,-0.000000,0.000000,0
0.148968,1.745329,-0.000000,0.000000,0
0.149968,1.745329,-0.000000,0.000000,0
0.150968,1.745329,-0.000000,0.000000,0
0.151968,1.745329,-0.000000,0.000000,0
0.152967,1.745329,-0.000000,0.000000,0
0.153967,1.745329,-0.000000,0.000000,0
0.154967,1.745329,-0.000000,0.000000,0
0.155967,1.745329,-0.000000,0.000000,0
0.156967,1.745329,-0.000000,0.000000,0
0.157966,1.745329,-0.000000,0.000000,0
0.158966,1.745329,-0.000000,0.000000,0
0.159966,1.745329,-0.000000,0.000000,0
0.160966,1.745329,-0.000000,0.000000,0
0.161966,1.745329,-0.000000,0.000000,0
0.162965,1.745329,-0.000000,0.000000,0
0.163965,1.745329,-0.000000,0.000000,0
0.164965,1.745329,-0.000000,0.000000,0
0.165965,1.745329,-0.000000,0.000000,0
0.166964,1.745329,-0.000000,0.000000,0
0.167964,1.745329,-0.000000,0.000000,0
0.168964,1.745329,-0.000000,0.000000,0
0.169964,1.745329,-0.000000,0.000000,0
0.170964,1.745329,-0.000000,0.000000,0
0.171963,1.745329,-0.000000,0.000000,0
0.172963,1.745329,-0.000000,0.000000,0
0.173963,1.745329,-0.000000,0.000000,0
0.174963,1.745329,-0.000000,0.000000,0
0.175963,1.745329,-0.000000,0.000000,0
0.176962,1.745329,-0.000000,0.000000,0
0.177962,1.745329,-0.000000,0.000000,0
0.178962,1.745329,-0.000000,0.000000,0
0.179962,1.745329,-0.000000,0.000000,0
0.180961,1.745329,-0.000000,0.000000,0
0.181961,1.745329,-0.000000,0.000000,0
0.182961,1.745329,-0.000000,0.000000,0
0.183961,1.745329,-0.000000,0.000000,0
0.184961,1.745329,-0.000000,0.000000,0
0.185960,1.745329,-0.000000,0.000000,0
0.186960,1.745329,-0.000000,0.000000,0
0.187960,1.745329,-0.000000,0.000000,0
0.188960,1.745329,-0.000000,0.000000,0
0.189960,1.745329,-0.000000,0.000000,0
0.190959,1.745329,-0.000000,0.000000,0
0.191959,1.745329,-0.000000,0.000000,0
0.192959,1.745329,-0.000000,0.000000,0
0.193959,1.745329,-0.000000,0.000000,0
0.194959,1.745329,-0.000000,0.000000,0
0.195958,1.745329,-0.000000,0.000000,0
0.196958,1.745329,-0.000000,0.000000,0
0.197958,1.745329,-0.000000,0.000000,0
0.198958,1.745329,-0.000000,0.000000,0
0.199957,1.745329,-0.000000,0.000000,0
0.200957,1.745329,-0.000000,0.000000,0
0.201957,1.745329,-0.000000,0.000000,0
0.202957,1.745329,-0.000000,0.000000,0
0.203957,1.745329,-0.000000,0.000000,0
0.204956,1.745329,-0.000000,0.000000,0
0.205956,1.745329,-0.000000,0.000000,0
0.206956,1.745329,-0.000000,0.000000,0
0.207956,1.745329,-0.000000,0.000000,0
0.208956,1.745329,-0.000000,0.000000,0
0.209955,1.745329,-0.000000,0.000000,0
0.210955,1.745329,-0.000000,0.000000,0
0.211955,1.745329,-0.000000,0.000000,0
0.212955,1.745329,-0.000000,0.000000,0
0.213954,1.745329,-0.000000,0.000000,0
0.214954,1.745329,-0.000000,0.000000,0
0.215954,1.745329,-0.000000,0.000000,0
0.216954,1.745329,-0.000000,0.000000,0
0.217954,1.745329,-0.000000,0.000000,0
0.218953,1.745329,-0.000000,0.000000,0
0.219953,1.745329,-0.000000,0.000000,0
0.220953,1.745329,-0.000000,0.000000,0
0.221953,1.745329,-0.000000,0.000000,0
0.222953,1.745329,-0.000000,0.000000,0
0.223952,1.745329,-0.000000,0.000000,0
0.224952,1.745329,-0.000000,0.000000,0
0.225952,1.745329,-0.000000,0.000000,0
0.226952,1.745329,-0.000000,0.000000,0
0.227951,1.745329,-0.000000,0.000000,0
0.228951,1.745329,-0.000000,0.000000,0
0.229951,1.745329,-0.000000,0.000000,0
0.230951,1.745329,-0.000000,0.000000,0
0.231951,1.745329,-0.000000,0.000000,0
0.232950,1.745329,-0.000000,0.000000,0
0.233950,1.745329,-0.000000,0.000000,0
0.234950,1.745329,-0.000000,0.000000,0
0.235950,1.745329,-0.000000,0.000000,0
0.236950,1.745329,-0.000000,0.000000,0
0.237949,1.745329,-0.000000,0.000000,0
0.238949,1.745329,-0.000000,0.000000,0
0.239949,1.745329,-0.000000,0.000000,0
0.240949,1.745329,-0.000000,0.000000,0
0.241949,1.745329,-0.000000,0.000000,0
0.242948,1.745329,-0.000000,0.000000,0
0.243948,1.745329,-0.000000,0.000000,0
0.244948,1.745329,-0.000000,0.000000,0
0.245948,1.745329,-0.000000,0.000000,0
0.246947,1.745329,-0.000000,0.000000,0
0.247947,1.745329,-0.000000,0.000000,0
0.248947,1.745329,-0.000000,0.000000,0
0.249947,1.745329,-0.000000,0.000000,0
0.250947,1.745329,-0.000000,0.000000,0
0.251946,1.745329,-0.000000,0.000000,0
0.252946,1.745329,-0.000000,0.000000,0
0.253946,1.745329,-0.000000,0.000000,0
0.254946,1.745329,-0.000000,0.000000,0
0.255946,1.745329,-0.000000,0.000000,0
0.256945,1.745329,-0.000000,0.000000,0
0.257945,1.745329,-0.000000,0.000000,0
0.258945,1.745329,-0.000000,0.000000,0
0.259945,1.745329,-0.000000,0.000000,0
0.260944,1.745329,-0.000000,0.000000,0
0.261944,1.745329,-0.000000,0.000000,0
0.262944,1.745329,-0.000000,0.000000,0
0.263944,1.745329,-0.000000,0.000000,0
0.264944,1.745329,-0.000000,0.000000,0
0.265943,1.745329,-0.000000,0.000000,0
0.266943,1.745329,-0.000000,0.000000,0
0.267943,1.745329,-0.000000,0.000000,1
0.268943,1.738254,-0.000000,0.000000,1
0.269943,1.731098,-0.000000,0.000000,1
0.270942,1.723871,-0.000000,0.000000,1
0.271942,1.716585,-0.000000,0.000000,1
0.272942,1.709250,-0.000000,0.000000,1
0.273942,1.701876,-0.000000,0.000000,1
0.274941,1.694475,-0.000000,0.000000,1
0.275941,1.687055,-0.000000,0.000000,1
0.276941,1.679627,-0.000000,0.000000,1
0.277941,1.672200,-0.000000,0.000000,1
0.278941,1.664784,-0.000000,0.000000,1
0.279940,1.657389,-0.000000,0.000000,1
0.280940,1.650023,-0.000000,0.000000,1
0.281940,1.642696,-0.000000,0.000000,1
0.282940,1.635415,-0.000000,0.000000,1
0.283940,1.628191,-0.000000,0.000000,1
0.284939,1.621032,-0.000000,0.000000,1
0.285939,1.613945,-0.000000,0.000000,1
0.286939,1.606939,-0.000000,0.000000,1
0.287939,1.600022,-0.000000,0.000000,1
0.288939,1.593202,-0.000000,0.000000,1
0.289938,1.586486,-0.000000,0.000000,1
0.290938,1.579881,-0.000000,0.000000,1
0.291938,1.573396,-0.000000,0.000000,1
0.292938,1.567037,-0.000000,0.000000,1
0.293937,1.560811,-0.000000,0.000000,1
0.294937,1.554724,-0.000000,0.000000,1
0.295937,1.548784,-0.000000,0.000000,1
0.296937,1.542995,-0.000000,0.000000,1
0.297937,1.537366,-0.000000,0.000000,1
0.298936,1.531901,-0.000000,0.000000,1
0.299936,1.526606,-0.000000,0.000000,1
0.300936,1.521486,-0.000000,0.000000,1
0.301936,1.516548,-0.000000,0.000000,1
0.302936,1.511795,-0.000000,0.000000,1
0.303935,1.507234,-0.000000,0.000000,1
0.304935,1.502868,-0.000000,0.000000,1
0.305935,1.498701,-0.000000,0.000000,1
0.306935,1.494739,-0.000000,0.000000,1
0.307934,1.490985,-0.000000,0.000000,1
0.308934,1.487443,-0.000000,0.000000,1
0.309934,1.484116,-0.000000,0.000000,1
0.310934,1.481009,-0.000000,0.000000,1
0.311934,1.478122,-0.000000,0.000000,1
0.312933,1.475461,-0.000000,0.000000,1
0.313933,1.473027,-0.000000,0.000000,1
0.314933,1.470823,-0.000000,0.000000,1
0.315933,1.468850,-0.000000,0.000000,1
0.316933,1.467112,-0.000000,0.000000,1
0.317932,1.465609,-0.000000,0.000000,1
0.318932,1.464343,-0.000000,0.000000,1
0.319932,1.463316,-0.000000,0.000000,1
0.320932,1.462527,-0.000000,0.000000,1
0.321931,1.461979,-0.000000,0.000000,1
0.322931,1.461671,-0.000000,0.000000,1
0.323931,1.461605,-0.000000,0.000000,1
0.324931,1.461779,-0.000000,0.000000,1
0.325931,1.462194,-0.000000,0.000000,1
0.326930,1.462849,-0.000000,0.000000,1
0.327930,1.463744,-0.000000,0.000000,1
0.328930,1.464878,-0.000000,0.000000,1
0.329930,1.466250,-0.000000,0.000000,1
0.330930,1.467858,-0.000000,0.000000,1
0.331929,1.469701,-0.000000,0.000000,1
0.332929,1.471777,-0.000000,0.000000,1
0.333929,1.474084,-0.000000,0.000000,1
0.334929,1.476619,-0.000000,0.000000,1
0.335929,1.479381,-0.000000,0.000000,1
0.336928,1.482366,-0.000000,0.000000,1
0.337928,1.485572,-0.000000,0.000000,1
0.338928,1.488995,-0.000000,0.000000,1
0.339928,1.492632,-0.000000,0.000000,1
0.340927,1.496479,-0.000000,0.000000,1
0.341927,1.500533,-0.000000,0.000000,1
0.342927,1.504789,-0.000000,0.000000,1
0.343927,1.509243,-0.000000,0.000000,1
0.344927,1.513890,-0.000000,0.000000,1
0.345926,1.518726,-0.000000,0.000000,1
0.346926,1.523746,-0.000000,0.000000,1
0.347926,1.528944,-0.000000,0.000000,1
0.348926,1.534316,-0.000000,0.000000,1
0.349926,1.539855,-0.000000,0.000000,1
0.350925,1.545556,-0.000000,0.000000,1
0.351925,1.551413,-0.000000,0.000000,1
0.352925,1.557419,-0.000000,0.000000,1
0.353925,1.563569,-0.000000,0.000000,1
0.354924,1.569855,-0.000000,0.000000,1
0.355924,1.576271,-0.000000,0.000000,1
0.356924,1.582810,-0.000000,0.000000,1
0.357924,1.589465,-0.000000,0.000000,1
0.358924,1.596229,-0.000000,0.000000,1
0.359923,1.603093,-0.000000,0.000000,1
0.360923,1.610051,-0.000000,0.000000,1
0.361923,1.617094,-0.000000,0.000000,1
0.362923,1.624214,-0.000000,0.000000,1
0.363923,1.631403,-0.000000,0.000000,1
0.364922,1.638654,-0.000000,0.000000,1
0.365922,1.645956,-0.000000,0.000000,1
0.366922,1.653302,-0.000000,0.000000,1
0.367922,1.660682,-0.000000,0.000000,1
0.368921,1.668087,-0.000000,0.000000,1
0.369921,1.675509,-0.000000,0.000000,1
0.370921,1.682938,-0.000000,0.000000,1
0.371921,1.690363,-0.000000,0.000000,1
0.372921,1.697776,-0.000000,0.000000,1
0.373920,1.705167,-0.000000,0.000000,1
0.374920,1.712524,-0.000000,0.000000,1
0.375920,1.719839,-0.000000,0.000000,1
0.376920,1.727100,-0.000000,0.000000,1
0.377920,1.734296,-0.000000,0.000000,1
0.378919,1.741418,-0.000000,0.000000,1
0.379919,1.745329,-0.000000,0.000000,0
0.380919,1.745329,-0.000000,0.000000,0
0.381919,1.745329,-0.000000,0.000000,0
0.382919,1.745329,-0.000000,0.000000,0
0.383918,1.745329,-0.000000,0.000000,0
0.384918,1.745329,-0.000000,0.000000,0
0.385918,1.745329,-0.000000,0.000000,0
0.386918,1.745329,-0.000000,0.000000,0
0.387917,1.745329,-0.000000,0.000000,0
0.388917,1.745329,-0.000000,0.000000,0
0.389917,1.745329,-0.000000,0.000000,0
0.390917,1.745329,-0.000000,0.000000,0
0.391917,1.745329,-0.000000,0.000000,0
0.392916,1.745329,-0.000000,0.000000,0
0.393916,1.745329,-0.000000,0.000000,0
0.394916,1.745329,-0.000000,0.000000,0
0.395916,1.745329,-0.000000,0.000000,0
0.396916,1.745329,-0.000000,0.000000,0
0.397915,1.745329,-0.000000,0.000000,0
0.398915,1.745329,-0.000000,0.000000,0
0.399915,1.745329,-0.000000,0.000000,0
0.400915,1.745329,-0.000000,0.000000,0
0.401914,1.745329,-0.000000,0.000000,0
0.402914,1.745329,-0.000000,0.000000,0
0.403914,1.745329,-0.000000,0.000000,0
0.404914,1.745329,-0.000000,0.000000,0
0.405914,1.745329,-0.000000,0.000000,0
0.406913,1.745329,-0.000000,0.000000,0
0.407913,1.745329,-0.000000,0.000000,0
0.408913,1.745329,-0.000000,0.000000,0
0.409913,1.745329,-0.000000,0.000000,0
0.410913,1.745329,-0.000000,0.000000,0
0.411912,1.745329,-0.000000,0.000000,0
0.412912,1.745329,-0.000000,0.000000,0
0.413912,1.745329,-0.000000,0.000000,0
0.414912,1.745329,-0.000000,0.000000,0
0.415911,1.745329,-0.000000,0.000000,0
0.416911,1.745329,-0.000000,0.000000,0
0.417911,1.745329,-0.000000,0.000000,0
0.418911,1.745329,-0.000000,0.000000,0
0.419911,1.745329,-0.000000,0.000000,0
0.420910,1.745329,-0.000000,0.000000,0
0.421910,1.745329,-0.000000,0.000000,0
0.422910,1.745329,-0.000000,0.000000,0
0.423910,1.745329,-0.000000,0.000000,0
0.424910,1.745329,-0.000000,0.000000,0
0.425909,1.745329,-0.000000,0.000000,0
0.426909,1.745329,-0.000000,0.000000,0
0.427909,1.745329,-0.000000,0.000000,0
0.428909,1.745329,-0.000000,0.000000,0
0.429909,1.745329,-0.000000,0.000000,0
0.430908,1.745329,-0.000000,0.000000,0
0.431908,1.745329,-0.000000,0.000000,0
0.432908,1.745329,-0.000000,0.000000,0
0.433908,1.745329,-0.000000,0.000000,0
0.434907,1.745329,-0.000000,0.000000,0
0.435907,1.745329,-0.000000,0.000000,0
0.436907,1.745329,-0.000000,0.000000,0
0.437907,1.745329,-0.000000,0.000000,0
0.438907,1.745329,-0.000000,0.000000,0
0.439906,1.745329,-0.000000,0.000000,0
0.440906,1.745329,-0.000000,0.000000,0
0.441906,1.745329,-0.000000,0.000000,0
0.442906,1.745329,-0.000000,0.000000,0
0.443906,1.745329,-0.000000,0.000000,0
0.444905,1.745329,-0.000000,0.000000,0
0.445905,1.745329,-0.000000,0.000000,0
0.446905,1.745329,-0.000000,0.000000,0
0.447905,1.745329,-0.000000,0.000000,0
0.448904,1.745329,-0.000000,0.000000,0
0.449904,1.745329,-0.000000,0.000000,0
0.450904,1.745329,-0.000000,0.000000,0
0.451904,1.745329,-0.000000,0.000000,0
0.452904,1.745329,-0.000000,0.000000,0
0.453903,1.745329,-0.000000,0.000000,0
0.454903,1.745329,-0.000000,0.000000,0
0.455903,1.745329,-0.000000,0.000000,0
0.456903,1.745329,-0.000000,0.000000,0
0.457903,1.745329,-0.000000,0.000000,0
0.458902,1.745329,-0.000000,0.000000,0
0.459902,1.745329,-0.000000,0.000000,0
0.460902,1.745329,-0.000000,0.000000,0
0.461902,1.745329,-0.000000,0.000000,0
0.462901,1.745329,-0.000000,0.000000,0
0.463901,1.745329,-0.000000,0.000000,0
0.464901,1.745329,-0.000000,0.000000,0
0.465901,1.745329,-0.000000,0.000000,0
0.466901,1.745329,-0.000000,0.000000,0
0.467900,1.745329,-0.000000,0.000000,0
0.468900,1.745329,-0.000000,0.000000,0
0.469900,1.745329,-0.000000,0.000000,0
0.470900,1.745329,-0.000000,0.000000,0
0.471900,1.745329,-0.000000,0.000000,0
0.472899,1.745329,-0.000000,0.000000,0
0.473899,1.745329,-0.000000,0.000000,0
0.474899,1.745329,-0.000000,0.000000,0
0.475899,1.745329,-0.000000,0.000000,0
0.476899,1.745329,-0.000000,0.000000,0
0.477898,1.745329,-0.000000,0.000000,0
0.478898,1.745329,-0.000000,0.000000,0
0.479898,1.745329,-0.000000,0.000000,0
0.480898,1.745329,-0.000000,0.000000,0
0.481897,1.745329,-0.000000,0.000000,0
0.482897,1.745329,-0.000000,0.000000,0
0.483897,1.745329,-0.000000,0.000000,0
0.484897,1.745329,-0.000000,0.000000,0
0.485897,1.745329,-0.000000,0.000000,0
0.486896,1.745329,-0.000000,0.000000,0
0.487896,1.745329,-0.000000,0.000000,0
0.488896,1.745329,-0.000000,0.000000,0
0.489896,1.745329,-0.000000,0.000000,0
0.490896,1.745329,-0.000000,0.000000,0
0.491895,1.745329,-0.000000,0.000000,0
0.492895,1.745329,-0.000000,0.000000,0
0.493895,1.745329,-0.000000,0.000000,0
0.494895,1.745329,-0.000000,0.000000,0
0.495894,1.745329,-0.000000,0.000000,0
0.496894,1.745329,-0.000000,0.000000,0
0.497894,1.745329,-0.000000,0.000000,0
0.498894,1.745329,-0.000000,0.000000,0
0.499894,1.745329,-0.000000,0.000000,0
0.500893,1.745329,-0.000000,0.000000,0
0.501893,1.745329,-0.000000,0.000000,0
0.502893,1.745329,-0.000000,0.000000,0
0.503893,1.745329,-0.000000,0.000000,0
0.504893,1.745329,-0.000000,0.000000,0
0.505892,1.745329,-0.000000,0.000000,0
0.506892,1.745329,-0.000000,0.000000,0
0.507892,1.745329,-0.000000,0.000000,0
0.508892,1.745329,-0.000000,0.000000,0
0.509892,1.745329,-0.000000,0.000000,0
0.510891,1.745329,-0.000000,0.000000,0
0.511891,1.745329,-0.000000,0.000000,0
0.512891,1.745329,-0.000000,0.000000,0
0.513891,1.745329,-0.000000,0.000000,0
0.514890,1.745329,-0.000000,0.000000,0
0.515890,1.745329,-0.000000,0.000000,0
0.516890,1.745329,-0.000000,0.000000,0
0.517890,1.745329,-0.000000,0.000000,0
0.518890,1.745329,-0.000000,0.000000,0
0.519889,1.745329,-0.000000,0.000000,0
0.520889,1.745329,-0.000000,0.000000,0
0.521889,1.745329,-0.000000,0.000000,0
0.522889,1.745329,-0.000000,0.000000,0
0.523889,1.745329,-0.000000,0.000000,0
0.524888,1.745329,-0.000000,0.000000,0
0.525888,1.745329,-0.000000,0.000000,0
0.526888,1.745329,-0.000000,0.000000,0
0.527888,1.745329,-0.000000,0.000000,0
0.528887,1.745329,-0.000000,0.000000,0
0.529887,1.745329,-0.000000,0.000000,0
0.530887,1.745329,-0.000000,0.000000,0
0.531887,1.745329,-0.000000,0.000000,0
0.532887,1.745329,-0.000000,0.000000,0
0.533886,1.745329,-0.000000,0.000000,0
0.534886,1.745329,-0.000000,0.000000,0
0.535886,1.745329,-0.000000,0.000000,1
0.536886,1.738254,-0.000000,0.000000,1
0.537886,1.731098,-0.000000,0.000000,1
0.538885,1.723871,-0.000000,0.000000,1
0.539885,1.716585,-0.000000,0.000000,1
0.540885,1.709250,-0.000000,0.000000,1
0.541885,1.701876,-0.000000,0.000000,1
0.542884,1.694475,-0.000000,0.000000,1
0.543884,1.687055,-0.000000,0.000000,1
0.544884,1.679627,-0.000000,0.000000,1
0.545884,1.672200,-0.000000,0.000000,1
0.546884,1.664784,-0.000000,0.000000,1
0.547883,1.657389,-0.000000,0.000000,1
0.548883,1.650023,-0.000000,0.000000,1
0.549883,1.642696,-0.000000,0.000000,1
0.550883,1.635415,-0.000000,0.000000,1
0.551883,1.628191,-0.000000,0.000000,1
0.552882,1.621032,-0.000000,0.000000,1
0.553882,1.613945,-0.000000,0.000000,1
0.554882,1.606939,-0.000000,0.000000,1
0.555882,1.600022,-0.000000,0.000000,1
0.556882,1.593202,-0.000000,0.000000,1
0.557881,1.586486,-0.000000,0.000000,1
0.558881,1.579881,-0.000000,0.000000,1
0.559881,1.573396,-0.000000,0.000000,1
0.560881,1.567037,-0.000000,0.000000,1
0.561880,1.560811,-0.000000,0.000000,1
0.562880,1.554724,-0.000000,0.000000,1
0.563880,1.548784,-0.000000,0.000000,1
0.564880,1.542995,-0.000000,0.000000,1
0.565880,1.537366,-0.000000,0.000000,1
0.566879,1.531901,-0.000000,0.000000,1
0.567879,1.526606,-0.000000,0.000000,1
0.568879,1.521486,-0.000000,0.000000,1
0.569879,1.516548,-0.000000,0.000000,1
0.570879,1.511795,-0.000000,0.000000,1
0.571878,1.507234,-0.000000,0.000000,1
0.572878,1.502868,-0.000000,0.000000,1
0.573878,1.498701,-0.000000,0.000000,1
0.574878,1.494739,-0.000000,0.000000,1
0.575877,1.490985,-0.000000,0.000000,1
0.576877,1.487443,-0.000000,0.000000,1
0.577877,1.484116,-0.000000,0.000000,1
0.578877,1.481009,-0.000000,0.000000,1
0.579877,1.478122,-0.000000,0.000000,1
0.580876,1.475461,-0.000000,0.000000,1
0.581876,1.473027,-0.000000,0.000000,1
0.582876,1.470823,-0.000000,0.000000,1
0.583876,1.468850,-0.000000,0.000000,1
0.584876,1.467112,-0.000000,0.000000,1
0.585875,1.465609,-0.000000,0.000000,1
0.586875,1.464343,-0.000000,0.000000,1
0.587875,1.463316,-0.000000,0.000000,1
0.588875,1.462527,-0.000000,0.000000,1
0.589874,1.461979,-0.000000,0.000000,1
0.590874,1.461671,-0.000000,0.000000,1
0.591874,1.461605,-0.000000,0.000000,1
0.592874,1.461779,-0.000000,0.000000,1
0.593874,1.462194,-0.000000,0.000000,1
0.594873,1.462849,-0.000000,0.000000,1
0.595873,1.463744,-0.000000,0.000000,1
0.596873,1.464878,-0.000000,0.000000,1
0.597873,1.466250,-0.000000,0.000000,1
0.598873,1.467858,-0.000000,0.000000,1
0.599872,1.469701,-0.000000,0.000000,1
0.600872,1.471777,-0.000000,0.000000,1
0.601872,1.474084,-0.000000,0.000000,1
0.602872,1.476619,-0.000000,0.000000,1
0.603872,1.479381,-0.000000,0.000000,1
0.604871,1.482366,-0.000000,0.000000,1
0.605871,1.485572,-0.000000,0.000000,1
0.606871,1.488995,-0.000000,0.000000,1
0.607871,1.492632,-0.000000,0.000000,1
0.608870,1.496479,-0.000000,0.000000,1
0.609870,1.500533,-0.000000,0.000000,1
0.610870,1.504789,-0.000000,0.000000,1
0.611870,1.509243,-0.000000,0.000000,1
0.612870,1.513890,-0.000000,0.000000,1
0.613869,1.518726,-0.000000,0.000000,1
0.614869,1.523746,-0.000000,0.000000,1
0.615869,1.528944,-0.000000,0.000000,1
0.616869,1.534316,-0.000000,0.000000,1
0.617869,1.539855,-0.000000,0.000000,1
0.618868,1.545556,-0.000000,0.000000,1
0.619868,1.551413,-0.000000,0.000000,1
0.620868,1.557419,-0.000000,0.000000,1
0.621868,1.563569,-0.000000,0.000000,1
0.622867,1.569855,-0.000000,0.000000,1
0.623867,1.576271,-0.000000,0.000000,1
0.624867,1.582810,-0.000000,0.000000,1
0.625867,1.589465,-0.000000,0.000000,1
0.626867,1.596229,-0.000000,0.000000,1
0.627866,1.603093,-0.000000,0.000000,1
0.628866,1.610051,-0.000000,0.000000,1
0.629866,1.617094,-0.000000,0.000000,1
0.630866,1.624214,-0.000000,0.000000,1
0.631866,1.631403,-0.000000,0.000000,1
0.632865,1.638654,-0.000000,0.000000,1
0.633865,1.645956,-0.000000,0.000000,1
0.634865,1.653302,-0.000000,0.000000,1
0.635865,1.660682,-0.000000,0.000000,1
0.636864,1.668087,-0.000000,0.000000,1
0.637864,1.675509,-0.000000,0.000000,1
0.638864,1.682938,-0.000000,0.000000,1
0.639864,1.690363,-0.000000,0.000000,1
0.640864,1.697776,-0.000000,0.000000,1
0.641863,1.705167,-0.000000,0.000000,1
0.642863,1.712524,-0.000000,0.000000,1
0.643863,1.719839,-0.000000,0.000000,1
0.644863,1.727100,-0.000000,0.000000,1
0.645863,1.734296,-0.000000,0.000000,1
0.646862,1.741418,-0.000000,0.000000,1
0.647862,1.745329,-0.000000,0.000000,0
0.648862,1.745329,-0.000000,0.000000,0
0.649862,1.745329,-0.000000,0.000000,0
0.650862,1.745329,-0.000000,0.000000,0
0.651861,1.745329,-0.000000,0.000000,0
0.652861,1.745329,-0.000000,0.000000,0
0.653861,1.745329,-0.000000,0.000000,0
0.654861,1.745329,-0.000000,0.000000,0
0.655860,1.745329,-0.000000,0.000000,0
0.656860,1.745329,-0.000000,0.000000,0
0.657860,1.745329,-0.000000,0.000000,0
0.658860,1.745329,-0.000000,0.000000,0
0.659860,1.745329,-0.000000,0.000000,0
0.660859,1.745329,-0.000000,0.000000,0
0.661859,1.745329,-0.000000,0.000000,0
0.662859,1.745329,-0.000000,0.000000,0
0.663859,1.745329,-0.000000,0.000000,0
0.664859,1.745329,-0.000000,0.000000,0
0.665858,1.745329,-0.000000,0.000000,0
0.666858,1.745329,-0.000000,0.000000,0
0.667858,1.745329,-0.000000,0.000000,0
0.668858,1.745329,-0.000000,0.000000,0
0.669857,1.745329,-0.000000,0.000000,0
0.670857,1.745329,-0.000000,0.000000,0
0.671857,1.745329,-0.000000,0.000000,0
0.672857,1.745329,-0.000000,0.000000,0
0.673857,1.745329,-0.000000,0.000000,0
0.674856,1.745329,-0.000000,0.000000,0
0.675856,1.745329,-0.000000,0.000000,0
0.676856,1.745329,-0.000000,0.000000,0
0.677856,1.745329,-0.000000,0.000000,0
0.678856,1.745329,-0.000000,0.000000,0
0.679855,1.745329,-0.000000,0.000000,0
0.680855,1.745329,-0.000000,0.000000,0
0.681855,1.745329,-0.000000,0.000000,0
0.682855,1.745329,-0.000000,0.000000,0
0.683854,1.745329,-0.000000,0.000000,0
0.684854,1.745329,-0.000000,0.000000,0
0.685854,1.745329,-0.000000,0.000000,0
0.686854,1.745329,-0.000000,0.000000,0
0.687854,1.745329,-0.000000,0.000000,0
0.688853,1.745329,-0.000000,0.000000,0
0.689853,1.745329,-0.000000,0.000000,0
0.690853,1.745329,-0.000000,0.000000,0
0.691853,1.745329,-0.000000,0.000000,0
0.692853,1.745329,-0.000000,0.000000,0
0.693852,1.745329,-0.000000,0.000000,0
0.694852,1.745329,-0.000000,0.000000,0
0.695852,1.745329,-0.000000,0.000000,0
0.696852,1.745329,-0.000000,0.000000,0
0.697852,1.745329,-0.000000,0.000000,0
0.698851,1.745329,-0.000000,0.000000,0
0.699851,1.745329,-0.000000,0.000000,0
0.700851,1.745329,-0.000000,0.000000,0
0.701851,1.745329,-0.000000,0.000000,0
0.702850,1.745329,-0.000000,0.000000,0
0.703850,1.745329,-0.000000,0.000000,0
0.704850,1.745329,-0.000000,0.000000,0
0.705850,1.745329,-0.000000,0.000000,0
0.706850,1.745329,-0.000000,0.000000,0
0.707849,1.745329,-0.000000,0.000000,0
0.708849,1.745329,-0.000000,0.000000,0
0.709849,1.745329,-0.000000,0.000000,0
0.710849,1.745329,-0.000000,0.000000,0
0.711849,1.745329,-0.000000,0.000000,0
0.712848,1.745329,-0.000000,0.000000,0
0.713848,1.745329,-0.000000,0.000000,0
0.714848,1.745329,-0.000000,0.000000,0
0.715848,1.745329,-0.000000,0.000000,0
0.716847,1.745329,-0.000000,0.000000,0
0.717847,1.745329,-0.000000,0.000000,0
0.718847,1.745329,-0.000000,0.000000,0
0.719847,1.745329,-0.000000,0.000000,0
0.720847,1.745329,-0.000000,0.000000,0
0.721846,1.745329,-0.000000,0.000000,0
0.722846,1.745329,-0.000000,0.000000,0
0.723846,1.745329,-0.000000,0.000000,0
0.724846,1.745329,-0.000000,0.000000,0
0.725846,1.745329,-0.000000,0.000000,0
0.726845,1.745329,-0.000000,0.000000,0
0.727845,1.745329,-0.000000,0.000000,0
0.728845,1.745329,-0.000000,0.000000,0
0.729845,1.745329,-0.000000,0.000000,0
0.730844,1.745329,-0.000000,0.000000,0
0.731844,1.745329,-0.000000,0.000000,0
0.732844,1.745329,-0.000000,0.000000,0
0.733844,1.745329,-0.000000,0.000000,0
0.734844,1.745329,-0.000000,0.000000,0
0.735843,1.745329,-0.000000,0.000000,0
0.736843,1.745329,-0.000000,0.000000,0
0.737843,1.745329,-0.000000,0.000000,0
0.738843,1.745329,-0.000000,0.000000,0
0.739843,1.745329,-0.000000,0.000000,0
0.740842,1.745329,-0.000000,0.000000,0
0.741842,1.745329,-0.000000,0.000000,0
0.742842,1.745329,-0.000000,0.000000,0
0.743842,1.745329,-0.000000,0.000000,0
0.744842,1.745329,-0.000000,0.000000,0
0.745841,1.745329,-0.000000,0.000000,0
0.746841,1.745329,-0.000000,0.000000,0
0.747841,1.745329,-0.000000,0.000000,0
0.748841,1.745329,-0.000000,0.000000,0
0.749840,1.745329,-0.000000,0.000000,0
0.750840,1.745329,-0.000000,0.000000,0
0.751840,1.745329,-0.000000,0.000000,0
0.752840,1.745329,-0.000000,0.000000,0
0.753840,1.745329,-0.000000,0.000000,0
0.754839,1.745329,-0.000000,0.000000,0
0.755839,1.745329,-0.000000,0.000000,0
0.756839,1.745329,-0.000000,0.000000,0
0.757839,1.745329,-0.000000,0.000000,0
0.758839,1.745329,-0.000000,0.000000,0
0.759838,1.745329,-0.000000,0.000000,0
0.760838,1.745329,-0.000000,0.000000,0
0.761838,1.745329,-0.000000,0.000000,0
0.762838,1.745329,-0.000000,0.000000,0
0.763837,1.745329,-0.000000,0.000000,0
0.764837,1.745329,-0.000000,0.000000,0
0.765837,1.745329,-0.000000,0.000000,0
0.766837,1.745329,-0.000000,0.000000,0
0.767837,1.745329,-0.000000,0.000000,0
0.768836,1.745329,-0.000000,0.000000,0
0.769836,1.745329,-0.000000,0.000000,0
0.770836,1.745329,-0.000000,0.000000,0
0.771836,1.745329,-0.000000,0.000000,0
0.772836,1.745329,-0.000000,0.000000,0
0.773835,1.745329,-0.000000,0.000000,0
0.774835,1.745329,-0.000000,0.000000,0
0.775835,1.745329,-0.000000,0.000000,0
0.776835,1.745329,-0.000000,0.000000,0
0.777834,1.745329,-0.000000,0.000000,0
0.778834,1.745329,-0.000000,0.000000,0
0.779834,1.745329,-0.000000,0.000000,0
0.780834,1.745329,-0.000000,0.000000,0
0.781834,1.745329,-0.000000,0.000000,0
0.782833,1.745329,-0.000000,0.000000,0
0.783833,1.745329,-0.000000,0.000000,0
0.784833,1.745329,-0.000000,0.000000,0
0.785833,1.745329,-0.000000,0.000000,0
0.786833,1.745329,-0.000000,0.000000,0
0.787832,1.745329,-0.000000,0.000000,0
0.788832,1.745329,-0.000000,0.000000,0
0.789832,1.745329,-0.000000,0.000000,0
0.790832,1.745329,-0.000000,0.000000,0
0.791832,1.745329,-0.000000,0.000000,0
0.792831,1.745329,-0.000000,0.000000,0
0.793831,1.745329,-0.000000,0.000000,0
0.794831,1.745329,-0.000000,0.000000,0
0.795831,1.745329,-0.000000,0.000000,0
0.796830,1.745329,-0.000000,0.000000,0
0.797830,1.745329,-0.000000,0.000000,0
0.798830,1.745329,-0.000000,0.000000,0
0.799830,1.745329,-0.000000,0.000000,0
0.800830,1.745329,-0.000000,0.000000,0
0.801829,1.745329,-0.000000,0.000000,0
0.802829,1.745329,-0.000000,0.000000,0
0.803829,1.745329,-0.000000,0.000000,1
0.804829,1.738254,-0.000000,0.000000,1
0.805829,1.731098,-0.000000,0.000000,1
0.806828,1.723871,-0.000000,0.000000,1
0.807828,1.716585,-0.000000,0.000000,1
0.808828,1.709250,-0.000000,0.000000,1
0.809828,1.701876,-0.000000,0.000000,1
0.810827,1.694475,-0.000000,0.000000,1
0.811827,1.687055,-0.000000,0.000000,1
0.812827,1.679627,-0.000000,0.000000,1
0.813827,1.672200,-0.000000,0.000000,1
0.814827,1.664784,-0.000000,0.000000,1
0.815826,1.657389,-0.000000,0.000000,1
0.816826,1.650023,-0.000000,0.000000,1
0.817826,1.642696,-0.000000,0.000000,1
0.818826,1.635415,-0.000000,0.000000,1
0.819826,1.628191,-0.000000,0.000000,1
0.820825,1.621032,-0.000000,0.000000,1
0.821825,1.613945,-0.000000,0.000000,1
0.822825,1.606939,-0.000000,0.000000,1
0.823825,1.600022,-0.000000,0.000000,1
0.824824,1.593202,-0.000000,0.000000,1
0.825824,1.586486,-0.000000,0.000000,1
0.826824,1.579881,-0.000000,0.000000,1
0.827824,1.573396,-0.000000,0.000000,1
0.828824,1.567037,-0.000000,0.000000,1
0.829823,1.560811,-0.000000,0.000000,1
0.830823,1.554724,-0.000000,0.000000,1
0.831823,1.548784,-0.000000,0.000000,1
0.832823,1.542995,-0.000000,0.000000,1
0.833823,1.537366,-0.000000,0.000000,1
0.834822,1.531901,-0.000000,0.000000,1
0.835822,1.526606,-0.000000,0.000000,1
0.836822,1.521486,-0.000000,0.000000,1
0.837822,1.516548,-0.000000,0.000000,1
0.838822,1.511795,-0.000000,0.000000,1
0.839821,1.507234,-0.000000,0.000000,1
0.840821,1.502868,-0.000000,0.000000,1
0.841821,1.498701,-0.000000,0.000000,1
0.842821,1.494739,-0.000000,0.000000,1
0.843820,1.490985,-0.000000,0.000000,1
0.844820,1.487443,-0.000000,0.000000,1
0.845820,1.484116,-0.000000,0.000000,1
0.846820,1.481009,-0.000000,0.000000,1
0.847820,1.478122,-0.000000,0.000000,1
0.848819,1.475461,-0.000000,0.000000,1
0.849819,1.473027,-0.000000,0.000000,1
0.850819,1.470823,-0.000000,0.000000,1
0.851819,1.468850,-0.000000,0.000000,1
0.852819,1.467112,-0.000000,0.000000,1
0.853818,1.465609,-0.000000,0.000000,1
0.854818,1.464343,-0.000000,0.000000,1
0.855818,1.463316,-0.000000,0.000000,1
0.856818,1.462527,-0.000000,0.000000,1
0.857817,1.461979,-0.000000,0.000000,1
0.858817,1.461671,-0.000000,0.000000,1
0.859817,1.461605,-0.000000,0.000000,1
0.860817,1.461779,-0.000000,0.000000,1
0.861817,1.462194,-0.000000,0.000000,1
0.862816,1.462849,-0.000000,0.000000,1
0.863816,1.463744,-0.000000,0.000000,1
0.864816,1.464878,-0.000000,0.000000,1
0.865816,1.466250,-0.000000,0.000000,1
0.866816,1.467858,-0.000000,0.000000,1
0.867815,1.469701,-0.000000,0.000000,1
0.868815,1.471777,-0.000000,0.000000,1
0.869815,1.474084,-0.000000,0.000000,1
0.870815,1.476619,-0.000000,0.000000,1
0.871814,1.479381,-0.000000,0.000000,1
0.872814,1.482366,-0.000000,0.000000,1
0.873814,1.485572,-0.000000,0.000000,1
0.874814,1.488995,-0.000000,0.000000,1
0.875814,1.492632,-0.000000,0.000000,1
0.876813,1.496479,-0.000000,0.000000,1
0.877813,1.500533,-0.000000,0.000000,1
0.878813,1.504789,-0.000000,0.000000,1
0.879813,1.509243,-0.000000,0.000000,1
0.880813,1.513890,-0.000000,0.000000,1
0.881812,1.518726,-0.000000,0.000000,1
0.882812,1.523746,-0.000000,0.000000,1
0.883812,1.528944,-0.000000,0.000000,1
0.884812,1.534316,-0.000000,0.000000,1
0.885812,1.539855,-0.000000,0.000000,1
0.886811,1.545556,-0.000000,0.000000,1
0.887811,1.551413,-0.000000,0.000000,1
0.888811,1.557419,-0.000000,0.000000,1
0.889811,1.563569,-0.000000,0.000000,1
0.890810,1.569855,-0.000000,0.000000,1
0.891810,1.576271,-0.000000,0.000000,1
0.892810,1.582810,-0.000000,0.000000,1
0.893810,1.589465,-0.000000,0.000000,1
0.894810,1.596229,-0.000000,0.000000,1
0.895809,1.603093,-0.000000,0.000000,1
0.896809,1.610051,-0.000000,0.000000,1
0.897809,1.617094,-0.000000,0.000000,1
0.898809,1.624214,-0.000000,0.000000,1
0.899809,1.631403,-0.000000,0.000000,1
0.900808,1.638654,-0.000000,0.000000,1
0.901808,1.645956,-0.000000,0.000000,1
0.902808,1.653302,-0.000000,0.000000,1
0.903808,1.660682,-0.000000,0.000000,1
0.904807,1.668087,-0.000000,0.000000,1
0.905807,1.675509,-0.000000,0.000000,1
0.906807,1.682938,-0.000000,0.000000,1
0.907807,1.690363,-0.000000,0.000000,1
0.908807,1.697776,-0.000000,0.000000,1
0.909806,1.705167,-0.000000,0.000000,1
0.910806,1.712524,-0.000000,0.000000,1
0.911806,1.719839,-0.000000,0.000000,1
0.912806,1.727100,-0.000000,0.000000,1
0.913806,1.734296,-0.000000,0.000000,1
0.914805,1.741418,-0.000000,0.000000,1
0.915805,1.745329,-0.000000,0.000000,0
0.916805,1.745329,-0.000000,0.000000,0
0.917805,1.745329,-0.000000,0.000000,0
0.918804,1.745329,-0.000000,0.000000,0
0.919804,1.745329,-0.000000,0.000000,0
0.920804,1.745329,-0.000000,0.000000,0
0.921804,1.745329,-0.000000,0.000000,0
0.922804,1.745329,-0.000000,0.000000,0
0.923803,1.745329,-0.000000,0.000000,0
0.924803,1.745329,-0.000000,0.000000,0
0.925803,1.745329,-0.000000,0.000000,0
0.926803,1.745329,-0.000000,0.000000,0
0.927803,1.745329,-0.000000,0.000000,0
0.928802,1.745329,-0.000000,0.000000,0
0.929802,1.745329,-0.000000,0.000000,0
0.930802,1.745329,-0.000000,0.000000,0
0.931802,1.745329,-0.000000,0.000000,0
0.932802,1.745329,-0.000000,0.000000,0
0.933801,1.745329,-0.000000,0.000000,0
0.934801,1.745329,-0.000000,0.000000,0
0.935801,1.745329,-0.000000,0.000000,0
0.936801,1.745329,-0.000000,0.000000,0
0.937800,1.745329,-0.000000,0.000000,0
0.938800,1.745329,-0.000000,0.000000,0
0.939800,1.745329,-0.000000,0.000000,0
0.940800,1.745329,-0.000000,0.000000,0
0.941800,1.745329,-0.000000,0.000000,0
0.942799,1.745329,-0.000000,0.000000,0
0.943799,1.745329,-0.000000,0.000000,0
0.944799,1.745329,-0.000000,0.000000,0
0.945799,1.745329,-0.000000,0.000000,0
0.946799,1.745329,-0.000000,0.000000,0
0.947798,1.745329,-0.000000,0.000000,0
0.948798,1.745329,-0.000000,0.000000,0
0.949798,1.745329,-0.000000,0.000000,0
0.950798,1.745329,-0.000000,0.000000,0
0.951797,1.745329,-0.000000,0.000000,0
0.952797,1.745329,-0.000000,0.000000,0
0.953797,1.745329,-0.000000,0.000000,0
0.954797,1.745329,-0.000000,0.000000,0
0.955797,1.745329,-0.000000,0.000000,0
0.956796,1.745329,-0.000000,0.000000,0
0.957796,1.745329,-0.000000,0.000000,0
0.958796,1.745329,-0.000000,0.000000,0
0.959796,1.745329,-0.000000,0.000000,0
0.960796,1.745329,-0.000000,0.000000,0
0.961795,1.745329,-0.000000,0.000000,0
0.962795,1.745329,-0.000000,0.000000,0
0.963795,1.745329,-0.000000,0.000000,0
0.964795,1.745329,-0.000000,0.000000,0
0.965794,1.745329,-0.000000,0.000000,0
0.966794,1.745329,-0.000000,0.000000,0
0.967794,1.745329,-0.000000,0.000000,0
0.968794,1.745329,-0.000000,0.000000,0
0.969794,1.745329,-0.000000,0.000000,0
0.970793,1.745329,-0.000000,0.000000,0
0.971793,1.745329,-0.000000,0.000000,0
0.972793,1.745329,-0.000000,0.000000,0
0.973793,1.745329,-0.000000,0.000000,0
0.974793,1.745329,-0.000000,0.000000,0
0.975792,1.745329,-0.000000,0.000000,0
0.976792,1.745329,-0.000000,0.000000,0
0.977792,1.745329,-0.000000,0.000000,0
0.978792,1.745329,-0.000000,0.000000,0
0.979792,1.745329,-0.000000,0.000000,0
0.980791,1.745329,-0.000000,0.000000,0
0.981791,1.745329,-0.000000,0.000000,0
0.982791,1.745329,-0.000000,0.000000,0
0.983791,1.745329,-0.000000,0.000000,0
0.984790,1.745329,-0.000000,0.000000,0
0.985790,1.745329,-0.000000,0.000000,0
0.986790,1.745329,-0.000000,0.000000,0
0.987790,1.745329,-0.000000,0.000000,0
0.988790,1.745329,-0.000000,0.000000,0
0.989789,1.745329,-0.000000,0.000000,0
0.990789,1.745329,-0.000000,0.000000,0
0.991789,1.745329,-0.000000,0.000000,0
0.992789,1.745329,-0.000000,0.000000,0
0.993789,1.745329,-0.000000,0.000000,0
0.994788,1.745329,-0.000000,0.000000,0
0.995788,1.745329,-0.000000,0.000000,0
0.996788,1.745329,-0.000000,0.000000,0
0.997788,1.745329,-0.000000,0.000000,0
0.998787,1.745329,-0.000000,0.000000,0
0.999787,1.745329,-0.000000,0.000000,0
1.000787,1.745329,-0.000000,0.000000,0
1.001787,1.745329,-0.000000,0.000000,0
1.002787,1.745329,-0.000000,0.000000,0
1.003786,1.745329,-0.000000,0.000000,0
1.004786,1.745329,-0.000000,0.000000,0
1.005786,1.745329,-0.000000,0.000000,0
1.006786,1.745329,-0.000000,0.000000,0
1.007786,1.745329,-0.000000,0.000000,0
1.008785,1.745329,-0.000000,0.000000,0
1.009785,1.745329,-0.000000,0.000000,0
1.010785,1.745329,-0.000000,0.000000,0
1.011785,1.745329,-0.000000,0.000000,0
1.012784,1.745329,-0.000000,0.000000,0
1.013784,1.745329,-0.000000,0.000000,0
1.014784,1.745329,-0.000000,0.000000,0
1.015784,1.745329,-0.000000,0.000000,0
1.016784,1.745329,-0.000000,0.000000,0
1.017783,1.745329,-0.000000,0.000000,0
1.018783,1.745329,-0.000000,0.000000,0
1.019783,1.745329,-0.000000,0.000000,0
1.020783,1.745329,-0.000000,0.000000,0
1.021783,1.745329,-0.000000,0.000000,0
1.022782,1.745329,-0.000000,0.000000,0
1.023782,1.745329,-0.000000,0.000000,0
1.024782,1.745329,-0.000000,0.000000,0
1.025782,1.745329,-0.000000,0.000000,0
1.026782,1.745329,-0.000000,0.000000,0
1.027781,1.745329,-0.000000,0.000000,0
1.028781,1.745329,-0.000000,0.000000,0
1.029781,1.745329,-0.000000,0.000000,0
1.030781,1.745329,-0.000000,0.000000,0
1.031780,1.745329,-0.000000,0.000000,0
1.032780,1.745329,-0.000000,0.000000,0
1.033780,1.745329,-0.000000,0.000000,0
1.034780,1.745329,-0.000000,0.000000,0
1.035780,1.745329,-0.000000,0.000000,0
1.036779,1.745329,-0.000000,0.000000,0
1.037779,1.745329,-0.000000,0.000000,0
1.038779,1.745329,-0.000000,0.000000,0
1.039779,1.745329,-0.000000,0.000000,0
1.040779,1.745329,-0.000000,0.000000,0
1.041778,1.745329,-0.000000,0.000000,0
1.042778,1.745329,-0.000000,0.000000,0
1.043778,1.745329,-0.000000,0.000000,0
1.044778,1.745329,-0.000000,0.000000,0
1.045777,1.745329,-0.000000,0.000000,0
1.046777,1.745329,-0.000000,0.000000,0
1.047777,1.745329,-0.000000,0.000000,0
1.048777,1.745329,-0.000000,0.000000,0
1.049777,1.745329,-0.000000,0.000000,0
1.050776,1.745329,-0.000000,0.000000,0
1.051776,1.745329,-0.000000,0.000000,0
1.052776,1.745329,-0.000000,0.000000,0
1.053776,1.745329,-0.000000,0.000000,0
1.054776,1.745329,-0.000000,0.000000,0
1.055775,1.745329,-0.000000,0.000000,0
1.056775,1.745329,-0.000000,0.000000,0
1.057775,1.745329,-0.000000,0.000000,0
1.058775,1.745329,-0.000000,0.000000,0
1.059774,1.745329,-0.000000,0.000000,0
1.060774,1.745329,-0.000000,0.000000,0
1.061774,1.745329,-0.000000,0.000000,0
1.062774,1.745329,-0.000000,0.000000,0
1.063774,1.745329,-0.000000,0.000000,0
1.064773,1.745329,-0.000000,0.000000,0
1.065773,1.745329,-0.000000,0.000000,0
1.066773,1.745329,-0.000000,0.000000,0
1.067773,1.745329,-0.000000,0.000000,0
1.068773,1.745329,-0.000000,0.000000,0
1.069772,1.745329,-0.000000,0.000000,0
1.070772,1.745329,-0.000000,0.000000,0
1.071772,1.745329,-0.000000,0.000000,1
1.072772,1.738254,-0.000000,0.000000,1
1.073772,1.731098,-0.000000,0.000000,1
1.074771,1.723871,-0.000000,0.000000,1
1.075771,1.716585,-0.000000,0.000000,1
1.076771,1.709250,-0.000000,0.000000,1
1.077771,1.701876,-0.000000,0.000000,1
1.078770,1.694475,-0.000000,0.000000,1
1.079770,1.687055,-0.000000,0.000000,1
1.080770,1.679627,-0.000000,0.000000,1
1.081770,1.672200,-0.000000,0.000000,1
1.082770,1.664784,-0.000000,0.000000,1
1.083769,1.657389,-0.000000,0.000000,1
1.084769,1.650023,-0.000000,0.000000,1
1.085769,1.642696,-0.000000,0.000000,1
1.086769,1.635415,-0.000000,0.000000,1
1.087769,1.628191,-0.000000,0.000000,1
1.088768,1.621032,-0.000000,0.000000,1
1.089768,1.613945,-0.000000,0.000000,1
1.090768,1.606939,-0.000000,0.000000,1
1.091768,1.600022,-0.000000,0.000000,1
1.092767,1.593202,-0.000000,0.000000,1
1.093767,1.586486,-0.000000,0.000000,1
1.094767,1.579881,-0.000000,0.000000,1
1.095767,1.573396,-0.000000,0.000000,1
1.096767,1.567037,-0.000000,0.000000,1
1.097766,1.560811,-0.000000,0.000000,1
1.098766,1.554724,-0.000000,0.000000,1
1.099766,1.548784,-0.000000,0.000000,1
1.100766,1.542995,-0.000000,0.000000,1
1.101766,1.537366,-0.000000,0.000000,1
1.102765,1.531901,-0.000000,0.000000,1
1.103765,1.526606,-0.000000,0.000000,1
1.104765,1.521486,-0.000000,0.000000,1
1.105765,1.516548,-0.000000,0.000000,1
1.106764,1.511795,-0.000000,0.000000,1
1.107764,1.507234,-0.000000,0.000000,1
1.108764,1.502868,-0.000000,0.000000,1
1.109764,1.498701,-0.000000,0.000000,1
1.110764,1.494739,-0.000000,0.000000,1
1.111763,1.490985,-0.000000,0.000000,1
1.112763,1.487443,-0.000000,0.000000,1
1.113763,1.484116,-0.000000,0.000000,1
1.114763,1.481009,-0.000000,0.000000,1
1.115763,1.478122,-0.000000,0.000000,1
1.116762,1.475461,-0.000000,0.000000,1
1.117762,1.473027,-0.000000,0.000000,1
1.118762,1.470823,-0.000000,0.000000,1
1.119762,1.468850,-0.000000,0.000000,1
1.120762,1.467112,-0.000000,0.000000,1
1.121761,1.465609,-0.000000,0.000000,1
1.122761,1.464343,-0.000000,0.000000,1
1.123761,1.463316,-0.000000,0.000000,1
1.124761,1.462527,-0.000000,0.000000,1
1.125760,1.461979,-0.000000,0.000000,1
1.126760,1.461671,-0.000000,0.000000,1
1.127760,1.461605,-0.000000,0.000000,1
1.128760,1.461779,-0.000000,0.000000,1
1.129760,1.462194,-0.000000,0.000000,1
1.130759,1.462849,-0.000000,0.000000,1
1.131759,1.463744,-0.000000,0.000000,1
1.132759,1.464878,-0.000000,0.000000,1
1.133759,1.466250,-0.000000,0.000000,1
1.134759,1.467858,-0.000000,0.000000,1
1.135758,1.469701,-0.000000,0.000000,1
1.136758,1.471777,-0.000000,0.000000,1
1.137758,1.474084,-0.000000,0.000000,1
1.138758,1.476619,-0.000000,0.000000,1
1.139757,1.479381,-0.000000,0.000000,1
1.140757,1.482366,-0.000000,0.000000,1
1.141757,1.485572,-0.000000,0.000000,1
1.142757,1.488995,-0.000000,0.000000,1
1.143757,1.492632,-0.000000,0.000000,1
1.144756,1.496479,-0.000000,0.000000,1
1.145756,1.500533,-0.000000,0.000000,1
1.146756,1.504789,-0.000000,0.000000,1
1.147756,1.509243,-0.000000,0.000000,1
1.148756,1.513890,-0.000000,0.000000,1
1.149755,1.518726,-0.000000,0.000000,1
1.150755,1.523746,-0.000000,0.000000,1
1.151755,1.528944,-0.000000,0.000000,1
1.152755,1.534316,-0.000000,0.000000,1
1.153754,1.539855,-0.000000,0.000000,1
1.154754,1.545556,-0.000000,0.000000,1
1.155754,1.551413,-0.000000,0.000000,1
1.156754,1.557419,-0.000000,0.000000,1
1.157754,1.563569,-0.000000,0.000000,1
1.158753,1.569855,-0.000000,0.000000,1
1.159753,1.576271,-0.000000,0.000000,1
1.160753,1.582810,-0.000000,0.000000,1
1.161753,1.589465,-0.000000,0.000000,1
1.162753,1.596229,-0.000000,0.000000,1
1.163752,1.603093,-0.000000,0.000000,1
1.164752,1.610051,-0.000000,0.000000,1
1.165752,1.617094,-0.000000,0.000000,1
1.166752,1.624214,-0.000000,0.000000,1
1.167752,1.631403,-0.000000,0.000000,1
1.168751,1.638654,-0.000000,0.000000,1
1.169751,1.645956,-0.000000,0.000000,1
1.170751,1.653302,-0.000000,0.000000,1
1.171751,1.660682,-0.000000,0.000000,1
1.172750,1.668087,-0.000000,0.000000,1
1.173750,1.675509,-0.000000,0.000000,1
1.174750,1.682938,-0.000000,0.000000,1
1.175750,1.690363,-0.000000,0.000000,1
1.176750,1.697776,-0.000000,0.000000,1
1.177749,1.705167,-0.000000,0.000000,1
1.178749,1.712524,-0.000000,0.000000,1
1.179749,1.719839,-0.000000,0.000000,1
1.180749,1.727100,-0.000000,0.000000,1
1.181749,1.734296,-0.000000,0.000000,1
1.182748,1.741418,-0.000000,0.000000,1
1.183748,1.745329,-0.000000,0.000000,0
1.184748,1.745329,-0.000000,0.000000,0
1.185748,1.745329,-0.000000,0.000000,0
1.186747,1.745329,-0.000000,0.000000,0
1.187747,1.745329,-0.000000,0.000000,0
1.188747,1.745329,-0.000000,0.000000,0
1.189747,1.745329,-0.000000,0.000000,0
1.190747,1.745329,-0.000000,0.000000,0
1.191746,1.745329,-0.000000,0.000000,0
1.192746,1.745329,-0.000000,0.000000,0
1.193746,1.745329,-0.000000,0.000000,0
1.194746,1.745329,-0.000000,0.000000,0
1.195746,1.745329,-0.000000,0.000000,0
1.196745,1.745329,-0.000000,0.000000,0
1.197745,1.745329,-0.000000,0.000000,0
1.198745,1.745329,-0.000000,0.000000,0
1.199745,1.745329,-0.000000,0.000000,0
1.200744,1.745329,-0.000000,0.000000,0
1.201744,1.745329,-0.000000,0.000000,0
1.202744,1.745329,-0.000000,0.000000,0
1.203744,1.745329,-0.000000,0.000000,0
1.204744,1.745329,-0.000000,0.000000,0
1.205743,1.745329,-0.000000,0.000000,0
1.206743,1.745329,-0.000000,0.000000,0
1.207743,1.745329,-0.000000,0.000000,0
1.208743,1.745329,-0.000000,0.000000,0
1.209743,1.745329,-0.000000,0.000000,0
1.210742,1.745329,-0.000000,0.000000,0
1.211742,1.745329,-0.000000,0.000000,0
1.212742,1.745329,-0.000000,0.000000,0
1.213742,1.745329,-0.000000,0.000000,0
1.214742,1.745329,-0.000000,0.000000,0
1.215741,1.745329,-0.000000,0.000000,0
1.216741,1.745329,-0.000000,0.000000,0
1.217741,1.745329,-0.000000,0.000000,0
1.218741,1.745329,-0.000000,0.000000,0
1.219740,1.745329,-0.000000,0.000000,0
1.220740,1.745329,-0.000000,0.000000,0
1.221740,1.745329,-0.000000,0.000000,0
1.222740,1.745329,-0.000000,0.000000,0
1.223740,1.745329,-0.000000,0.000000,0
1.224739,1.745329,-0.000000,0.000000,0
1.225739,1.745329,-0.000000,0.000000,0
1.226739,1.745329,-0.000000,0.000000,0
1.227739,1.745329,-0.000000,0.000000,0
1.228739,1.745329,-0.000000,0.000000,0
1.229738,1.745329,-0.000000,0.000000,0
1.230738,1.745329,-0.000000,0.000000,0
1.231738,1.745329,-0.000000,0.000000,0
1.232738,1.745329,-0.000000,0.000000,0
1.233737,1.745329,-0.000000,0.000000,0
1.234737,1.745329,-0.000000,0.000000,0
1.235737,1.745329,-0.000000,0.000000,0
1.236737,1.745329,-0.000000,0.000000,0
1.237737,1.745329,-0.000000,0.000000,0
1.238736,1.745329,-0.000000,0.000000,0
1.239736,1.745329,-0.000000,0.000000,0
1.240736,1.745329,-0.000000,0.000000,0
1.241736,1.745329,-0.000000,0.000000,0
1.242736,1.745329,-0.000000,0.000000,0
1.243735,1.745329,-0.000000,0.000000,0
1.244735,1.745329,-0.000000,0.000000,0
1.245735,1.745329,-0.000000,0.000000,0
1.246735,1.745329,-0.000000,0.000000,0
1.247734,1.745329,-0.000000,0.000000,0
1.248734,1.745329,-0.000000,0.000000,0
1.249734,1.745329,-0.000000,0.000000,0
1.250734,1.745329,-0.000000,0.000000,0
1.251734,1.745329,-0.000000,0.000000,0
1.252733,1.745329,-0.000000,0.000000,0
1.253733,1.745329,-0.000000,0.000000,0
1.254733,1.745329,-0.000000,0.000000,0
1.255733,1.745329,-0.000000,0.000000,0
1.256733,1.745329,-0.000000,0.000000,0
1.257732,1.745329,-0.000000,0.000000,0
1.258732,1.745329,-0.000000,0.000000,0
1.259732,1.745329,-0.000000,0.000000,0
1.260732,1.745329,-0.000000,0.000000,0
1.261732,1.745329,-0.000000,0.000000,0
1.262731,1.745329,-0.000000,0.000000,0
1.263731,1.745329,-0.000000,0.000000,0
1.264731,1.745329,-0.000000,0.000000,0
1.265731,1.745329,-0.000000,0.000000,0
1.266730,1.745329,-0.000000,0.000000,0
1.267730,1.745329,-0.000000,0.000000,0
1.268730,1.745329,-0.000000,0.000000,0
1.269730,1.745329,-0.000000,0.000000,0
1.270730,1.745329,-0.000000,0.000000,0
1.271729,1.745329,-0.000000,0.000000,0
1.272729,1.745329,-0.000000,0.000000,0
1.273729,1.745329,-0.000000,0.000000,0
1.274729,1.745329,-0.000000,0.000000,0
1.275729,1.745329,-0.000000,0.000000,0
1.276728,1.745329,-0.000000,0.000000,0
1.277728,1.745329,-0.000000,0.000000,0
1.278728,1.745329,-0.000000,0.000000,0
1.279728,1.745329,-0.000000,0.000000,0
1.280727,1.745329,-0.000000,0.000000,0
1.281727,1.745329,-0.000000,0.000000,0
1.282727,1.745329,-0.000000,0.000000,0
1.283727,1.745329,-0.000000,0.000000,0
1.284727,1.745329,-0.000000,0.000000,0
1.285726,1.745329,-0.000000,0.000000,0
1.286726,1.745329,-0.000000,0.000000,0
1.287726,1.745329,-0.000000,0.000000,0
1.288726,1.745329,-0.000000,0.000000,0
1.289726,1.745329,-0.000000,0.000000,0
1.290725,1.745329,-0.000000,0.000000,0
1.291725,1.745329,-0.000000,0.000000,0
1.292725,1.745329,-0.000000,0.000000,0
1.293725,1.745329,-0.000000,0.000000,0
1.294724,1.745329,-0.000000,0.000000,0
1.295724,1.745329,-0.000000,0.000000,0
1.296724,1.745329,-0.000000,0.000000,0
1.297724,1.745329,-0.000000,0.000000,0
1.298724,1.745329,-0.000000,0.000000,0
1.299723,1.745329,-0.000000,0.000000,0
1.300723,1.745329,-0.000000,0.000000,0
1.301723,1.745329,-0.000000,0.000000,0
1.302723,1.745329,-0.000000,0.000000,0
1.303723,1.745329,-0.000000,0.000000,0
1.304722,1.745329,-0.000000,0.000000,0
1.305722,1.745329,-0.000000,0.000000,0
1.306722,1.745329,-0.000000,0.000000,0
1.307722,1.745329,-0.000000,0.000000,0
1.308722,1.745329,-0.000000,0.000000,0
1.309721,1.745329,-0.000000,0.000000,0
1.310721,1.745329,-0.000000,0.000000,0
1.311721,1.745329,-0.000000,0.000000,0
1.312721,1.745329,-0.000000,0.000000,0
1.313720,1.745329,-0.000000,0.000000,0
1.314720,1.745329,-0.000000,0.000000,0
1.315720,1.745329,-0.000000,0.000000,0
1.316720,1.745329,-0.000000,0.000000,0
1.317720,1.745329,-0.000000,0.000000,0
1.318719,1.745329,-0.000000,0.000000,0
1.319719,1.745329,-0.000000,0.000000,0
1.320719,1.745329,-0.000000,0.000000,0
1.321719,1.745329,-0.000000,0.000000,0
1.322719,1.745329,-0.000000,0.000000,0
1.323718,1.745329,-0.000000,0.000000,0
1.324718,1.745329,-0.000000,0.000000,0
1.325718,1.745329,-0.000000,0.000000,0
1.326718,1.745329,-0.000000,0.000000,0
1.327717,1.745329,-0.000000,0.000000,0
1.328717,1.745329,-0.000000,0.000000,0
1.329717,1.745329,-0.000000,0.000000,0
1.330717,1.745329,-0.000000,0.000000,0
1.331717,1.745329,-0.000000,0.000000,0
1.332716,1.745329,-0.000000,0.000000,0
1.333716,1.745329,-0.000000,0.000000,0
1.334716,1.745329,-0.000000,0.000000,0
1.335716,1.745329,-0.000000,0.000000,0
1.336716,1.745329,-0.000000,0.000000,0
1.337715,1.745329,-0.000000,0.000000,0
1.338715,1.745329,-0.000000,0.000000,0
1.339715,1.745329,-0.000000,0.000000,1
1.340715,1.738254,-0.000000,0.000000,1
1.341714,1.731098,-0.000000,0.000000,1
1.342714,1.723871,-0.000000,0.000000,1
1.343714,1.716585,-0.000000,0.000000,1
1.344714,1.709250,-0.000000,0.000000,1
1.345714,1.701876,-0.000000,0.000000,1
1.346713,1.694475,-0.000000,0.000000,1
1.347713,1.687055,-0.000000,0.000000,1
1.348713,1.679627,-0.000000,0.000000,1
1.349713,1.672200,-0.000000,0.000000,1
1.350713,1.664784,-0.000000,0.000000,1
1.351712,1.657389,-0.000000,0.000000,1
1.352712,1.650023,-0.000000,0.000000,1
1.353712,1.642696,-0.000000,0.000000,1
1.354712,1.635415,-0.000000,0.000000,1
1.355712,1.628191,-0.000000,0.000000,1
1.356711,1.621032,-0.000000,0.000000,1
1.357711,1.613945,-0.000000,0.000000,1
1.358711,1.606939,-0.000000,0.000000,1
1.359711,1.600022,-0.000000,0.000000,1
1.360710,1.593202,-0.000000,0.000000,1
1.361710,1.586486,-0.000000,0.000000,1
1.362710,1.579881,-0.000000,0.000000,1
1.363710,1.573396,-0.000000,0.000000,1
1.364710,1.567037,-0.000000,0.000000,1
1.365709,1.560811,-0.000000,0.000000,1
1.366709,1.554724,-0.000000,0.000000,1
1.367709,1.548784,-0.000000,0.000000,1
1.368709,1.542995,-0.000000,0.000000,1
1.369709,1.537366,-0.000000,0.000000,1
1.370708,1.531901,-0.000000,0.000000,1
1.371708,1.526606,-0.000000,0.000000,1
1.372708,1.521486,-0.000000,0.000000,1
1.373708,1.516548,-0.000000,0.000000,1
1.374707,1.511795,-0.000000,0.000000,1
1.375707,1.507234,-0.000000,0.000000,1
1.376707,1.502868,-0.000000,0.000000,1
1.377707,1.498701,-0.000000,0.000000,1
1.378707,1.494739,-0.000000,0.000000,1
1.379706,1.490985,-0.000000,0.000000,1
1.380706,1.487443,-0.000000,0.000000,1
1.381706,1.484116,-0.000000,0.000000,1
1.382706,1.481009,-0.000000,0.000000,1
1.383706,1.478122,-0.000000,0.000000,1
1.384705,1.475461,-0.000000,0.000000,1
1.385705,1.473027,-0.000000,0.000000,1
1.386705,1.470823,-0.000000,0.000000,1
1.387705,1.468850,-0.000000,0.000000,1
1.388704,1.467112,-0.000000,0.000000,1
1.389704,1.465609,-0.000000,0.000000,1
1.390704,1.464343,-0.000000,0.000000,1
1.391704,1.463316,-0.000000,0.000000,1
1.392704,1.462527,-0.000000,0.000000,1
1.393703,1.461979,-0.000000,0.000000,1
1.394703,1.461671,-0.000000,0.000000,1
1.395703,1.461605,-0.000000,0.000000,1
1.396703,1.461779,-0.000000,0.000000,1
1.397703,1.462194,-0.000000,0.000000,1
1.398702,1.462849,-0.000000,0.000000,1
1.399702,1.463744,-0.000000,0.000000,1
1.400702,1.464878,-0.000000,0.000000,1
1.401702,1.466250,-0.000000,0.000000,1
1.402702,1.467858,-0.000000,0.000000,1
1.403701,1.469701,-0.000000,0.000000,1
1.404701,1.471777,-0.000000,0.000000,1
1.405701,1.474084,-0.000000,0.000000,1
1.406701,1.476619,-0.000000,0.000000,1
1.407700,1.479381,-0.000000,0.000000,1
1.408700,1.482366,-0.000000,0.000000,1
1.409700,1.485572,-0.000000,0.000000,1
1.410700,1.488995,-0.000000,0.000000,1
1.411700,1.492632,-0.000000,0.000000,1
1.412699,1.496479,-0.000000,0.000000,1
1.413699,1.500533,-0.000000,0.000000,1
1.414699,1.504789,-0.000000,0.000000,1
1.415699,1.509243,-0.000000,0.000000,1
1.416699,1.513890,-0.000000,0.000000,1
1.417698,1.518726,-0.000000,0.000000,1
1.418698,1.523746,-0.000000,0.000000,1
1.419698,1.528944,-0.000000,0.000000,1
1.420698,1.534316,-0.000000,0.000000,1
1.421697,1.539855,-0.000000,0.000000,1
1.422697,1.545556,-0.000000,0.000000,1
1.423697,1.551413,-0.000000,0.000000,1
1.424697,1.557419,-0.000000,0.000000,1
1.425697,1.563569,-0.000000,0.000000,1
1.426696,1.569855,-0.000000,0.000000,1
1.427696,1.576271,-0.000000,0.000000,1
1.428696,1.582810,-0.000000,0.000000,1
1.429696,1.589465,-0.000000,0.000000,1
1.430696,1.596229,-0.000000,0.000000,1
1.431695,1.603093,-0.000000,0.000000,1
1.432695,1.610051,-0.000000,0.000000,1
1.433695,1.617094,-0.000000,0.000000,1
1.434695,1.624214,-0.000000,0.000000,1
1.435695,1.631403,-0.000000,0.000000,1
1.436694,1.638654,-0.000000,0.000000,1
1.437694,1.645956,-0.000000,0.000000,1
1.438694,1.653302,-0.000000,0.000000,1
1.439694,1.660682,-0.000000,0.000000,1
1.440693,1.668087,-0.000000,0.000000,1
1.441693,1.675509,-0.000000,0.000000,1
1.442693,1.682938,-0.000000,0.000000,1
1.443693,1.690363,-0.000000,0.000000,1
1.444693,1.697776,-0.000000,0.000000,1
1.445692,1.705167,-0.000000,0.000000,1
1.446692,1.712524,-0.000000,0.000000,1
1.447692,1.719839,-0.000000,0.000000,1
1.448692,1.727100,-0.000000,0.000000,1
1.449692,1.734296,-0.000000,0.000000,1
1.450691,1.741418,-0.000000,0.000000,1
1.451691,1.745329,-0.000000,0.000000,0
1.452691,1.745329,-0.000000,0.000000,0
1.453691,1.745329,-0.000000,0.000000,0
1.454690,1.745329,-0.000000,0.000000,0
1.455690,1.745329,-0.000000,0.000000,0
1.456690,1.745329,-0.000000,0.000000,0
1.457690,1.745329,-0.000000,0.000000,0
1.458690,1.745329,-0.000000,0.000000,0
1.459689,1.745329,-0.000000,0.000000,0
1.460689,1.745329,-0.000000,0.000000,0
1.461689,1.745329,-0.000000,0.000000,0
1.462689,1.745329,-0.000000,0.000000,0
1.463689,1.745329,-0.000000,0.000000,0
1.464688,1.745329,-0.000000,0.000000,0
1.465688,1.745329,-0.000000,0.000000,0
1.466688,1.745329,-0.000000,0.000000,0
1.467688,1.745329,-0.000000,0.000000,0
1.468687,1.745329,-0.000000,0.000000,0
1.469687,1.745329,-0.000000,0.000000,0
1.470687,1.745329,-0.000000,0.000000,0
1.471687,1.745329,-0.000000,0.000000,0
1.472687,1.745329,-0.000000,0.000000,0
1.473686,1.745329,-0.000000,0.000000,0
1.474686,1.745329,-0.000000,0.000000,0
1.475686,1.745329,-0.000000,0.000000,0
1.476686,1.745329,-0.000000,0.000000,0
1.477686,1.745329,-0.000000,0.000000,0
1.478685,1.745329,-0.000000,0.000000,0
1.479685,1.745329,-0.000000,0.000000,0
1.480685,1.745329,-0.000000,0.000000,0
1.481685,1.745329,-0.000000,0.000000,0
1.482685,1.745329,-0.000000,0.000000,0
1.483684,1.745329,-0.000000,0.000000,0
1.484684,1.745329,-0.000000,0.000000,0
1.485684,1.745329,-0.000000,0.000000,0
1.486684,1.745329,-0.000000,0.000000,0
1.487683,1.745329,-0.000000,0.000000,0
1.488683,1.745329,-0.000000,0.000000,0
1.489683,1.745329,-0.000000,0.000000,0
1.490683,1.745329,-0.000000,0.000000,0
1.491683,1.745329,-0.000000,0.000000,0
1.492682,1.745329,-0.000000,0.000000,0
1.493682,1.745329,-0.000000,0.000000,0
1.494682,1.745329,-0.000000,0.000000,0
1.495682,1.745329,-0.000000,0.000000,0
1.496682,1.745329,-0.000000,0.000000,0
1.497681,1.745329,-0.000000,0.000000,0
1.498681,1.745329,-0.000000,0.000000,0
1.499681,1.745329,-0.000000,0.000000,0
1.500681,1.745329,-0.000000,0.000000,0
1.501680,1.745329,-0.000000,0.000000,0
1.502680,1.745329,-0.000000,0.000000,0
1.503680,1.745329,-0.000000,0.000000,0
1.504680,1.745329,-0.000000,0.000000,0
1.505680,1.745329,-0.000000,0.000000,0
1.506679,1.745329,-0.000000,0.000000,0
1.507679,1.745329,-0.000000,0.000000,0
1.508679,1.745329,-0.000000,0.000000,0
1.509679,1.745329,-0.000000,0.000000,0
1.510679,1.745329,-0.000000,0.000000,0
1.511678,1.745329,-0.000000,0.000000,0
1.512678,1.745329,-0.000000,0.000000,0
1.513678,1.745329,-0.000000,0.000000,0
1.514678,1.745329,-0.000000,0.000000,0
1.515677,1.745329,-0.000000,0.000000,0
1.516677,1.745329,-0.000000,0.000000,0
1.517677,1.745329,-0.000000,0.000000,0
1.518677,1.745329,-0.000000,0.000000,0
1.519677,1.745329,-0.000000,0.000000,0
1.520676,1.745329,-0.000000,0.000000,0
1.521676,1.745329,-0.000000,0.000000,0
1.522676,1.745329,-0.000000,0.000000,0
1.523676,1.745329,-0.000000,0.000000,0
1.524676,1.745329,-0.000000,0.000000,0
1.525675,1.745329,-0.000000,0.000000,0
1.526675,1.745329,-0.000000,0.000000,0
1.527675,1.745329,-0.000000,0.000000,0
1.528675,1.745329,-0.000000,0.000000,0
1.529675,1.745329,-0.000000,0.000000,0
1.530674,1.745329,-0.000000,0.000000,0
1.531674,1.745329,-0.000000,0.000000,0
1.532674,1.745329,-0.000000,0.000000,0
1.533674,1.745329,-0.000000,0.000000,0
1.534673,1.745329,-0.000000,0.000000,0
1.535673,1.745329,-0.000000,0.000000,0
1.536673,1.745329,-0.000000,0.000000,0
1.537673,1.745329,-0.000000,0.000000,0
1.538673,1.745329,-0.000000,0.000000,0
1.539672,1.745329,-0.000000,0.000000,0
1.540672,1.745329,-0.000000,0.000000,0
1.541672,1.745329,-0.000000,0.000000,0
1.542672,1.745329,-0.000000,0.000000,0
1.543672,1.745329,-0.000000,0.000000,0
1.544671,1.745329,-0.000000,0.000000,0
1.545671,1.745329,-0.000000,0.000000,0
1.546671,1.745329,-0.000000,0.000000,0
1.547671,1.745329,-0.000000,0.000000,0
1.548670,1.745329,-0.000000,0.000000,0
1.549670,1.745329,-0.000000,0.000000,0
1.550670,1.745329,-0.000000,0.000000,0
1.551670,1.745329,-0.000000,0.000000,0
1.552670,1.745329,-0.000000,0.000000,0
1.553669,1.745329,-0.000000,0.000000,0
1.554669,1.745329,-0.000000,0.000000,0
1.555669,1.745329,-0.000000,0.000000,0
1.556669,1.745329,-0.000000,0.000000,0
1.557669,1.745329,-0.000000,0.000000,0
1.558668,1.745329,-0.000000,0.000000,0
1.559668,1.745329,-0.000000,0.000000,0
1.560668,1.745329,-0.000000,0.000000,0
1.561668,1.745329,-0.000000,0.000000,0
1.562667,1.745329,-0.000000,0.000000,0
1.563667,1.745329,-0.000000,0.000000,0
1.564667,1.745329,-0.000000,0.000000,0
1.565667,1.745329,-0.000000,0.000000,0
1.566667,1.745329,-0.000000,0.000000,0
1.567666,1.745329,-0.000000,0.000000,0
1.568666,1.745329,-0.000000,0.000000,0
1.569666,1.745329,-0.000000,0.000000,0
1.570666,1.745329,-0.000000,0.000000,0
1.571666,1.745329,-0.000000,0.000000,0
1.572665,1.745329,-0.000000,0.000000,0
1.573665,1.745329,-0.000000,0.000000,0
1.574665,1.745329,-0.000000,0.000000,0
1.575665,1.745329,-0.000000,0.000000,0
1.576665,1.745329,-0.000000,0.000000,0
1.577664,1.745329,-0.000000,0.000000,0
1.578664,1.745329,-0.000000,0.000000,0
1.579664,1.745329,-0.000000,0.000000,0
1.580664,1.745329,-0.000000,0.000000,0
1.581663,1.745329,-0.000000,0.000000,0
1.582663,1.745329,-0.000000,0.000000,0
1.583663,1.745329,-0.000000,0.000000,0
1.584663,1.745329,-0.000000,0.000000,0
1.585663,1.745329,-0.000000,0.000000,0
1.586662,1.745329,-0.000000,0.000000,0
1.587662,1.745329,-0.000000,0.000000,0
1.588662,1.745329,-0.000000,0.000000,0
1.589662,1.745329,-0.000000,0.000000,0
1.590662,1.745329,-0.000000,0.000000,0
1.591661,1.745329,-0.000000,0.000000,0
1.592661,1.745329,-0.000000,0.000000,0
1.593661,1.745329,-0.000000,0.000000,0
1.594661,1.745329,-0.000000,0.000000,0
1.595660,1.745329,-0.000000,0.000000,0
1.596660,1.745329,-0.000000,0.000000,0
1.597660,1.745329,-0.000000,0.000000,0
1.598660,1.745329,-0.000000,0.000000,0
1.599660,1.745329,-0.000000,0.000000,0
1.600659,1.745329,-0.000000,0.000000,0
1.601659,1.745329,-0.000000,0.000000,0
1.602659,1.745329,-0.000000,0.000000,0
1.603659,1.745329,-0.000000,0.000000,0
1.604659,1.745329,-0.000000,0.000000,0
1.605658,1.745329,-0.000000,0.000000,0
1.606658,1.745329,-0.000000,0.000000,0
1.607658,1.745329,-0.000000,0.000000,1
1.608658,1.738254,-0.000000,0.000000,1
1.609657,1.731098,-0.000000,0.000000,1
1.610657,1.723871,-0.000000,0.000000,1
1.611657,1.716585,-0.000000,0.000000,1
1.612657,1.709250,-0.000000,0.000000,1
1.613657,1.701876,-0.000000,0.000000,1
1.614656,1.694475,-0.000000,0.000000,1
1.615656,1.687055,-0.000000,0.000000,1
1.616656,1.679627,-0.000000,0.000000,1
1.617656,1.672200,-0.000000,0.000000,1
1.618656,1.664784,-0.000000,0.000000,1
1.619655,1.657389,-0.000000,0.000000,1
1.620655,1.650023,-0.000000,0.000000,1
1.621655,1.642696,-0.000000,0.000000,1
1.622655,1.635415,-0.000000,0.000000,1
1.623655,1.628191,-0.000000,0.000000,1
1.624654,1.621032,-0.000000,0.000000,1
1.625654,1.613945,-0.000000,0.000000,1
1.626654,1.606939,-0.000000,0.000000,1
1.627654,1.600022,-0.000000,0.000000,1
1.628653,1.593202,-0.000000,0.000000,1
1.629653,1.586486,-0.000000,0.000000,1
1.630653,1.579881,-0.000000,0.000000,1
1.631653,1.573396,-0.000000,0.000000,1
1.632653,1.567037,-0.000000,0.000000,1
1.633652,1.560811,-0.000000,0.000000,1
1.634652,1.554724,-0.000000,0.000000,1
1.635652,1.548784,-0.000000,0.000000,1
1.636652,1.542995,-0.000000,0.000000,1
1.637652,1.537366,-0.000000,0.000000,1
1.638651,1.531901,-0.000000,0.000000,1
1.639651,1.526606,-0.000000,0.000000,1
1.640651,1.521486,-0.000000,0.000000,1
1.641651,1.516548,-0.000000,0.000000,1
1.642650,1.511795,-0.000000,0.000000,1
1.643650,1.507234,-0.000000,0.000000,1
1.644650,1.502868,-0.000000,0.000000,1
1.645650,1.498701,-0.000000,0.000000,1
1.646650,1.494739,-0.000000,0.000000,1
1.647649,1.490985,-0.000000,0.000000,1
1.648649,1.487443,-0.000000,0.000000,1
1.649649,1.484116,-0.000000,0.000000,1
1.650649,1.481009,-0.000000,0.000000,1
1.651649,1.478122,-0.000000,0.000000,1
1.652648,1.475461,-0.000000,0.000000,1
1.653648,1.473027,-0.000000,0.000000,1
1.654648,1.470823,-0.000000,0.000000,1
1.655648,1.468850,-0.000000,0.000000,1
1.656647,1.467112,-0.000000,0.000000,1
1.657647,1.465609,-0.000000,0.000000,1
1.658647,1.464343,-0.000000,0.000000,1
1.659647,1.463316,-0.000000,0.000000,1
1.660647,1.462527,-0.000000,0.000000,1
1.661646,1.461979,-0.000000,0.000000,1
1.662646,1.461671,-0.000000,0.000000,1
1.663646,1.461605,-0.000000,0.000000,1
1.664646,1.461779,-0.000000,0.000000,1
1.665646,1.462194,-0.000000,0.000000,1
1.666645,1.462849,-0.000000,0.000000,1
1.667645,1.463744,-0.000000,0.000000,1
1.668645,1.464878,-0.000000,0.000000,1
1.669645,1.466250,-0.000000,0.000000,1
1.670645,1.467858,-0.000000,0.000000,1
1.671644,1.469701,-0.000000,0.000000,1
1.672644,1.471777,-0.000000,0.000000,1
1.673644,1.474084,-0.000000,0.000000,1
1.674644,1.476619,-0.000000,0.000000,1
1.675643,1.479381,-0.000000,0.000000,1
1.676643,1.482366,-0.000000,0.000000,1
1.677643,1.485572,-0.000000,0.000000,1
1.678643,1.488995,-0.000000,0.000000,1
1.679643,1.492632,-0.000000,0.000000,1
1.680642,1.496479,-0.000000,0.000000,1
1.681642,1.500533,-0.000000,0.000000,1
1.682642,1.504789,-0.000000,0.000000,1
1.683642,1.509243,-0.000000,0.000000,1
1.684642,1.513890,-0.000000,0.000000,1
1.685641,1.518726,-0.000000,0.000000,1
1.686641,1.523746,-0.000000,0.000000,1
1.687641,1.528944,-0.000000,0.000000,1
1.688641,1.534316,-0.000000,0.000000,1
1.689640,1.539855,-0.000000,0.000000,1
1.690640,1.545556,-0.000000,0.000000,1
1.691640,1.551413,-0.000000,0.000000,1
1.692640,1.557419,-0.000000,0.000000,1
1.693640,1.563569,-0.000000,0.000000,1
1.694639,1.569855,-0.000000,0.000000,1
1.695639,1.576271,-0.000000,0.000000,1
1.696639,1.582810,-0.000000,0.000000,1
1.697639,1.589465,-0.000000,0.000000,1
1.698639,1.596229,-0.000000,0.000000,1
1.699638,1.603093,-0.000000,0.000000,1
1.700638,1.610051,-0.000000,0.000000,1
1.701638,1.617094,-0.000000,0.000000,1
1.702638,1.624214,-0.000000,0.000000,1
1.703637,1.631403,-0.000000,0.000000,1
1.704637,1.638654,-0.000000,0.000000,1
1.705637,1.645956,-0.000000,0.000000,1
1.706637,1.653302,-0.000000,0.000000,1
1.707637,1.660682,-0.000000,0.000000,1
1.708636,1.668087,-0.000000,0.000000,1
1.709636,1.675509,-0.000000,0.000000,1
1.710636,1.682938,-0.000000,0.000000,1
1.711636,1.690363,-0.000000,0.000000,1
1.712636,1.697776,-0.000000,0.000000,1
1.713635,1.705167,-0.000000,0.000000,1
1.714635,1.712524,-0.000000,0.000000,1
1.715635,1.719839,-0.000000,0.000000,1
1.716635,1.727100,-0.000000,0.000000,1
1.717635,1.734296,-0.000000,0.000000,1
1.718634,1.741418,-0.000000,0.000000,1
1.719634,1.745329,-0.000000,0.000000,0
1.720634,1.745329,-0.000000,0.000000,0
1.721634,1.745329,-0.000000,0.000000,0
1.722633,1.745329,-0.000000,0.000000,0
1.723633,1.745329,-0.000000,0.000000,0
1.724633,1.745329,-0.000000,0.000000,0
1.725633,1.745329,-0.000000,0.000000,0
1.726633,1.745329,-0.000000,0.000000,0
1.727632,1.745329,-0.000000,0.000000,0
1.728632,1.745329,-0.000000,0.000000,0
1.729632,1.745329,-0.000000,0.000000,0
1.730632,1.745329,-0.000000,0.000000,0
1.731632,1.745329,-0.000000,0.000000,0
1.732631,1.745329,-0.000000,0.000000,0
1.733631,1.745329,-0.000000,0.000000,0
1.734631,1.745329,-0.000000,0.000000,0
1.735631,1.745329,-0.000000,0.000000,0
1.736630,1.745329,-0.000000,0.000000,0
1.737630,1.745329,-0.000000,0.000000,0
1.738630,1.745329,-0.000000,0.000000,0
1.739630,1.745329,-0.000000,0.000000,0
1.740630,1.745329,-0.000000,0.000000,0
1.741629,1.745329,-0.000000,0.000000,0
1.742629,1.745329,-0.000000,0.000000,0
1.743629,1.745329,-0.000000,0.000000,0
1.744629,1.745329,-0.000000,0.000000,0
1.745629,1.745329,-0.000000,0.000000,0
1.746628,1.745329,-0.000000,0.000000,0
1.747628,1.745329,-0.000000,0.000000,0
1.748628,1.745329,-0.000000,0.000000,0
1.749628,1.745329,-0.000000,0.000000,0
1.750627,1.745329,-0.000000,0.000000,0
1.751627,1.745329,-0.000000,0.000000,0
1.752627,1.745329,-0.000000,0.000000,0
1.753627,1.745329,-0.000000,0.000000,0
1.754627,1.745329,-0.000000,0.000000,0
1.755626,1.745329,-0.000000,0.000000,0
1.756626,1.745329,-0.000000,0.000000,0
1.757626,1.745329,-0.000000,0.000000,0
1.758626,1.745329,-0.000000,0.000000,0
1.759626,1.745329,-0.000000,0.000000,0
1.760625,1.745329,-0.000000,0.000000,0
1.761625,1.745329,-0.000000,0.000000,0
1.762625,1.745329,-0.000000,0.000000,0
1.763625,1.745329,-0.000000,0.000000,0
1.764625,1.745329,-0.000000,0.000000,0
1.765624,1.745329,-0.000000,0.000000,0
1.766624,1.745329,-0.000000,0.000000,0
1.767624,1.745329,-0.000000,0.000000,0
1.768624,1.745329,-0.000000,0.000000,0
1.769623,1.745329,-0.000000,0.000000,0
1.770623,1.745329,-0.000000,0.000000,0
1.771623,1.745329,-0.000000,0.000000,0
1.772623,1.745329,-0.000000,0.000000,0
1.773623,1.745329,-0.000000,0.000000,0
1.774622,1.745329,-0.000000,0.000000,0
1.775622,1.745329,-0.000000,0.000000,0
1.776622,1.745329,-0.000000,0.000000,0
1.777622,1.745329,-0.000000,0.000000,0
1.778622,1.745329,-0.000000,0.000000,0
1.779621,1.745329,-0.000000,0.000000,0
1.780621,1.745329,-0.000000,0.000000,0
1.781621,1.745329,-0.000000,0.000000,0
1.782621,1.745329,-0.000000,0.000000,0
1.783620,1.745329,-0.000000,0.000000,0
1.784620,1.745329,-0.000000,0.000000,0
1.785620,1.745329,-0.000000,0.000000,0
1.786620,1.745329,-0.000000,0.000000,0
1.787620,1.745329,-0.000000,0.000000,0
1.788619,1.745329,-0.000000,0.000000,0
1.789619,1.745329,-0.000000,0.000000,0
1.790619,1.745329,-0.000000,0.000000,0
1.791619,1.745329,-0.000000,0.000000,0
1.792619,1.745329,-0.000000,0.000000,0
1.793618,1.745329,-0.000000,0.000000,0
1.794618,1.745329,-0.000000,0.000000,0
1.795618,1.745329,-0.000000,0.000000,0
1.796618,1.745329,-0.000000,0.000000,0
1.797617,1.745329,-0.000000,0.000000,0
1.798617,1.745329,-0.000000,0.000000,0
1.799617,1.745329,-0.000000,0.000000,0
1.800617,1.745329,-0.000000,0.000000,0
1.801617,1.745329,-0.000000,0.000000,0
1.802616,1.745329,-0.000000,0.000000,0
1.803616,1.745329,-0.000000,0.000000,0
1.804616,1.745329,-0.000000,0.000000,0
1.805616,1.745329,-0.000000,0.000000,0
1.806616,1.745329,-0.000000,0.000000,0
1.807615,1.745329,-0.000000,0.000000,0
1.808615,1.745329,-0.000000,0.000000,0
1.809615,1.745329,-0.000000,0.000000,0
1.810615,1.745329,-0.000000,0.000000,0
1.811615,1.745329,-0.000000,0.000000,0
1.812614,1.745329,-0.000000,0.000000,0
1.813614,1.745329,-0.000000,0.000000,0
1.814614,1.745329,-0.000000,0.000000,0
1.815614,1.745329,-0.000000,0.000000,0
1.816613,1.745329,-0.000000,0.000000,0
1.817613,1.745329,-0.000000,0.000000,0
1.818613,1.745329,-0.000000,0.000000,0
1.819613,1.745329,-0.000000,0.000000,0
1.820613,1.745329,-0.000000,0.000000,0
1.821612,1.745329,-0.000000,0.000000,0
1.822612,1.745329,-0.000000,0.000000,0
1.823612,1.745329,-0.000000,0.000000,0
1.824612,1.745329,-0.000000,0.000000,0
1.825612,1.745329,-0.000000,0.000000,0
1.826611,1.745329,-0.000000,0.000000,0
1.827611,1.745329,-0.000000,0.000000,0
1.828611,1.745329,-0.000000,0.000000,0
1.829611,1.745329,-0.000000,0.000000,0
1.830610,1.745329,-0.000000,0.000000,0
1.831610,1.745329,-0.000000,0.000000,0
1.832610,1.745329,-0.000000,0.000000,0
1.833610,1.745329,-0.000000,0.000000,0
1.834610,1.745329,-0.000000,0.000000,0
1.835609,1.745329,-0.000000,0.000000,0
1.836609,1.745329,-0.000000,0.000000,0
1.837609,1.745329,-0.000000,0.000000,0
1.838609,1.745329,-0.000000,0.000000,0
1.839609,1.745329,-0.000000,0.000000,0
1.840608,1.745329,-0.000000,0.000000,0
1.841608,1.745329,-0.000000,0.000000,0
1.842608,1.745329,-0.000000,0.000000,0
1.843608,1.745329,-0.000000,0.000000,0
1.844607,1.745329,-0.000000,0.000000,0
1.845607,1.745329,-0.000000,0.000000,0
1.846607,1.745329,-0.000000,0.000000,0
1.847607,1.745329,-0.000000,0.000000,0
1.848607,1.745329,-0.000000,0.000000,0
1.849606,1.745329,-0.000000,0.000000,0
1.850606,1.745329,-0.000000,0.000000,0
1.851606,1.745329,-0.000000,0.000000,0
1.852606,1.745329,-0.000000,0.000000,0
1.853606,1.745329,-0.000000,0.000000,0
1.854605,1.745329,-0.000000,0.000000,0
1.855605,1.745329,-0.000000,0.000000,0
1.856605,1.745329,-0.000000,0.000000,0
1.857605,1.745329,-0.000000,0.000000,0
1.858605,1.745329,-0.000000,0.000000,0
1.859604,1.745329,-0.000000,0.000000,0
1.860604,1.745329,-0.000000,0.000000,0
1.861604,1.745329,-0.000000,0.000000,0
1.862604,1.745329,-0.000000,0.000000,0
1.863603,1.745329,-0.000000,0.000000,0
1.864603,1.745329,-0.000000,0.000000,0
1.865603,1.745329,-0.000000,0.000000,0
1.866603,1.745329,-0.000000,0.000000,0
1.867603,1.745329,-0.000000,0.000000,0
1.868602,1.745329,-0.000000,0.000000,0
1.869602,1.745329,-0.000000,0.000000,0
1.870602,1.745329,-0.000000,0.000000,0
1.871602,1.745329,-0.000000,0.000000,0
1.872602,1.745329,-0.000000,0.000000,0
1.873601,1.745329,-0.000000,0.000000,0
1.874601,1.745329,-0.000000,0.000000,0
1.875601,1.745329,-0.000000,0.000000,1
1.876601,1.738254,-0.000000,0.000000,1
1.877600,1.731098,-0.000000,0.000000,1
1.878600,1.723871,-0.000000,0.000000,1
1.879600,1.716585,-0.000000,0.000000,1
1.880600,1.709250,-0.000000,0.000000,1
1.881600,1.701876,-0.000000,0.000000,1
1.882599,1.694475,-0.000000,0.000000,1
1.883599,1.687055,-0.000000,0.000000,1
1.884599,1.679627,-0.000000,0.000000,1
1.885599,1.672200,-0.000000,0.000000,1
1.886599,1.664784,-0.000000,0.000000,1
1.887598,1.657389,-0.000000,0.000000,1
1.888598,1.650023,-0.000000,0.000000,1
1.889598,1.642696,-0.000000,0.000000,1
1.890598,1.635415,-0.000000,0.000000,1
1.891597,1.628191,-0.000000,0.000000,1
1.892597,1.621032,-0.000000,0.000000,1
1.893597,1.613945,-0.000000,0.000000,1
1.894597,1.606939,-0.000000,0.000000,1
1.895597,1.600022,-0.000000,0.000000,1
1.896596,1.593202,-0.000000,0.000000,1
1.897596,1.586486,-0.000000,0.000000,1
1.898596,1.579881,-0.000000,0.000000,1
1.899596,1.573396,-0.000000,0.000000,1
1.900596,1.567037,-0.000000,0.000000,1
1.901595,1.560811,-0.000000,0.000000,1
1.902595,1.554724,-0.000000,0.000000,1
1.903595,1.548784,-0.000000,0.000000,1
1.904595,1.542995,-0.000000,0.000000,1
1.905595,1.537366,-0.000000,0.000000,1
1.906594,1.531901,-0.000000,0.000000,1
1.907594,1.526606,-0.000000,0.000000,1
1.908594,1.521486,-0.000000,0.000000,1
1.909594,1.516548,-0.000000,0.000000,1
1.910593,1.511795,-0.000000,0.000000,1
1.911593,1.507234,-0.000000,0.000000,1
1.912593,1.502868,-0.000000,0.000000,1
1.913593,1.498701,-0.000000,0.000000,1
1.914593,1.494739,-0.000000,0.000000,1
1.915592,1.490985,-0.000000,0.000000,1
1.916592,1.487443,-0.000000,0.000000,1
1.917592,1.484116,-0.000000,0.000000,1
1.918592,1.481009,-0.000000,0.000000,1
1.919592,1.478122,-0.000000,0.000000,1
1.920591,1.475461,-0.000000,0.000000,1
1.921591,1.473027,-0.000000,0.000000,1
1.922591,1.470823,-0.000000,0.000000,1
1.923591,1.468850,-0.000000,0.000000,1
1.924590,1.467112,-0.000000,0.000000,1
1.925590,1.465609,-0.000000,0.000000,1
1.926590,1.464343,-0.000000,0.000000,1
1.927590,1.463316,-0.000000,0.000000,1
1.928590,1.462527,-0.000000,0.000000,1
1.929589,1.461979,-0.000000,0.000000,1
1.930589,1.461671,-0.000000,0.000000,1
1.931589,1.461605,-0.000000,0.000000,1
1.932589,1.461779,-0.000000,0.000000,1
1.933589,1.462194,-0.000000,0.000000,1
1.934588,1.462849,-0.000000,0.000000,1
1.935588,1.463744,-0.000000,0.000000,1
1.936588,1.464878,-0.000000,0.000000,1
1.937588,1.466250,-0.000000,0.000000,1
1.938587,1.467858,-0.000000,0.000000,1
1.939587,1.469701,-0.000000,0.000000,1
1.940587,1.471777,-0.000000,0.000000,1
1.941587,1.474084,-0.000000,0.000000,1
1.942587,1.476619,-0.000000,0.000000,1
1.943586,1.479381,-0.000000,0.000000,1
1.944586,1.482366,-0.000000,0.000000,1
1.945586,1.485572,-0.000000,0.000000,1
1.946586,1.488995,-0.000000,0.000000,1
1.947586,1.492632,-0.000000,0.000000,1
1.948585,1.496479,-0.000000,0.000000,1
1.949585,1.500533,-0.000000,0.000000,1
1.950585,1.504789,-0.000000,0.000000,1
1.951585,1.509243,-0.000000,0.000000,1
1.952585,1.513890,-0.000000,0.000000,1
1.953584,1.518726,-0.000000,0.000000,1
1.954584,1.523746,-0.000000,0.000000,1
1.955584,1.528944,-0.000000,0.000000,1
1.956584,1.534316,-0.000000,0.000000,1
1.957583,1.539855,-0.000000,0.000000,1
1.958583,1.545556,-0.000000,0.000000,1
1.959583,1.551413,-0.000000,0.000000,1
1.960583,1.557419,-0.000000,0.000000,1
1.961583,1.563569,-0.000000,0.000000,1
1.962582,1.569855,-0.000000,0.000000,1
1.963582,1.576271,-0.000000,0.000000,1
1.964582,1.582810,-0.000000,0.000000,1
1.965582,1.589465,-0.000000,0.000000,1
1.966582,1.596229,-0.000000,0.000000,1
1.967581,1.603093,-0.000000,0.000000,1
1.968581,1.610051,-0.000000,0.000000,1
1.969581,1.617094,-0.000000,0.000000,1
1.970581,1.624214,-0.000000,0.000000,1
1.971580,1.631403,-0.000000,0.000000,1
1.972580,1.638654,-0.000000,0.000000,1
1.973580,1.645956,-0.000000,0.000000,1
1.974580,1.653302,-0.000000,0.000000,1
1.975580,1.660682,-0.000000,0.000000,1
1.976579,1.668087,-0.000000,0.000000,1
1.977579,1.675509,-0.000000,0.000000,1
1.978579,1.682938,-0.000000,0.000000,1
1.979579,1.690363,-0.000000,0.000000,1
1.980579,1.697776,-0.000000,0.000000,1
1.981578,1.705167,-0.000000,0.000000,1
1.982578,1.712524,-0.000000,0.000000,1
1.983578,1.719839,-0.000000,0.000000,1
1.984578,1.727100,-0.000000,0.000000,1
1.985577,1.734296,-0.000000,0.000000,1
1.986577,1.741418,-0.000000,0.000000,1
1.987577,1.745329,-0.000000,0.000000,0
1.988577,1.745329,-0.000000,0.000000,0
1.989577,1.745329,-0.000000,0.000000,0
1.990576,1.745329,-0.000000,0.000000,0
1.991576,1.745329,-0.000000,0.000000,0
1.992576,1.745329,-0.000000,0.000000,0
1.993576,1.745329,-0.000000,0.000000,0
1.994576,1.745329,-0.000000,0.000000,0
1.995575,1.745329,-0.000000,0.000000,0
1.996575,1.745329,-0.000000,0.000000,0
1.997575,1.745329,-0.000000,0.000000,0
1.998575,1.745329,-0.000000,0.000000,0
1.999575,1.745329,-0.000000,0.000000,0
2.000574,1.745329,-0.000000,0.000000,0
2.001574,1.745329,-0.000000,0.000000,0
2.002574,1.745329,-0.000000,0.000000,0
2.003574,1.745329,-0.000000,0.000000,0
2.004573,1.745329,-0.000000,0.000000,0
2.005573,1.745329,-0.000000,0.000000,0
2.006573,1.745329,-0.000000,0.000000,0
2.007573,1.745329,-0.000000,0.000000,0
2.008573,1.745329,-0.000000,0.000000,0
2.009572,1.745329,-0.000000,0.000000,0
2.010572,1.745329,-0.000000,0.000000,0
2.011572,1.745329,-0.000000,0.000000,0
2.012572,1.745329,-0.000000,0.000000,0
2.013572,1.745329,-0.000000,0.000000,0
2.014571,1.745329,-0.000000,0.000000,0
2.015571,1.745329,-0.000000,0.000000,0
2.016571,1.745329,-0.000000,0.000000,0
2.017571,1.745329,-0.000000,0.000000,0
2.018570,1.745329,-0.000000,0.000000,0
2.019570,1.745329,-0.000000,0.000000,0
2.020570,1.745329,-0.000000,0.000000,0
2.021570,1.745329,-0.000000,0.000000,0
2.022570,1.745329,-0.000000,0.000000,0
2.023569,1.745329,-0.000000,0.000000,0
2.024569,1.745329,-0.000000,0.000000,0
2.025569,1.745329,-0.000000,0.000000,0
2.026569,1.745329,-0.000000,0.000000,0
2.027569,1.745329,-0.000000,0.000000,0
2.028568,1.745329,-0.000000,0.000000,0
2.029568,1.745329,-0.000000,0.000000,0
2.030568,1.745329,-0.000000,0.000000,0
2.031568,1.745329,-0.000000,0.000000,0
2.032567,1.745329,-0.000000,0.000000,0
2.033567,1.745329,-0.000000,0.000000,0
2.034567,1.745329,-0.000000,0.000000,0
2.035567,1.745329,-0.000000,0.000000,0
2.036567,1.745329,-0.000000,0.000000,0
2.037566,1.745329,-0.000000,0.000000,0
2.038566,1.745329,-0.000000,0.000000,0
2.039566,1.745329,-0.000000,0.000000,0
2.040566,1.745329,-0.000000,0.000000,0
2.041566,1.745329,-0.000000,0.000000,0
2.042565,1.745329,-0.000000,0.000000,0
2.043565,1.745329,-0.000000,0.000000,0
2.044565,1.745329,-0.000000,0.000000,0
2.045565,1.745329,-0.000000,0.000000,0
2.046565,1.745329,-0.000000,0.000000,0
2.047564,1.745329,-0.000000,0.000000,0
2.048564,1.745329,-0.000000,0.000000,0
2.049564,1.745329,-0.000000,0.000000,0
2.050564,1.745329,-0.000000,0.000000,0
2.051563,1.745329,-0.000000,0.000000,0
2.052563,1.745329,-0.000000,0.000000,0
2.053563,1.745329,-0.000000,0.000000,0
2.054563,1.745329,-0.000000,0.000000,0
2.055563,1.745329,-0.000000,0.000000,0
2.056562,1.745329,-0.000000,0.000000,0
2.057562,1.745329,-0.000000,0.000000,0
2.058562,1.745329,-0.000000,0.000000,0
2.059562,1.745329,-0.000000,0.000000,0
2.060562,1.745329,-0.000000,0.000000,0
2.061561,1.745329,-0.000000,0.000000,0
2.062561,1.745329,-0.000000,0.000000,0
2.063561,1.745329,-0.000000,0.000000,0
2.064561,1.745329,-0.000000,0.000000,0
2.065560,1.745329,-0.000000,0.000000,0
2.066560,1.745329,-0.000000,0.000000,0
2.067560,1.745329,-0.000000,0.000000,0
2.068560,1.745329,-0.000000,0.000000,0
2.069560,1.745329,-0.000000,0.000000,0
2.070559,1.745329,-0.000000,0.000000,0
2.071559,1.745329,-0.000000,0.000000,0
2.072559,1.745329,-0.000000,0.000000,0
2.073559,1.745329,-0.000000,0.000000,0
2.074559,1.745329,-0.000000,0.000000,0
2.075558,1.745329,-0.000000,0.000000,0
2.076558,1.745329,-0.000000,0.000000,0
2.077558,1.745329,-0.000000,0.000000,0
2.078558,1.745329,-0.000000,0.000000,0
2.079557,1.745329,-0.000000,0.000000,0
2.080557,1.745329,-0.000000,0.000000,0
2.081557,1.745329,-0.000000,0.000000,0
2.082557,1.745329,-0.000000,0.000000,0
2.083557,1.745329,-0.000000,0.000000,0
2.084556,1.745329,-0.000000,0.000000,0
2.085556,1.745329,-0.000000,0.000000,0
2.086556,1.745329,-0.000000,0.000000,0
2.087556,1.745329,-0.000000,0.000000,0
2.088556,1.745329,-0.000000,0.000000,0
2.089555,1.745329,-0.000000,0.000000,0
2.090555,1.745329,-0.000000,0.000000,0
2.091555,1.745329,-0.000000,0.000000,0
2.092555,1.745329,-0.000000,0.000000,0
2.093555,1.745329,-0.000000,0.000000,0
2.094554,1.745329,-0.000000,0.000000,0
2.095554,1.745329,-0.000000,0.000000,0
2.096554,1.745329,-0.000000,0.000000,0
2.097554,1.745329,-0.000000,0.000000,0
2.098553,1.745329,-0.000000,0.000000,0
2.099553,1.745329,-0.000000,0.000000,0
2.100553,1.745329,-0.000000,0.000000,0
2.101553,1.745329,-0.000000,0.000000,0
2.102553,1.745329,-0.000000,0.000000,0
2.103552,1.745329,-0.000000,0.000000,0
2.104552,1.745329,-0.000000,0.000000,0
2.105552,1.745329,-0.000000,0.000000,0
2.106552,1.745329,-0.000000,0.000000,0
2.107552,1.745329,-0.000000,0.000000,0
2.108551,1.745329,-0.000000,0.000000,0
2.109551,1.745329,-0.000000,0.000000,0
2.110551,1.745329,-0.000000,0.000000,0
2.111551,1.745329,-0.000000,0.000000,0
2.112550,1.745329,-0.000000,0.000000,0
2.113550,1.745329,-0.000000,0.000000,0
2.114550,1.745329,-0.000000,0.000000,0
2.115550,1.745329,-0.000000,0.000000,0
2.116550,1.745329,-0.000000,0.000000,0
2.117549,1.745329,-0.000000,0.000000,0
2.118549,1.745329,-0.000000,0.000000,0
2.119549,1.745329,-0.000000,0.000000,0
2.120549,1.745329,-0.000000,0.000000,0
2.121549,1.745329,-0.000000,0.000000,0
2.122548,1.745329,-0.000000,0.000000,0
2.123548,1.745329,-0.000000,0.000000,0
2.124548,1.745329,-0.000000,0.000000,0
2.125548,1.745329,-0.000000,0.000000,0
2.126547,1.745329,-0.000000,0.000000,0
2.127547,1.745329,-0.000000,0.000000,0
2.128547,1.745329,-0.000000,0.000000,0
2.129547,1.745329,-0.000000,0.000000,0
2.130547,1.745329,-0.000000,0.000000,0
2.131546,1.745329,-0.000000,0.000000,0
2.132546,1.745329,-0.000000,0.000000,0
2.133546,1.745329,-0.000000,0.000000,0
2.134546,1.745329,-0.000000,0.000000,0
2.135546,1.745329,-0.000000,0.000000,0
2.136545,1.745329,-0.000000,0.000000,0
2.137545,1.745329,-0.000000,0.000000,0
2.138545,1.745329,-0.000000,0.000000,0
2.139545,1.745329,-0.000000,0.000000,0
2.140545,1.745329,-0.000000,0.000000,0
2.141544,1.745329,-0.000000,0.000000,0
2.142544,1.745329,-0.000000,0.000000,0
2.143544,1.745329,0.122173,0.000000,1
2.144543,1.739781,0.120252,0.000000,1
2.145541,1.734157,0.118327,0.000000,1
2.146540,1.728466,0.116397,0.000000,1
2.147538,1.722717,0.114462,0.000000,1
2.148537,1.716918,0.112521,0.000000,1
2.149536,1.711078,0.110574,0.000000,1
2.150534,1.705205,0.108621,0.000000,1
2.151533,1.699307,0.106660,0.000000,1
2.152532,1.693393,0.104693,0.000000,1
2.153530,1.687470,0.102719,0.000000,1
2.154529,1.681545,0.100737,0.000000,1
2.155528,1.675627,0.098747,0.000000,1
2.156526,1.669723,0.096749,0.000000,1
2.157525,1.663840,0.094744,0.000000,1
2.158523,1.657985,0.092729,0.000000,1
2.159522,1.652165,0.090706,0.000000,1
2.160521,1.646388,0.088675,0.000000,1
2.161519,1.640659,0.086635,0.000000,1
2.162518,1.634986,0.084586,0.000000,1
2.163517,1.629375,0.082529,0.000000,1
2.164515,1.623831,0.080463,0.000000,1
2.165514,1.618363,0.078387,0.000000,1
2.166513,1.612974,0.076304,0.000000,1
2.167511,1.607671,0.074211,0.000000,1
2.168510,1.602461,0.072109,0.000000,1
2.169508,1.597347,0.069999,0.000000,1
2.170507,1.592337,0.067881,0.000000,1
2.171506,1.587434,0.065754,0.000000,1
2.172504,1.582645,0.063618,0.000000,1
2.173503,1.577974,0.061475,0.000000,1
2.174502,1.573426,0.059323,0.000000,1
2.175500,1.569005,0.057164,0.000000,1
2.176499,1.564716,0.054996,0.000000,1
2.177498,1.560564,0.052822,0.000000,1
2.178496,1.556552,0.050640,0.000000,1
2.179495,1.552685,0.048451,0.000000,1
2.180494,1.548966,0.046255,0.000000,1
2.181492,1.545400,0.044052,0.000000,1
2.182491,1.541988,0.041843,0.000000,1
2.183489,1.538736,0.039628,0.000000,1
2.184488,1.535646,0.037407,0.000000,1
2.185487,1.532721,0.035181,0.000000,1
2.186485,1.529964,0.032949,0.000000,1
2.187484,1.527377,0.030712,0.000000,1
2.188483,1.524964,0.028471,0.000000,1
2.189481,1.522725,0.026225,0.000000,1
2.190480,1.520665,0.023975,0.000000,1
2.191479,1.518784,0.021722,0.000000,1
2.192477,1.517084,0.019465,0.000000,1
2.193476,1.515567,0.017205,0.000000,1
2.194474,1.514235,0.014943,0.000000,1
2.195473,1.513088,0.012678,0.000000,1
2.196472,1.512128,0.010411,0.000000,1
2.197470,1.511356,0.008143,0.000000,1
2.198469,1.510772,0.005873,0.000000,1
2.199468,1.510377,0.003602,0.000000,1
2.200466,1.510171,0.001331,0.000000,1
2.201465,1.510155,-0.000940,0.000000,1
2.202464,1.510328,-0.003212,0.000000,1
2.203462,1.510691,-0.005482,0.000000,1
2.204461,1.511242,-0.007752,0.000000,1
2.205459,1.511982,-0.010021,0.000000,1
2.206458,1.512910,-0.012288,0.000000,1
2.207457,1.514025,-0.014553,0.000000,1
2.208455,1.515325,-0.016816,0.000000,1
2.209454,1.516810,-0.019076,0.000000,1
2.210453,1.518478,-0.021334,0.000000,1
2.211451,1.520328,-0.023588,0.000000,1
2.212450,1.522358,-0.025838,0.000000,1
2.213449,1.524566,-0.028085,0.000000,1
2.214447,1.526949,-0.030327,0.000000,1
2.215446,1.529506,-0.032564,0.000000,1
2.216444,1.532234,-0.034797,0.000000,1
2.217443,1.535131,-0.037024,0.000000,1
2.218442,1.538193,-0.039246,0.000000,1
2.219440,1.541417,-0.041462,0.000000,1
2.220439,1.544801,-0.043672,0.000000,1
2.221438,1.548342,-0.045876,0.000000,1
2.222436,1.552034,-0.048073,0.000000,1
2.223435,1.555876,-0.050263,0.000000,1
2.224434,1.559864,-0.052447,0.000000,1
2.225432,1.563992,-0.054623,0.000000,1
2.226431,1.568257,-0.056791,0.000000,1
2.227430,1.572656,-0.058952,0.000000,1
2.228428,1.577182,-0.061105,0.000000,1
2.229427,1.581833,-0.063250,0.000000,1
2.230425,1.586602,-0.065387,0.000000,1
2.231424,1.591485,-0.067515,0.000000,1
2.232423,1.596478,-0.069635,0.000000,1
2.233421,1.601574,-0.071747,0.000000,1
2.234420,1.606768,-0.073850,0.000000,1
2.235419,1.612055,-0.075944,0.000000,1
2.236417,1.617429,-0.078029,0.000000,1
2.237416,1.622885,-0.080106,0.000000,1
2.238415,1.628416,-0.082174,0.000000,1
2.239413,1.634016,-0.084233,0.000000,1
2.240412,1.639679,-0.086283,0.000000,1
2.241410,1.645398,-0.088325,0.000000,1
2.242409,1.651168,-0.090358,0.000000,1
2.243408,1.656981,-0.092382,0.000000,1
2.244406,1.662830,-0.094397,0.000000,1
2.245405,1.668709,-0.096405,0.000000,1
2.246404,1.674610,-0.098404,0.000000,1
2.247402,1.680526,-0.100395,0.000000,1
2.248401,1.686450,-0.102378,0.000000,1
2.249400,1.692374,-0.104354,0.000000,1
2.250398,1.698290,-0.106322,0.000000,1
2.251397,1.704192,-0.108284,0.000000,1
2.252395,1.710069,-0.110238,0.000000,1
2.253394,1.715916,-0.112186,0.000000,1
2.254393,1.721722,-0.114128,0.000000,1
2.255391,1.727481,-0.116064,0.000000,1
2.256390,1.733182,-0.117995,0.000000,1
2.257389,1.738819,-0.119921,0.000000,1
2.258387,1.744380,-0.121843,0.000000,1
2.259386,1.745329,-0.122139,0.000000,0
2.260385,1.745329,-0.122008,0.000000,0
2.261383,1.745329,-0.121778,0.000000,0
2.262382,1.745329,-0.121449,0.000000,0
2.263381,1.745329,-0.121021,0.000000,0
2.264379,1.745329,-0.120495,0.000000,0
2.265378,1.745329,-0.119869,0.000000,0
2.266376,1.745329,-0.119145,0.000000,0
2.267375,1.745329,-0.118322,0.000000,0
2.268374,1.745329,-0.117400,0.000000,0
2.269372,1.745329,-0.116379,0.000000,0
2.270371,1.745329,-0.115260,0.000000,0
2.271370,1.745329,-0.114041,0.000000,0
2.272368,1.745329,-0.112724,0.000000,0
2.273367,1.745329,-0.111308,0.000000,0
2.274366,1.745329,-0.109793,0.000000,0
2.275364,1.745329,-0.108179,0.000000,0
2.276363,1.745329,-0.106467,0.000000,0
2.277361,1.745329,-0.104655,0.000000,0
2.278360,1.745329,-0.102745,0.000000,0
2.279359,1.745329,-0.100736,0.000000,0
2.280357,1.745329,-0.098628,0.000000,0
2.281356,1.745329,-0.096421,0.000000,0
2.282355,1.745329,-0.094115,0.000000,0
2.283353,1.745329,-0.091711,0.000000,0
2.284352,1.745329,-0.089208,0.000000,0
2.285351,1.745329,-0.086606,0.000000,0
2.286349,1.745329,-0.083905,0.000000,0
2.287348,1.745329,-0.081106,0.000000,0
2.288346,1.745329,-0.078268,0.000000,0
2.289345,1.745329,-0.075431,0.000000,0
2.290344,1.745329,-0.072594,0.000000,0
2.291342,1.745329,-0.069757,0.000000,0
2.292341,1.745329,-0.066919,0.000000,0
2.293340,1.745329,-0.064082,0.000000,0
2.294338,1.745329,-0.061245,0.000000,0
2.295337,1.745329,-0.058408,0.000000,0
2.296336,1.745329,-0.055570,0.000000,0
2.297334,1.745329,-0.052733,0.000000,0
2.298333,1.745329,-0.049896,0.000000,0
2.299331,1.745329,-0.047059,0.000000,0
2.300330,1.745329,-0.044221,0.000000,0
2.301329,1.745329,-0.041384,0.000000,0
2.302327,1.745329,-0.038547,0.000000,0
2.303326,1.745329,-0.035710,0.000000,0
2.304325,1.745329,-0.032872,0.000000,0
2.305323,1.745329,-0.030035,0.000000,0
2.306322,1.745329,-0.027198,0.000000,0
2.307321,1.745329,-0.024361,0.000000,0
2.308319,1.745329,-0.021523,0.000000,0
2.309318,1.745329,-0.018686,0.000000,0
2.310317,1.745329,-0.015849,0.000000,0
2.311315,1.745329,-0.013012,0.000000,0
2.312314,1.745329,-0.010174,0.000000,0
2.313312,1.745329,-0.007337,0.000000,0
2.314311,1.745329,-0.004500,0.000000,0
2.315310,1.745329,-0.001663,0.000000,0
2.316308,1.745329,0.001174,0.000000,0
2.317307,1.745329,0.004012,0.000000,0
2.318306,1.745329,0.006849,0.000000,0
2.319304,1.745329,0.009686,0.000000,0
2.320303,1.745329,0.012523,0.000000,0
2.321302,1.745329,0.015361,0.000000,0
2.322300,1.745329,0.018198,0.000000,0
2.323299,1.745329,0.021035,0.000000,0
2.324297,1.745329,0.023872,0.000000,0
2.325296,1.745329,0.026710,0.000000,0
2.326295,1.745329,0.029547,0.000000,0
2.327293,1.745329,0.032384,0.000000,0
2.328292,1.745329,0.035221,0.000000,0
2.329291,1.745329,0.038059,0.000000,0
2.330289,1.745329,0.040896,0.000000,0
2.331288,1.745329,0.043733,0.000000,0
2.332287,1.745329,0.046570,0.000000,0
2.333285,1.745329,0.049408,0.000000,0
2.334284,1.745329,0.052245,0.000000,0
2.335282,1.745329,0.055082,0.000000,0
2.336281,1.745329,0.057919,0.000000,0
2.337280,1.745329,0.060757,0.000000,0
2.338278,1.745329,0.063594,0.000000,0
2.339277,1.745329,0.066431,0.000000,0
2.340276,1.745329,0.069268,0.000000,0
2.341274,1.745329,0.072106,0.000000,0
2.342273,1.745329,0.074943,0.000000,0
2.343272,1.745329,0.077780,0.000000,0
2.344270,1.745329,0.080617,0.000000,0
2.345269,1.745329,0.083430,0.000000,0
2.346268,1.745329,0.086148,0.000000,0
2.347266,1.745329,0.088767,0.000000,0
2.348265,1.745329,0.091287,0.000000,0
2.349263,1.745329,0.093709,0.000000,0
2.350262,1.745329,0.096031,0.000000,0
2.351261,1.745329,0.098255,0.000000,0
2.352259,1.745329,0.100380,0.000000,0
2.353258,1.745329,0.102406,0.000000,0
2.354257,1.745329,0.104333,0.000000,0
2.355255,1.745329,0.106162,0.000000,0
2.356254,1.745329,0.107891,0.000000,0
2.357253,1.745329,0.109522,0.000000,0
2.358251,1.745329,0.111054,0.000000,0
2.359250,1.745329,0.112487,0.000000,0
2.360248,1.745329,0.113822,0.000000,0
2.361247,1.745329,0.115057,0.000000,0
2.362246,1.745329,0.116194,0.000000,0
2.363244,1.745329,0.117231,0.000000,0
2.364243,1.745329,0.118170,0.000000,0
2.365242,1.745329,0.119010,0.000000,0
2.366240,1.745329,0.119752,0.000000,0
2.367239,1.745329,0.120394,0.000000,0
2.368238,1.745329,0.120938,0.000000,0
2.369236,1.745329,0.121382,0.000000,0
2.370235,1.745329,0.121728,0.000000,0
2.371233,1.745329,0.121975,0.000000,0
2.372232,1.745329,0.122124,0.000000,0
2.373231,1.745329,0.122173,0.000000,1
2.374229,1.739781,0.120252,0.000000,1
2.375228,1.734157,0.118327,0.000000,1
2.376227,1.728466,0.116397,0.000000,1
2.377225,1.722717,0.114462,0.000000,1
2.378224,1.716918,0.112521,0.000000,1
2.379223,1.711078,0.110574,0.000000,1
2.380221,1.705205,0.108621,0.000000,1
2.381220,1.699307,0.106660,0.000000,1
2.382218,1.693393,0.104693,0.000000,1
2.383217,1.687470,0.102719,0.000000,1
2.384216,1.681545,0.100737,0.000000,1
2.385214,1.675627,0.098747,0.000000,1
2.386213,1.669723,0.096749,0.000000,1
2.387212,1.663840,0.094744,0.000000,1
2.388210,1.657985,0.092729,0.000000,1
2.389209,1.652165,0.090706,0.000000,1
2.390208,1.646388,0.088675,0.000000,1
2.391206,1.640659,0.086635,0.000000,1
2.392205,1.634986,0.084586,0.000000,1
2.393204,1.629375,0.082529,0.000000,1
2.394202,1.623831,0.080463,0.000000,1
2.395201,1.618363,0.078387,0.000000,1
2.396199,1.612974,0.076304,0.000000,1
2.397198,1.607671,0.074211,0.000000,1
2.398197,1.602461,0.072109,0.000000,1
2.399195,1.597347,0.069999,0.000000,1
2.400194,1.592337,0.067881,0.000000,1
2.401193,1.587434,0.065754,0.000000,1
2.402191,1.582645,0.063618,0.000000,1
2.403190,1.577974,0.061475,0.000000,1
2.404189,1.573426,0.059323,0.000000,1
2.405187,1.569005,0.057164,0.000000,1
2.406186,1.564716,0.054996,0.000000,1
2.407184,1.560564,0.052822,0.000000,1
2.408183,1.556552,0.050640,0.000000,1
2.409182,1.552685,0.048451,0.000000,1
2.410180,1.548966,0.046255,0.000000,1
2.411179,1.545400,0.044052,0.000000,1
2.412178,1.541988,0.041843,0.000000,1
2.413176,1.538736,0.039628,0.000000,1
2.414175,1.535646,0.037407,0.000000,1
2.415174,1.532721,0.035181,0.000000,1
2.416172,1.529964,0.032949,0.000000,1
2.417171,1.527377,0.030712,0.000000,1
2.418169,1.524964,0.028471,0.000000,1
2.419168,1.522725,0.026225,0.000000,1
2.420167,1.520665,0.023975,0.000000,1
2.421165,1.518784,0.021722,0.000000,1
2.422164,1.517084,0.019465,0.000000,1
2.423163,1.515567,0.017205,0.000000,1
2.424161,1.514235,0.014943,0.000000,1
2.425160,1.513088,0.012678,0.000000,1
2.426159,1.512128,0.010411,0.000000,1
2.427157,1.511356,0.008143,0.000000,1
2.428156,1.510772,0.005873,0.000000,1
2.429155,1.510377,0.003602,0.000000,1
2.430153,1.510171,0.001331,0.000000,1
2.431152,1.510155,-0.000940,0.000000,1
2.432150,1.510328,-0.003212,0.000000,1
2.433149,1.510691,-0.005482,0.000000,1
2.434148,1.511242,-0.007752,0.000000,1
2.435146,1.511982,-0.010021,0.000000,1
2.436145,1.512910,-0.012288,0.000000,1
2.437144,1.514025,-0.014553,0.000000,1
2.438142,1.515325,-0.016816,0.000000,1
2.439141,1.516810,-0.019076,0.000000,1
2.440140,1.518478,-0.021334,0.000000,1
2.441138,1.520328,-0.023588,0.000000,1
2.442137,1.522358,-0.025838,0.000000,1
2.443135,1.524566,-0.028085,0.000000,1
2.444134,1.526949,-0.030327,0.000000,1
2.445133,1.529506,-0.032564,0.000000,1
2.446131,1.532234,-0.034797,0.000000,1
2.447130,1.535131,-0.037024,0.000000,1
2.448129,1.538193,-0.039246,0.000000,1
2.449127,1.541417,-0.041462,0.000000,1
2.450126,1.544801,-0.043672,0.000000,1
2.451125,1.548342,-0.045876,0.000000,1
2.452123,1.552034,-0.048073,0.000000,1
2.453122,1.555876,-0.050263,0.000000,1
2.454120,1.559864,-0.052447,0.000000,1
2.455119,1.563992,-0.054623,0.000000,1
2.456118,1.568257,-0.056791,0.000000,1
2.457116,1.572656,-0.058952,0.000000,1
2.458115,1.577182,-0.061105,0.000000,1
2.459114,1.581833,-0.063250,0.000000,1
2.460112,1.586602,-0.065387,0.000000,1
2.461111,1.591485,-0.067515,0.000000,1
2.462110,1.596478,-0.069635,0.000000,1
2.463108,1.601574,-0.071747,0.000000,1
2.464107,1.606768,-0.073850,0.000000,1
2.465105,1.612055,-0.075944,0.000000,1
2.466104,1.617429,-0.078029,0.000000,1
2.467103,1.622885,-0.080106,0.000000,1
2.468101,1.628416,-0.082174,0.000000,1
2.469100,1.634016,-0.084233,0.000000,1
2.470099,1.639679,-0.086283,0.000000,1
2.471097,1.645398,-0.088325,0.000000,1
2.472096,1.651168,-0.090358,0.000000,1
2.473095,1.656981,-0.092382,0.000000,1
2.474093,1.662830,-0.094397,0.000000,1
2.475092,1.668709,-0.096405,0.000000,1
2.476091,1.674610,-0.098404,0.000000,1
2.477089,1.680526,-0.100395,0.000000,1
2.478088,1.686450,-0.102378,0.000000,1
2.479086,1.692374,-0.104354,0.000000,1
2.480085,1.698290,-0.106322,0.000000,1
2.481084,1.704192,-0.108284,0.000000,1
2.482082,1.710069,-0.110238,0.000000,1
2.483081,1.715916,-0.112186,0.000000,1
2.484080,1.721722,-0.114128,0.000000,1
2.485078,1.727481,-0.116064,0.000000,1
2.486077,1.733182,-0.117995,0.000000,1
2.487076,1.738819,-0.119921,0.000000,1
2.488074,1.744380,-0.121843,0.000000,1
2.489073,1.745329,-0.122139,0.000000,0
2.490071,1.745329,-0.122008,0.000000,0
2.491070,1.745329,-0.121778,0.000000,0
2.492069,1.745329,-0.121449,0.000000,0
2.493067,1.745329,-0.121021,0.000000,0
2.494066,1.745329,-0.120495,0.000000,0
2.495065,1.745329,-0.119869,0.000000,0
2.496063,1.745329,-0.119145,0.000000,0
2.497062,1.745329,-0.118322,0.000000,0
2.498061,1.745329,-0.117400,0.000000,0
2.499059,1.745329,-0.116379,0.000000,0
2.500058,1.745329,-0.115260,0.000000,0
2.501056,1.745329,-0.114041,0.000000,0
2.502055,1.745329,-0.112724,0.000000,0
2.503054,1.745329,-0.111308,0.000000,0
2.504052,1.745329,-0.109793,0.000000,0
2.505051,1.745329,-0.108179,0.000000,0
2.506050,1.745329,-0.106467,0.000000,0
2.507048,1.745329,-0.104655,0.000000,0
2.508047,1.745329,-0.102745,0.000000,0
2.509046,1.745329,-0.100736,0.000000,0
2.510044,1.745329,-0.098628,0.000000,0
2.511043,1.745329,-0.096421,0.000000,0
2.512042,1.745329,-0.094115,0.000000,0
2.513040,1.745329,-0.091711,0.000000,0
2.514039,1.745329,-0.089208,0.000000,0
2.515037,1.745329,-0.086606,0.000000,0
2.516036,1.745329,-0.083905,0.000000,0
2.517035,1.745329,-0.081106,0.000000,0
2.518033,1.745329,-0.078268,0.000000,0
2.519032,1.745329,-0.075431,0.000000,0
2.520031,1.745329,-0.072594,0.000000,0
2.521029,1.745329,-0.069757,0.000000,0
2.522028,1.745329,-0.066919,0.000000,0
2.523027,1.745329,-0.064082,0.000000,0
2.524025,1.745329,-0.061245,0.000000,0
2.525024,1.745329,-0.058408,0.000000,0
2.526022,1.745329,-0.055570,0.000000,0
2.527021,1.745329,-0.052733,0.000000,0
2.528020,1.745329,-0.049896,0.000000,0
2.529018,1.745329,-0.047059,0.000000,0
2.530017,1.745329,-0.044221,0.000000,0
2.531016,1.745329,-0.041384,0.000000,0
2.532014,1.745329,-0.038547,0.000000,0
2.533013,1.745329,-0.035710,0.000000,0
2.534012,1.745329,-0.032872,0.000000,0
2.535010,1.745329,-0.030035,0.000000,0
2.536009,1.745329,-0.027198,0.000000,0
2.537007,1.745329,-0.024361,0.000000,0
2.538006,1.745329,-0.021523,0.000000,0
2.539005,1.745329,-0.018686,0.000000,0
2.540003,1.745329,-0.015849,0.000000,0
2.541002,1.745329,-0.013012,0.000000,0
2.542001,1.745329,-0.010174,0.000000,0
2.542999,1.745329,-0.007337,0.000000,0
2.543998,1.745329,-0.004500,0.000000,0
2.544997,1.745329,-0.001663,0.000000,0
2.545995,1.745329,0.001174,0.000000,0
2.546994,1.745329,0.004012,0.000000,0
2.547993,1.745329,0.006849,0.000000,0
2.548991,1.745329,0.009686,0.000000,0
2.549990,1.745329,0.012523,0.000000,0
2.550988,1.745329,0.015361,0.000000,0
2.551987,1.745329,0.018198,0.000000,0
2.552986,1.745329,0.021035,0.000000,0
2.553984,1.745329,0.023872,0.000000,0
2.554983,1.745329,0.026710,0.000000,0
2.555982,1.745329,0.029547,0.000000,0
2.556980,1.745329,0.032384,0.000000,0
2.557979,1.745329,0.035221,0.000000,0
2.558978,1.745329,0.038059,0.000000,0
2.559976,1.745329,0.040896,0.000000,0
2.560975,1.745329,0.043733,0.000000,0
2.561973,1.745329,0.046570,0.000000,0
2.562972,1.745329,0.049408,0.000000,0
2.563971,1.745329,0.052245,0.000000,0
2.564969,1.745329,0.055082,0.000000,0
2.565968,1.745329,0.057919,0.000000,0
2.566967,1.745329,0.060757,0.000000,0
2.567965,1.745329,0.063594,0.000000,0
2.568964,1.745329,0.066431,0.000000,0
2.569963,1.745329,0.069268,0.000000,0
2.570961,1.745329,0.072106,0.000000,0
2.571960,1.745329,0.074943,0.000000,0
2.572958,1.745329,0.077780,0.000000,0
2.573957,1.745329,0.080617,0.000000,0
2.574956,1.745329,0.083430,0.000000,0
2.575954,1.745329,0.086148,0.000000,0
2.576953,1.745329,0.088767,0.000000,0
2.577952,1.745329,0.091287,0.000000,0
2.578950,1.745329,0.093709,0.000000,0
2.579949,1.745329,0.096031,0.000000,0
2.580948,1.745329,0.098255,0.000000,0
2.581946,1.745329,0.100380,0.000000,0
2.582945,1.745329,0.102406,0.000000,0
2.583943,1.745329,0.104333,0.000000,0
2.584942,1.745329,0.106162,0.000000,0
2.585941,1.745329,0.107891,0.000000,0
2.586939,1.745329,0.109522,0.000000,0
2.587938,1.745329,0.111054,0.000000,0
2.588937,1.745329,0.112487,0.000000,0
2.589935,1.745329,0.113822,0.000000,0
2.590934,1.745329,0.115057,0.000000,0
2.591933,1.745329,0.116194,0.000000,0
2.592931,1.745329,0.117231,0.000000,0
2.593930,1.745329,0.118170,0.000000,0
2.594929,1.745329,0.119010,0.000000,0
2.595927,1.745329,0.119752,0.000000,0
2.596926,1.745329,0.120394,0.000000,0
2.597924,1.745329,0.120938,0.000000,0
2.598923,1.745329,0.121382,0.000000,0
2.599922,1.745329,0.121728,0.000000,0
2.600920,1.745329,0.121975,0.000000,0
2.601919,1.745329,0.122124,0.000000,0
2.602918,1.745329,0.122173,0.000000,1
2.603916,1.739781,0.120252,0.000000,1
2.604915,1.734157,0.118327,0.000000,1
2.605914,1.728466,0.116397,0.000000,1
2.606912,1.722717,0.114462,0.000000,1
2.607911,1.716918,0.112521,0.000000,1
2.608909,1.711078,0.110574,0.000000,1
2.609908,1.705205,0.108621,0.000000,1
2.610907,1.699307,0.106660,0.000000,1
2.611905,1.693393,0.104693,0.000000,1
2.612904,1.687470,0.102719,0.000000,1
2.613903,1.681545,0.100737,0.000000,1
2.614901,1.675627,0.098747,0.000000,1
2.615900,1.669723,0.096749,0.000000,1
2.616899,1.663840,0.094744,0.000000,1
2.617897,1.657985,0.092729,0.000000,1
2.618896,1.652165,0.090706,0.000000,1
2.619894,1.646388,0.088675,0.000000,1
2.620893,1.640659,0.086635,0.000000,1
2.621892,1.634986,0.084586,0.000000,1
2.622890,1.629375,0.082529,0.000000,1
2.623889,1.623831,0.080463,0.000000,1
2.624888,1.618363,0.078387,0.000000,1
2.625886,1.612974,0.076304,0.000000,1
2.626885,1.607671,0.074211,0.000000,1
2.627884,1.602461,0.072109,0.000000,1
2.628882,1.597347,0.069999,0.000000,1
2.629881,1.592337,0.067881,0.000000,1
2.630880,1.587434,0.065754,0.000000,1
2.631878,1.582645,0.063618,0.000000,1
2.632877,1.577974,0.061475,0.000000,1
2.633875,1.573426,0.059323,0.000000,1
2.634874,1.569005,0.057164,0.000000,1
2.635873,1.564716,0.054996,0.000000,1
2.636871,1.560564,0.052822,0.000000,1
2.637870,1.556552,0.050640,0.000000,1
2.638869,1.552685,0.048451,0.000000,1
2.639867,1.548966,0.046255,0.000000,1
2.640866,1.545400,0.044052,0.000000,1
2.641865,1.541988,0.041843,0.000000,1
2.642863,1.538736,0.039628,0.000000,1
2.643862,1.535646,0.037407,0.000000,1
2.644860,1.532721,0.035181,0.000000,1
2.645859,1.529964,0.032949,0.000000,1
2.646858,1.527377,0.030712,0.000000,1
2.647856,1.524964,0.028471,0.000000,1
2.648855,1.522725,0.026225,0.000000,1
2.649854,1.520665,0.023975,0.000000,1
2.650852,1.518784,0.021722,0.000000,1
2.651851,1.517084,0.019465,0.000000,1
2.652850,1.515567,0.017205,0.000000,1
2.653848,1.514235,0.014943,0.000000,1
2.654847,1.513088,0.012678,0.000000,1
2.655845,1.512128,0.010411,0.000000,1
2.656844,1.511356,0.008143,0.000000,1
2.657843,1.510772,0.005873,0.000000,1
2.658841,1.510377,0.003602,0.000000,1
2.659840,1.510171,0.001331,0.000000,1
2.660839,1.510155,-0.000940,0.000000,1
2.661837,1.510328,-0.003212,0.000000,1
2.662836,1.510691,-0.005482,0.000000,1
2.663835,1.511242,-0.007752,0.000000,1
2.664833,1.511982,-0.010021,0.000000,1
2.665832,1.512910,-0.012288,0.000000,1
2.666830,1.514025,-0.014553,0.000000,1
2.667829,1.515325,-0.016816,0.000000,1
2.668828,1.516810,-0.019076,0.000000,1
2.669826,1.518478,-0.021334,0.000000,1
2.670825,1.520328,-0.023588,0.000000,1
2.671824,1.522358,-0.025838,0.000000,1
2.672822,1.524566,-0.028085,0.000000,1
2.673821,1.526949,-0.030327,0.000000,1
2.674820,1.529506,-0.032564,0.000000,1
2.675818,1.532234,-0.034797,0.000000,1
2.676817,1.535131,-0.037024,0.000000,1
2.677816,1.538193,-0.039246,0.000000,1
2.678814,1.541417,-0.041462,0.000000,1
2.679813,1.544801,-0.043672,0.000000,1
2.680811,1.548342,-0.045876,0.000000,1
2.681810,1.552034,-0.048073,0.000000,1
2.682809,1.555876,-0.050263,0.000000,1
2.683807,1.559864,-0.052447,0.000000,1
2.684806,1.563992,-0.054623,0.000000,1
2.685805,1.568257,-0.056791,0.000000,1
2.686803,1.572656,-0.058952,0.000000,1
2.687802,1.577182,-0.061105,0.000000,1
2.688801,1.581833,-0.063250,0.000000,1
2.689799,1.586602,-0.065387,0.000000,1
2.690798,1.591485,-0.067515,0.000000,1
2.691796,1.596478,-0.069635,0.000000,1
2.692795,1.601574,-0.071747,0.000000,1
2.693794,1.606768,-0.073850,0.000000,1
2.694792,1.612055,-0.075944,0.000000,1
2.695791,1.617429,-0.078029,0.000000,1
2.696790,1.622885,-0.080106,0.000000,1
2.697788,1.628416,-0.082174,0.000000,1
2.698787,1.634016,-0.084233,0.000000,1
2.699786,1.639679,-0.086283,0.000000,1
2.700784,1.645398,-0.088325,0.000000,1
2.701783,1.651168,-0.090358,0.000000,1
2.702781,1.656981,-0.092382,0.000000,1
2.703780,1.662830,-0.094397,0.000000,1
2.704779,1.668709,-0.096405,0.000000,1
2.705777,1.674610,-0.098404,0.000000,1
2.706776,1.680526,-0.100395,0.000000,1
2.707775,1.686450,-0.102378,0.000000,1
2.708773,1.692374,-0.104354,0.000000,1
2.709772,1.698290,-0.106322,0.000000,1
2.710771,1.704192,-0.108284,0.000000,1
2.711769,1.710069,-0.110238,0.000000,1
2.712768,1.715916,-0.112186,0.000000,1
2.713767,1.721722,-0.114128,0.000000,1
2.714765,1.727481,-0.116064,0.000000,1
2.715764,1.733182,-0.117995,0.000000,1
2.716762,1.738819,-0.119921,0.000000,1
2.717761,1.744380,-0.121843,0.000000,1
2.718760,1.745329,-0.122139,0.000000,0
2.719758,1.745329,-0.122008,0.000000,0
2.720757,1.745329,-0.121778,0.000000,0
2.721756,1.745329,-0.121449,0.000000,0
2.722754,1.745329,-0.121021,0.000000,0
2.723753,1.745329,-0.120495,0.000000,0
2.724752,1.745329,-0.119869,0.000000,0
2.725750,1.745329,-0.119145,0.000000,0
2.726749,1.745329,-0.118322,0.000000,0
2.727747,1.745329,-0.117400,0.000000,0
2.728746,1.745329,-0.116379,0.000000,0
2.729745,1.745329,-0.115260,0.000000,0
2.730743,1.745329,-0.114041,0.000000,0
2.731742,1.745329,-0.112724,0.000000,0
2.732741,1.745329,-0.111308,0.000000,0
2.733739,1.745329,-0.109793,0.000000,0
2.734738,1.745329,-0.108179,0.000000,0
2.735737,1.745329,-0.106467,0.000000,0
2.736735,1.745329,-0.104655,0.000000,0
2.737734,1.745329,-0.102745,0.000000,0
2.738732,1.745329,-0.100736,0.000000,0
2.739731,1.745329,-0.098628,0.000000,0
2.740730,1.745329,-0.096421,0.000000,0
2.741728,1.745329,-0.094115,0.000000,0
2.742727,1.745329,-0.091711,0.000000,0
2.743726,1.745329,-0.089208,0.000000,0
2.744724,1.745329,-0.086606,0.000000,0
2.745723,1.745329,-0.083905,0.000000,0
2.746722,1.745329,-0.081106,0.000000,0
2.747720,1.745329,-0.078268,0.000000,0
2.748719,1.745329,-0.075431,0.000000,0
2.749717,1.745329,-0.072594,0.000000,0
2.750716,1.745329,-0.069757,0.000000,0
2.751715,1.745329,-0.066919,0.000000,0
2.752713,1.745329,-0.064082,0.000000,0
2.753712,1.745329,-0.061245,0.000000,0
2.754711,1.745329,-0.058408,0.000000,0
2.755709,1.745329,-0.055570,0.000000,0
2.756708,1.745329,-0.052733,0.000000,0
2.757707,1.745329,-0.049896,0.000000,0
2.758705,1.745329,-0.047059,0.000000,0
2.759704,1.745329,-0.044221,0.000000,0
2.760703,1.745329,-0.041384,0.000000,0
2.761701,1.745329,-0.038547,0.000000,0
2.762700,1.745329,-0.035710,0.000000,0
2.763698,1.745329,-0.032872,0.000000,0
2.764697,1.745329,-0.030035,0.000000,0
2.765696,1.745329,-0.027198,0.000000,0
2.766694,1.745329,-0.024361,0.000000,0
2.767693,1.745329,-0.021523,0.000000,0
2.768692,1.745329,-0.018686,0.000000,0
2.769690,1.745329,-0.015849,0.000000,0
2.770689,1.745329,-0.013012,0.000000,0
2.771688,1.745329,-0.010174,0.000000,0
2.772686,1.745329,-0.007337,0.000000,0
2.773685,1.745329,-0.004500,0.000000,0
2.774683,1.745329,-0.001663,0.000000,0
2.775682,1.745329,0.001174,0.000000,0
2.776681,1.745329,0.004012,0.000000,0
2.777679,1.745329,0.006849,0.000000,0
2.778678,1.745329,0.009686,0.000000,0
2.779677,1.745329,0.012523,0.000000,0
2.780675,1.745329,0.015361,0.000000,0
2.781674,1.745329,0.018198,0.000000,0
2.782673,1.745329,0.021035,0.000000,0
2.783671,1.745329,0.023872,0.000000,0
2.784670,1.745329,0.026710,0.000000,0
2.785668,1.745329,0.029547,0.000000,0
2.786667,1.745329,0.032384,0.000000,0
2.787666,1.745329,0.035221,0.000000,0
2.788664,1.745329,0.038059,0.000000,0
2.789663,1.745329,0.040896,0.000000,0
2.790662,1.745329,0.043733,0.000000,0
2.791660,1.745329,0.046570,0.000000,0
2.792659,1.745329,0.049408,0.000000,0
2.793658,1.745329,0.052245,0.000000,0
2.794656,1.745329,0.055082,0.000000,0
2.795655,1.745329,0.057919,0.000000,0
2.796654,1.745329,0.060757,0.000000,0
2.797652,1.745329,0.063594,0.000000,0
2.798651,1.745329,0.066431,0.000000,0
2.799649,1.745329,0.069268,0.000000,0
2.800648,1.745329,0.072106,0.000000,0
2.801647,1.745329,0.074943,0.000000,0
2.802645,1.745329,0.077780,0.000000,0
2.803644,1.745329,0.080617,0.000000,0
2.804643,1.745329,0.083430,0.000000,0
2.805641,1.745329,0.086148,0.000000,0
2.806640,1.745329,0.088767,0.000000,0
2.807639,1.745329,0.091287,0.000000,0
2.808637,1.745329,0.093709,0.000000,0
2.809636,1.745329,0.096031,0.000000,0
2.810634,1.745329,0.098255,0.000000,0
2.811633,1.745329,0.100380,0.000000,0
2.812632,1.745329,0.102406,0.000000,0
2.813630,1.745329,0.104333,0.000000,0
2.814629,1.745329,0.106162,0.000000,0
2.815628,1.745329,0.107891,0.000000,0
2.816626,1.745329,0.109522,0.000000,0
2.817625,1.745329,0.111054,0.000000,0
2.818624,1.745329,0.112487,0.000000,0
2.819622,1.745329,0.113822,0.000000,0
2.820621,1.745329,0.115057,0.000000,0
2.821619,1.745329,0.116194,0.000000,0
2.822618,1.745329,0.117231,0.000000,0
2.823617,1.745329,0.118170,0.000000,0
2.824615,1.745329,0.119010,0.000000,0
2.825614,1.745329,0.119752,0.000000,0
2.826613,1.745329,0.120394,0.000000,0
2.827611,1.745329,0.120938,0.000000,0
2.828610,1.745329,0.121382,0.000000,0
2.829609,1.745329,0.121728,0.000000,0
2.830607,1.745329,0.121975,0.000000,0
2.831606,1.745329,0.122124,0.000000,0
2.832604,1.745329,0.122173,0.000000,1
2.833603,1.739781,0.120252,0.000000,1
2.834602,1.734157,0.118327,0.000000,1
2.835600,1.728466,0.116397,0.000000,1
2.836599,1.722717,0.114462,0.000000,1
2.837598,1.716918,0.112521,0.000000,1
2.838596,1.711078,0.110574,0.000000,1
2.839595,1.705205,0.108621,0.000000,1
2.840594,1.699307,0.106660,0.000000,1
2.841592,1.693393,0.104693,0.000000,1
2.842591,1.687470,0.102719,0.000000,1
2.843590,1.681545,0.100737,0.000000,1
2.844588,1.675627,0.098747,0.000000,1
2.845587,1.669723,0.096749,0.000000,1
2.846585,1.663840,0.094744,0.000000,1
2.847584,1.657985,0.092729,0.000000,1
2.848583,1.652165,0.090706,0.000000,1
2.849581,1.646388,0.088675,0.000000,1
2.850580,1.640659,0.086635,0.000000,1
2.851579,1.634986,0.084586,0.000000,1
2.852577,1.629375,0.082529,0.000000,1
2.853576,1.623831,0.080463,0.000000,1
2.854575,1.618363,0.078387,0.000000,1
2.855573,1.612974,0.076304,0.000000,1
2.856572,1.607671,0.074211,0.000000,1
2.857570,1.602461,0.072109,0.000000,1
2.858569,1.597347,0.069999,0.000000,1
2.859568,1.592337,0.067881,0.000000,1
2.860566,1.587434,0.065754,0.000000,1
2.861565,1.582645,0.063618,0.000000,1
2.862564,1.577974,0.061475,0.000000,1
2.863562,1.573426,0.059323,0.000000,1
2.864561,1.569005,0.057164,0.000000,1
2.865560,1.564716,0.054996,0.000000,1
2.866558,1.560564,0.052822,0.000000,1
2.867557,1.556552,0.050640,0.000000,1
2.868555,1.552685,0.048451,0.000000,1
2.869554,1.548966,0.046255,0.000000,1
2.870553,1.545400,0.044052,0.000000,1
2.871551,1.541988,0.041843,0.000000,1
2.872550,1.538736,0.039628,0.000000,1
2.873549,1.535646,0.037407,0.000000,1
2.874547,1.532721,0.035181,0.000000,1
2.875546,1.529964,0.032949,0.000000,1
2.876545,1.527377,0.030712,0.000000,1
2.877543,1.524964,0.028471,0.000000,1
2.878542,1.522725,0.026225,0.000000,1
2.879541,1.520665,0.023975,0.000000,1
2.880539,1.518784,0.021722,0.000000,1
2.881538,1.517084,0.019465,0.000000,1
2.882536,1.515567,0.017205,0.000000,1
2.883535,1.514235,0.014943,0.000000,1
2.884534,1.513088,0.012678,0.000000,1
2.885532,1.512128,0.010411,0.000000,1
2.886531,1.511356,0.008143,0.000000,1
2.887530,1.510772,0.005873,0.000000,1
2.888528,1.510377,0.003602,0.000000,1
2.889527,1.510171,0.001331,0.000000,1
2.890526,1.510155,-0.000940,0.000000,1
2.891524,1.510328,-0.003212,0.000000,1
2.892523,1.510691,-0.005482,0.000000,1
2.893521,1.511242,-0.007752,0.000000,1
2.894520,1.511982,-0.010021,0.000000,1
2.895519,1.512910,-0.012288,0.000000,1
2.896517,1.514025,-0.014553,0.000000,1
2.897516,1.515325,-0.016816,0.000000,1
2.898515,1.516810,-0.019076,0.000000,1
2.899513,1.518478,-0.021334,0.000000,1
2.900512,1.520328,-0.023588,0.000000,1
2.901511,1.522358,-0.025838,0.000000,1
2.902509,1.524566,-0.028085,0.000000,1
2.903508,1.526949,-0.030327,0.000000,1
2.904506,1.529506,-0.032564,0.000000,1
2.905505,1.532234,-0.034797,0.000000,1
2.906504,1.535131,-0.037024,0.000000,1
2.907502,1.538193,-0.039246,0.000000,1
2.908501,1.541417,-0.041462,0.000000,1
2.909500,1.544801,-0.043672,0.000000,1
2.910498,1.548342,-0.045876,0.000000,1
2.911497,1.552034,-0.048073,0.000000,1
2.912496,1.555876,-0.050263,0.000000,1
2.913494,1.559864,-0.052447,0.000000,1
2.914493,1.563992,-0.054623,0.000000,1
2.915491,1.568257,-0.056791,0.000000,1
2.916490,1.572656,-0.058952,0.000000,1
2.917489,1.577182,-0.061105,0.000000,1
2.918487,1.581833,-0.063250,0.000000,1
2.919486,1.586602,-0.065387,0.000000,1
2.920485,1.591485,-0.067515,0.000000,1
2.921483,1.596478,-0.069635,0.000000,1
2.922482,1.601574,-0.071747,0.000000,1
2.923481,1.606768,-0.073850,0.000000,1
2.924479,1.612055,-0.075944,0.000000,1
2.925478,1.617429,-0.078029,0.000000,1
2.926477,1.622885,-0.080106,0.000000,1
2.927475,1.628416,-0.082174,0.000000,1
2.928474,1.634016,-0.084233,0.000000,1
2.929472,1.639679,-0.086283,0.000000,1
2.930471,1.645398,-0.088325,0.000000,1
2.931470,1.651168,-0.090358,0.000000,1
2.932468,1.656981,-0.092382,0.000000,1
2.933467,1.662830,-0.094397,0.000000,1
2.934466,1.668709,-0.096405,0.000000,1
2.935464,1.674610,-0.098404,0.000000,1
2.936463,1.680526,-0.100395,0.000000,1
2.937462,1.686450,-0.102378,0.000000,1
2.938460,1.692374,-0.104354,0.000000,1
2.939459,1.698290,-0.106322,0.000000,1
2.940457,1.704192,-0.108284,0.000000,1
2.941456,1.710069,-0.110238,0.000000,1
2.942455,1.715916,-0.112186,0.000000,1
2.943453,1.721722,-0.114128,0.000000,1
2.944452,1.727481,-0.116064,0.000000,1
2.945451,1.733182,-0.117995,0.000000,1
2.946449,1.738819,-0.119921,0.000000,1
2.947448,1.744380,-0.121843,0.000000,1
2.948447,1.745329,-0.122139,0.000000,0
2.949445,1.745329,-0.122008,0.000000,0
2.950444,1.745329,-0.121778,0.000000,0
2.951442,1.745329,-0.121449,0.000000,0
2.952441,1.745329,-0.121021,0.000000,0
2.953440,1.745329,-0.120495,0.000000,0
2.954438,1.745329,-0.119869,0.000000,0
2.955437,1.745329,-0.119145,0.000000,0
2.956436,1.745329,-0.118322,0.000000,0
2.957434,1.745329,-0.117400,0.000000,0
2.958433,1.745329,-0.116379,0.000000,0
2.959432,1.745329,-0.115260,0.000000,0
2.960430,1.745329,-0.114041,0.000000,0
2.961429,1.745329,-0.112724,0.000000,0
2.962428,1.745329,-0.111308,0.000000,0
2.963426,1.745329,-0.109793,0.000000,0
2.964425,1.745329,-0.108179,0.000000,0
2.965423,1.745329,-0.106467,0.000000,0
2.966422,1.745329,-0.104655,0.000000,0
2.967421,1.745329,-0.102745,0.000000,0
2.968419,1.745329,-0.100736,0.000000,0
2.969418,1.745329,-0.098628,0.000000,0
2.970417,1.745329,-0.096421,0.000000,0
2.971415,1.745329,-0.094115,0.000000,0
2.972414,1.745329,-0.091711,0.000000,0
2.973413,1.745329,-0.089208,0.000000,0
2.974411,1.745329,-0.086606,0.000000,0
2.975410,1.745329,-0.083905,0.000000,0
2.976408,1.745329,-0.081106,0.000000,0
2.977407,1.745329,-0.078268,0.000000,0
2.978406,1.745329,-0.075431,0.000000,0
2.979404,1.745329,-0.072594,0.000000,0
2.980403,1.745329,-0.069757,0.000000,0
2.981402,1.745329,-0.066919,0.000000,0
2.982400,1.745329,-0.064082,0.000000,0
2.983399,1.745329,-0.061245,0.000000,0
2.984398,1.745329,-0.058408,0.000000,0
2.985396,1.745329,-0.055570,0.000000,0
2.986395,1.745329,-0.052733,0.000000,0
2.987393,1.745329,-0.049896,0.000000,0
2.988392,1.745329,-0.047059,0.000000,0
2.989391,1.745329,-0.044221,0.000000,0
2.990389,1.745329,-0.041384,0.000000,0
2.991388,1.745329,-0.038547,0.000000,0
2.992387,1.745329,-0.035710,0.000000,0
2.993385,1.745329,-0.032872,0.000000,0
2.994384,1.745329,-0.030035,0.000000,0
2.995383,1.745329,-0.027198,0.000000,0
2.996381,1.745329,-0.024361,0.000000,0
2.997380,1.745329,-0.021523,0.000000,0
2.998378,1.745329,-0.018686,0.000000,0
2.999377,1.745329,-0.015849,0.000000,0
3.000376,1.745329,-0.013012,0.000000,0
3.001374,1.745329,-0.010174,0.000000,0
3.002373,1.745329,-0.007337,0.000000,0
3.003372,1.745329,-0.004500,0.000000,0
3.004370,1.745329,-0.001663,0.000000,0
3.005369,1.745329,0.001174,0.000000,0
3.006368,1.745329,0.004012,0.000000,0
3.007366,1.745329,0.006849,0.000000,0
3.008365,1.745329,0.009686,0.000000,0
3.009364,1.745329,0.012523,0.000000,0
3.010362,1.745329,0.015361,0.000000,0
3.011361,1.745329,0.018198,0.000000,0
3.012359,1.745329,0.021035,0.000000,0
3.013358,1.745329,0.023872,0.000000,0
3.014357,1.745329,0.026710,0.000000,0
3.015355,1.745329,0.029547,0.000000,0
3.016354,1.745329,0.032384,0.000000,0
3.017353,1.745329,0.035221,0.000000,0
3.018351,1.745329,0.038059,0.000000,0
3.019350,1.745329,0.040896,0.000000,0
3.020349,1.745329,0.043733,0.000000,0
3.021347,1.745329,0.046570,0.000000,0
3.022346,1.745329,0.049408,0.000000,0
3.023344,1.745329,0.052245,0.000000,0
3.024343,1.745329,0.055082,0.000000,0
3.025342,1.745329,0.057919,0.000000,0
3.026340,1.745329,0.060757,0.000000,0
3.027339,1.745329,0.063594,0.000000,0
3.028338,1.745329,0.066431,0.000000,0
3.029336,1.745329,0.069268,0.000000,0
3.030335,1.745329,0.072106,0.000000,0
3.031334,1.745329,0.074943,0.000000,0
3.032332,1.745329,0.077780,0.000000,0
3.033331,1.745329,0.080617,0.000000,0
3.034329,1.745329,0.083430,0.000000,0
3.035328,1.745329,0.086148,0.000000,0
3.036327,1.745329,0.088767,0.000000,0
3.037325,1.745329,0.091287,0.000000,0
3.038324,1.745329,0.093709,0.000000,0
3.039323,1.745329,0.096031,0.000000,0
3.040321,1.745329,0.098255,0.000000,0
3.041320,1.745329,0.100380,0.000000,0
3.042319,1.745329,0.102406,0.000000,0
3.043317,1.745329,0.104333,0.000000,0
3.044316,1.745329,0.106162,0.000000,0
3.045315,1.745329,0.107891,0.000000,0
3.046313,1.745329,0.109522,0.000000,0
3.047312,1.745329,0.111054,0.000000,0
3.048310,1.745329,0.112487,0.000000,0
3.049309,1.745329,0.113822,0.000000,0
3.050308,1.745329,0.115057,0.000000,0
3.051306,1.745329,0.116194,0.000000,0
3.052305,1.745329,0.117231,0.000000,0
3.053304,1.745329,0.118170,0.000000,0
3.054302,1.745329,0.119010,0.000000,0
3.055301,1.745329,0.119752,0.000000,0
3.056300,1.745329,0.120394,0.000000,0
3.057298,1.745329,0.120938,0.000000,0
3.058297,1.745329,0.121382,0.000000,0
3.059295,1.745329,0.121728,0.000000,0
3.060294,1.745329,0.121975,0.000000,0
3.061293,1.745329,0.122124,0.000000,0
3.062291,1.745329,0.122173,0.000000,1
3.063290,1.739781,0.120252,0.000000,1
3.064289,1.734157,0.118327,0.000000,1
3.065287,1.728466,0.116397,0.000000,1
3.066286,1.722717,0.114462,0.000000,1
3.067285,1.716918,0.112521,0.000000,1
3.068283,1.711078,0.110574,0.000000,1
3.069282,1.705205,0.108621,0.000000,1
3.070280,1.699307,0.106660,0.000000,1
3.071279,1.693393,0.104693,0.000000,1
3.072278,1.687470,0.102719,0.000000,1
3.073276,1.681545,0.100737,0.000000,1
3.074275,1.675627,0.098747,0.000000,1
3.075274,1.669723,0.096749,0.000000,1
3.076272,1.663840,0.094744,0.000000,1
3.077271,1.657985,0.092729,0.000000,1
3.078270,1.652165,0.090706,0.000000,1
3.079268,1.646388,0.088675,0.000000,1
3.080267,1.640659,0.086635,0.000000,1
3.081265,1.634986,0.084586,0.000000,1
3.082264,1.629375,0.082529,0.000000,1
3.083263,1.623831,0.080463,0.000000,1
3.084261,1.618363,0.078387,0.000000,1
3.085260,1.612974,0.076304,0.000000,1
3.086259,1.607671,0.074211,0.000000,1
3.087257,1.602461,0.072109,0.000000,1
3.088256,1.597347,0.069999,0.000000,1
3.089255,1.592337,0.067881,0.000000,1
3.090253,1.587434,0.065754,0.000000,1
3.091252,1.582645,0.063618,0.000000,1
3.092251,1.577974,0.061475,0.000000,1
3.093249,1.573426,0.059323,0.000000,1
3.094248,1.569005,0.057164,0.000000,1
3.095246,1.564716,0.054996,0.000000,1
3.096245,1.560564,0.052822,0.000000,1
3.097244,1.556552,0.050640,0.000000,1
3.098242,1.552685,0.048451,0.000000,1
3.099241,1.548966,0.046255,0.000000,1
3.100240,1.545400,0.044052,0.000000,1
3.101238,1.541988,0.041843,0.000000,1
3.102237,1.538736,0.039628,0.000000,1
3.103236,1.535646,0.037407,0.000000,1
3.104234,1.532721,0.035181,0.000000,1
3.105233,1.529964,0.032949,0.000000,1
3.106231,1.527377,0.030712,0.000000,1
3.107230,1.524964,0.028471,0.000000,1
3.108229,1.522725,0.026225,0.000000,1
3.109227,1.520665,0.023975,0.000000,1
3.110226,1.518784,0.021722,0.000000,1
3.111225,1.517084,0.019465,0.000000,1
3.112223,1.515567,0.017205,0.000000,1
3.113222,1.514235,0.014943,0.000000,1
3.114221,1.513088,0.012678,0.000000,1
3.115219,1.512128,0.010411,0.000000,1
3.116218,1.511356,0.008143,0.000000,1
3.117216,1.510772,0.005873,0.000000,1
3.118215,1.510377,0.003602,0.000000,1
3.119214,1.510171,0.001331,0.000000,1
3.120212,1.510155,-0.000940,0.000000,1
3.121211,1.510328,-0.003212,0.000000,1
3.122210,1.510691,-0.005482,0.000000,1
3.123208,1.511242,-0.007752,0.000000,1
3.124207,1.511982,-0.010021,0.000000,1
3.125206,1.512910,-0.012288,0.000000,1
3.126204,1.514025,-0.014553,0.000000,1
3.127203,1.515325,-0.016816,0.000000,1
3.128202,1.516810,-0.019076,0.000000,1
3.129200,1.518478,-0.021334,0.000000,1
3.130199,1.520328,-0.023588,0.000000,1
3.131197,1.522358,-0.025838,0.000000,1
3.132196,1.524566,-0.028085,0.000000,1
3.133195,1.526949,-0.030327,0.000000,1
3.134193,1.529506,-0.032564,0.000000,1
3.135192,1.532234,-0.034797,0.000000,1
3.136191,1.535131,-0.037024,0.000000,1
3.137189,1.538193,-0.039246,0.000000,1
3.138188,1.541417,-0.041462,0.000000,1
3.139187,1.544801,-0.043672,0.000000,1
3.140185,1.548342,-0.045876,0.000000,1
3.141184,1.552034,-0.048073,0.000000,1
3.142182,1.555876,-0.050263,0.000000,1
3.143181,1.559864,-0.052447,0.000000,1
3.144180,1.563992,-0.054623,0.000000,1
3.145178,1.568257,-0.056791,0.000000,1
3.146177,1.572656,-0.058952,0.000000,1
3.147176,1.577182,-0.061105,0.000000,1
3.148174,1.581833,-0.063250,0.000000,1
3.149173,1.586602,-0.065387,0.000000,1
3.150172,1.591485,-0.067515,0.000000,1
3.151170,1.596478,-0.069635,0.000000,1
3.152169,1.601574,-0.071747,0.000000,1
3.153167,1.606768,-0.073850,0.000000,1
3.154166,1.612055,-0.075944,0.000000,1
3.155165,1.617429,-0.078029,0.000000,1
3.156163,1.622885,-0.080106,0.000000,1
3.157162,1.628416,-0.082174,0.000000,1
3.158161,1.634016,-0.084233,0.000000,1
3.159159,1.639679,-0.086283,0.000000,1
3.160158,1.645398,-0.088325,0.000000,1
3.161157,1.651168,-0.090358,0.000000,1
3.162155,1.656981,-0.092382,0.000000,1
3.163154,1.662830,-0.094397,0.000000,1
3.164153,1.668709,-0.096405,0.000000,1
3.165151,1.674610,-0.098404,0.000000,1
3.166150,1.680526,-0.100395,0.000000,1
3.167148,1.686450,-0.102378,0.000000,1
3.168147,1.692374,-0.104354,0.000000,1
3.169146,1.698290,-0.106322,0.000000,1
3.170144,1.704192,-0.108284,0.000000,1
3.171143,1.710069,-0.110238,0.000000,1
3.172142,1.715916,-0.112186,0.000000,1
3.173140,1.721722,-0.114128,0.000000,1
3.174139,1.727481,-0.116064,0.000000,1
3.175138,1.733182,-0.117995,0.000000,1
3.176136,1.738819,-0.119921,0.000000,1
3.177135,1.744380,-0.121843,0.000000,1
3.178133,1.745329,-0.122139,0.000000,0
3.179132,1.745329,-0.122008,0.000000,0
3.180131,1.745329,-0.121778,0.000000,0
3.181129,1.745329,-0.121449,0.000000,0
3.182128,1.745329,-0.121021,0.000000,0
3.183127,1.745329,-0.120495,0.000000,0
3.184125,1.745329,-0.119869,0.000000,0
3.185124,1.745329,-0.119145,0.000000,0
3.186123,1.745329,-0.118322,0.000000,0
3.187121,1.745329,-0.117400,0.000000,0
3.188120,1.745329,-0.116379,0.000000,0
3.189118,1.745329,-0.115260,0.000000,0
3.190117,1.745329,-0.114041,0.000000,0
3.191116,1.745329,-0.112724,0.000000,0
3.192114,1.745329,-0.111308,0.000000,0
3.193113,1.745329,-0.109793,0.000000,0
3.194112,1.745329,-0.108179,0.000000,0
3.195110,1.745329,-0.106467,0.000000,0
3.196109,1.745329,-0.104655,0.000000,0
3.197108,1.745329,-0.102745,0.000000,0
3.198106,1.745329,-0.100736,0.000000,0
3.199105,1.745329,-0.098628,0.000000,0
3.200103,1.745329,-0.096421,0.000000,0
3.201102,1.745329,-0.094115,0.000000,0
3.202101,1.745329,-0.091711,0.000000,0
3.203099,1.745329,-0.089208,0.000000,0
3.204098,1.745329,-0.086606,0.000000,0
3.205097,1.745329,-0.083905,0.000000,0
3.206095,1.745329,-0.081106,0.000000,0
3.207094,1.745329,-0.078268,0.000000,0
3.208093,1.745329,-0.075431,0.000000,0
3.209091,1.745329,-0.072594,0.000000,0
3.210090,1.745329,-0.069757,0.000000,0
3.211089,1.745329,-0.066919,0.000000,0
3.212087,1.745329,-0.064082,0.000000,0
3.213086,1.745329,-0.061245,0.000000,0
3.214084,1.745329,-0.058408,0.000000,0
3.215083,1.745329,-0.055570,0.000000,0
3.216082,1.745329,-0.052733,0.000000,0
3.217080,1.745329,-0.049896,0.000000,0
3.218079,1.745329,-0.047059,0.000000,0
3.219078,1.745329,-0.044221,0.000000,0
3.220076,1.745329,-0.041384,0.000000,0
3.221075,1.745329,-0.038547,0.000000,0
3.222074,1.745329,-0.035710,0.000000,0
3.223072,1.745329,-0.032872,0.000000,0
3.224071,1.745329,-0.030035,0.000000,0
3.225069,1.745329,-0.027198,0.000000,0
3.226068,1.745329,-0.024361,0.000000,0
3.227067,1.745329,-0.021523,0.000000,0
3.228065,1.745329,-0.018686,0.000000,0
3.229064,1.745329,-0.015849,0.000000,0
3.230063,1.745329,-0.013012,0.000000,0
3.231061,1.745329,-0.010174,0.000000,0
3.232060,1.745329,-0.007337,0.000000,0
3.233059,1.745329,-0.004500,0.000000,0
3.234057,1.745329,-0.001663,0.000000,0
3.235056,1.745329,0.001174,0.000000,0
3.236054,1.745329,0.004012,0.000000,0
3.237053,1.745329,0.006849,0.000000,0
3.238052,1.745329,0.009686,0.000000,0
3.239050,1.745329,0.012523,0.000000,0
3.240049,1.745329,0.015361,0.000000,0
3.241048,1.745329,0.018198,0.000000,0
3.242046,1.745329,0.021035,0.000000,0
3.243045,1.745329,0.023872,0.000000,0
3.244044,1.745329,0.026710,0.000000,0
3.245042,1.745329,0.029547,0.000000,0
3.246041,1.745329,0.032384,0.000000,0
3.247040,1.745329,0.035221,0.000000,0
3.248038,1.745329,0.038059,0.000000,0
3.249037,1.745329,0.040896,0.000000,0
3.250035,1.745329,0.043733,0.000000,0
3.251034,1.745329,0.046570,0.000000,0
3.252033,1.745329,0.049408,0.000000,0
3.253031,1.745329,0.052245,0.000000,0
3.254030,1.745329,0.055082,0.000000,0
3.255029,1.745329,0.057919,0.000000,0
3.256027,1.745329,0.060757,0.000000,0
3.257026,1.745329,0.063594,0.000000,0
3.258025,1.745329,0.066431,0.000000,0
3.259023,1.745329,0.069268,0.000000,0
3.260022,1.745329,0.072106,0.000000,0
3.261020,1.745329,0.074943,0.000000,0
3.262019,1.745329,0.077780,0.000000,0
3.263018,1.745329,0.080617,0.000000,0
3.264016,1.745329,0.083430,0.000000,0
3.265015,1.745329,0.086148,0.000000,0
3.266014,1.745329,0.088767,0.000000,0
3.267012,1.745329,0.091287,0.000000,0
3.268011,1.745329,0.093709,0.000000,0
3.269010,1.745329,0.096031,0.000000,0
3.270008,1.745329,0.098255,0.000000,0
3.271007,1.745329,0.100380,0.000000,0
3.272005,1.745329,0.102406,0.000000,0
3.273004,1.745329,0.104333,0.000000,0
3.274003,1.745329,0.106162,0.000000,0
3.275001,1.745329,0.107891,0.000000,0
3.276000,1.745329,0.109522,0.000000,0
3.276999,1.745329,0.111054,0.000000,0
3.277997,1.745329,0.112487,0.000000,0
3.278996,1.745329,0.113822,0.000000,0
3.279995,1.745329,0.115057,0.000000,0
3.280993,1.745329,0.116194,0.000000,0
3.281992,1.745329,0.117231,0.000000,0
3.282990,1.745329,0.118170,0.000000,0
3.283989,1.745329,0.119010,0.000000,0
3.284988,1.745329,0.119752,0.000000,0
3.285986,1.745329,0.120394,0.000000,0
3.286985,1.745329,0.120938,0.000000,0
3.287984,1.745329,0.121382,0.000000,0
3.288982,1.745329,0.121728,0.000000,0
3.289981,1.745329,0.121975,0.000000,0
3.290980,1.745329,0.122124,0.000000,0
3.291978,1.745329,0.122173,0.000000,1
3.292977,1.739781,0.120252,0.000000,1
3.293976,1.734157,0.118327,0.000000,1
3.294974,1.728466,0.116397,0.000000,1
3.295973,1.722717,0.114462,0.000000,1
3.296971,1.716918,0.112521,0.000000,1
3.297970,1.711078,0.110574,0.000000,1
3.298969,1.705205,0.108621,0.000000,1
3.299967,1.699307,0.106660,0.000000,1
3.300966,1.693393,0.104693,0.000000,1
3.301965,1.687470,0.102719,0.000000,1
3.302963,1.681545,0.100737,0.000000,1
3.303962,1.675627,0.098747,0.000000,1
3.304961,1.669723,0.096749,0.000000,1
3.305959,1.663840,0.094744,0.000000,1
3.306958,1.657985,0.092729,0.000000,1
3.307956,1.652165,0.090706,0.000000,1
3.308955,1.646388,0.088675,0.000000,1
3.309954,1.640659,0.086635,0.000000,1
3.310952,1.634986,0.084586,0.000000,1
3.311951,1.629375,0.082529,0.000000,1
3.312950,1.623831,0.080463,0.000000,1
3.313948,1.618363,0.078387,0.000000,1
3.314947,1.612974,0.076304,0.000000,1
3.315946,1.607671,0.074211,0.000000,1
3.316944,1.602461,0.072109,0.000000,1
3.317943,1.597347,0.069999,0.000000,1
3.318941,1.592337,0.067881,0.000000,1
3.319940,1.587434,0.065754,0.000000,1
3.320939,1.582645,0.063618,0.000000,1
3.321937,1.577974,0.061475,0.000000,1
3.322936,1.573426,0.059323,0.000000,1
3.323935,1.569005,0.057164,0.000000,1
3.324933,1.564716,0.054996,0.000000,1
3.325932,1.560564,0.052822,0.000000,1
3.326931,1.556552,0.050640,0.000000,1
3.327929,1.552685,0.048451,0.000000,1
3.328928,1.548966,0.046255,0.000000,1
3.329927,1.545400,0.044052,0.000000,1
3.330925,1.541988,0.041843,0.000000,1
3.331924,1.538736,0.039628,0.000000,1
3.332922,1.535646,0.037407,0.000000,1
3.333921,1.532721,0.035181,0.000000,1
3.334920,1.529964,0.032949,0.000000,1
3.335918,1.527377,0.030712,0.000000,1
3.336917,1.524964,0.028471,0.000000,1
3.337916,1.522725,0.026225,0.000000,1
3.338914,1.520665,0.023975,0.000000,1
3.339913,1.518784,0.021722,0.000000,1
3.340912,1.517084,0.019465,0.000000,1
3.341910,1.515567,0.017205,0.000000,1
3.342909,1.514235,0.014943,0.000000,1
3.343907,1.513088,0.012678,0.000000,1
3.344906,1.512128,0.010411,0.000000,1
3.345905,1.511356,0.008143,0.000000,1
3.346903,1.510772,0.005873,0.000000,1
3.347902,1.510377,0.003602,0.000000,1
3.348901,1.510171,0.001331,0.000000,1
3.349899,1.510155,-0.000940,0.000000,1
3.350898,1.510328,-0.003212,0.000000,1
3.351897,1.510691,-0.005482,0.000000,1
3.352895,1.511242,-0.007752,0.000000,1
3.353894,1.511982,-0.010021,0.000000,1
3.354892,1.512910,-0.012288,0.000000,1
3.355891,1.514025,-0.014553,0.000000,1
3.356890,1.515325,-0.016816,0.000000,1
3.357888,1.516810,-0.019076,0.000000,1
3.358887,1.518478,-0.021334,0.000000,1
3.359886,1.520328,-0.023588,0.000000,1
3.360884,1.522358,-0.025838,0.000000,1
3.361883,1.524566,-0.028085,0.000000,1
3.362882,1.526949,-0.030327,0.000000,1
3.363880,1.529506,-0.032564,0.000000,1
3.364879,1.532234,-0.034797,0.000000,1
3.365877,1.535131,-0.037024,0.000000,1
3.366876,1.538193,-0.039246,0.000000,1
3.367875,1.541417,-0.041462,0.000000,1
3.368873,1.544801,-0.043672,0.000000,1
3.369872,1.548342,-0.045876,0.000000,1
3.370871,1.552034,-0.048073,0.000000,1
3.371869,1.555876,-0.050263,0.000000,1
3.372868,1.559864,-0.052447,0.000000,1
3.373867,1.563992,-0.054623,0.000000,1
3.374865,1.568257,-0.056791,0.000000,1
3.375864,1.572656,-0.058952,0.000000,1
3.376863,1.577182,-0.061105,0.000000,1
3.377861,1.581833,-0.063250,0.000000,1
3.378860,1.586602,-0.065387,0.000000,1
3.379858,1.591485,-0.067515,0.000000,1
3.380857,1.596478,-0.069635,0.000000,1
3.381856,1.601574,-0.071747,0.000000,1
3.382854,1.606768,-0.073850,0.000000,1
3.383853,1.612055,-0.075944,0.000000,1
3.384852,1.617429,-0.078029,0.000000,1
3.385850,1.622885,-0.080106,0.000000,1
3.386849,1.628416,-0.082174,0.000000,1
3.387848,1.634016,-0.084233,0.000000,1
3.388846,1.639679,-0.086283,0.000000,1
3.389845,1.645398,-0.088325,0.000000,1
3.390843,1.651168,-0.090358,0.000000,1
3.391842,1.656981,-0.092382,0.000000,1
3.392841,1.662830,-0.094397,0.000000,1
3.393839,1.668709,-0.096405,0.000000,1
3.394838,1.674610,-0.098404,0.000000,1
3.395837,1.680526,-0.100395,0.000000,1
3.396835,1.686450,-0.102378,0.000000,1
3.397834,1.692374,-0.104354,0.000000,1
3.398833,1.698290,-0.106322,0.000000,1
3.399831,1.704192,-0.108284,0.000000,1
3.400830,1.710069,-0.110238,0.000000,1
3.401828,1.715916,-0.112186,0.000000,1
3.402827,1.721722,-0.114128,0.000000,1
3.403826,1.727481,-0.116064,0.000000,1
3.404824,1.733182,-0.117995,0.000000,1
3.405823,1.738819,-0.119921,0.000000,1
3.406822,1.744380,-0.121843,0.000000,1
3.407820,1.745329,-0.122139,0.000000,0
3.408819,1.745329,-0.122008,0.000000,0
3.409818,1.745329,-0.121778,0.000000,0
3.410816,1.745329,-0.121449,0.000000,0
3.411815,1.745329,-0.121021,0.000000,0
3.412814,1.745329,-0.120495,0.000000,0
3.413812,1.745329,-0.119869,0.000000,0
3.414811,1.745329,-0.119145,0.000000,0
3.415809,1.745329,-0.118322,0.000000,0
3.416808,1.745329,-0.117400,0.000000,0
3.417807,1.745329,-0.116379,0.000000,0
3.418805,1.745329,-0.115260,0.000000,0
3.419804,1.745329,-0.114041,0.000000,0
3.420803,1.745329,-0.112724,0.000000,0
3.421801,1.745329,-0.111308,0.000000,0
3.422800,1.745329,-0.109793,0.000000,0
3.423799,1.745329,-0.108179,0.000000,0
3.424797,1.745329,-0.106467,0.000000,0
3.425796,1.745329,-0.104655,0.000000,0
3.426794,1.745329,-0.102745,0.000000,0
3.427793,1.745329,-0.100736,0.000000,0
3.428792,1.745329,-0.098628,0.000000,0
3.429790,1.745329,-0.096421,0.000000,0
3.430789,1.745329,-0.094115,0.000000,0
3.431788,1.745329,-0.091711,0.000000,0
3.432786,1.745329,-0.089208,0.000000,0
3.433785,1.745329,-0.086606,0.000000,0
3.434784,1.745329,-0.083905,0.000000,0
3.435782,1.745329,-0.081106,0.000000,0
3.436781,1.745329,-0.078268,0.000000,0
3.437779,1.745329,-0.075431,0.000000,0
3.438778,1.745329,-0.072594,0.000000,0
3.439777,1.745329,-0.069757,0.000000,0
3.440775,1.745329,-0.066919,0.000000,0
3.441774,1.745329,-0.064082,0.000000,0
3.442773,1.745329,-0.061245,0.000000,0
3.443771,1.745329,-0.058408,0.000000,0
3.444770,1.745329,-0.055570,0.000000,0
3.445769,1.745329,-0.052733,0.000000,0
3.446767,1.745329,-0.049896,0.000000,0
3.447766,1.745329,-0.047059,0.000000,0
3.448764,1.745329,-0.044221,0.000000,0
3.449763,1.745329,-0.041384,0.000000,0
3.450762,1.745329,-0.038547,0.000000,0
3.451760,1.745329,-0.035710,0.000000,0
3.452759,1.745329,-0.032872,0.000000,0
3.453758,1.745329,-0.030035,0.000000,0
3.454756,1.745329,-0.027198,0.000000,0
3.455755,1.745329,-0.024361,0.000000,0
3.456754,1.745329,-0.021523,0.000000,0
3.457752,1.745329,-0.018686,0.000000,0
3.458751,1.745329,-0.015849,0.000000,0
3.459750,1.745329,-0.013012,0.000000,0
3.460748,1.745329,-0.010174,0.000000,0
3.461747,1.745329,-0.007337,0.000000,0
3.462745,1.745329,-0.004500,0.000000,0
3.463744,1.745329,-0.001663,0.000000,0
3.464743,1.745329,0.001174,0.000000,0
3.465741,1.745329,0.004012,0.000000,0
3.466740,1.745329,0.006849,0.000000,0
3.467739,1.745329,0.009686,0.000000,0
3.468737,1.745329,0.012523,0.000000,0
3.469736,1.745329,0.015361,0.000000,0
3.470735,1.745329,0.018198,0.000000,0
3.471733,1.745329,0.021035,0.000000,0
3.472732,1.745329,0.023872,0.000000,0
3.473730,1.745329,0.026710,0.000000,0
3.474729,1.745329,0.029547,0.000000,0
3.475728,1.745329,0.032384,0.000000,0
3.476726,1.745329,0.035221,0.000000,0
3.477725,1.745329,0.038059,0.000000,0
3.478724,1.745329,0.040896,0.000000,0
3.479722,1.745329,0.043733,0.000000,0
3.480721,1.745329,0.046570,0.000000,0
3.481720,1.745329,0.049408,0.000000,0
3.482718,1.745329,0.052245,0.000000,0
3.483717,1.745329,0.055082,0.000000,0
3.484715,1.745329,0.057919,0.000000,0
3.485714,1.745329,0.060757,0.000000,0
3.486713,1.745329,0.063594,0.000000,0
3.487711,1.745329,0.066431,0.000000,0
3.488710,1.745329,0.069268,0.000000,0
3.489709,1.745329,0.072106,0.000000,0
3.490707,1.745329,0.074943,0.000000,0
3.491706,1.745329,0.077780,0.000000,0
3.492705,1.745329,0.080617,0.000000,0
3.493703,1.745329,0.083430,0.000000,0
3.494702,1.745329,0.086148,0.000000,0
3.495701,1.745329,0.088767,0.000000,0
3.496699,1.745329,0.091287,0.000000,0
3.497698,1.745329,0.093709,0.000000,0
3.498696,1.745329,0.096031,0.000000,0
3.499695,1.745329,0.098255,0.000000,0
3.500694,1.745329,0.100380,0.000000,0
3.501692,1.745329,0.102406,0.000000,0
3.502691,1.745329,0.104333,0.000000,0
3.503690,1.745329,0.106162,0.000000,0
3.504688,1.745329,0.107891,0.000000,0
3.505687,1.745329,0.109522,0.000000,0
3.506686,1.745329,0.111054,0.000000,0
3.507684,1.745329,0.112487,0.000000,0
3.508683,1.745329,0.113822,0.000000,0
3.509681,1.745329,0.115057,0.000000,0
3.510680,1.745329,0.116194,0.000000,0
3.511679,1.745329,0.117231,0.000000,0
3.512677,1.745329,0.118170,0.000000,0
3.513676,1.745329,0.119010,0.000000,0
3.514675,1.745329,0.119752,0.000000,0
3.515673,1.745329,0.120394,0.000000,0
3.516672,1.745329,0.120938,0.000000,0
3.517671,1.745329,0.121382,0.000000,0
3.518669,1.745329,0.121728,0.000000,0
3.519668,1.745329,0.121975,0.000000,0
3.520666,1.745329,0.122124,0.000000,0
3.521665,1.745329,0.157080,0.000000,1
3.522665,1.737326,0.154528,0.000000,1
3.523665,1.729253,0.151967,0.000000,1
3.524665,1.721124,0.149393,0.000000,1
3.525665,1.712949,0.146807,0.000000,1
3.526665,1.704740,0.144208,0.000000,1
3.527665,1.696509,0.141595,0.000000,1
3.528665,1.688266,0.138968,0.000000,1
3.529665,1.680023,0.136325,0.000000,1
3.530665,1.671790,0.133668,0.000000,1
3.531665,1.663578,0.130994,0.000000,1
3.532665,1.655397,0.128305,0.000000,1
3.533665,1.647258,0.125598,0.000000,1
3.534665,1.639170,0.122875,0.000000,1
3.535665,1.631143,0.120135,0.000000,1
3.536665,1.623186,0.117378,0.000000,1
3.537665,1.615310,0.114603,0.000000,1
3.538665,1.607523,0.111810,0.000000,1
3.539665,1.599835,0.109000,0.000000,1
3.540665,1.592254,0.106173,0.000000,1
3.541665,1.584788,0.103327,0.000000,1
3.542665,1.577447,0.100465,0.000000,1
3.543665,1.570238,0.097585,0.000000,1
3.544665,1.563170,0.094687,0.000000,1
3.545665,1.556250,0.091773,0.000000,1
3.546665,1.549486,0.088842,0.000000,1
3.547665,1.542886,0.085894,0.000000,1
3.548665,1.536455,0.082929,0.000000,1
3.549665,1.530203,0.079949,0.000000,1
3.550665,1.524134,0.076953,0.000000,1
3.551665,1.518256,0.073942,0.000000,1
3.552665,1.512574,0.070916,0.000000,1
3.553665,1.507096,0.067876,0.000000,1
3.554665,1.501826,0.064821,0.000000,1
3.555665,1.496770,0.061753,0.000000,1
3.556665,1.491934,0.058672,0.000000,1
3.557665,1.487322,0.055579,0.000000,1
3.558665,1.482940,0.052474,0.000000,1
3.559665,1.478791,0.049357,0.000000,1
3.560665,1.474880,0.046230,0.000000,1
3.561664,1.471211,0.043092,0.000000,1
3.562664,1.467788,0.039945,0.000000,1
3.563664,1.464615,0.036789,0.000000,1
3.564664,1.461693,0.033625,0.000000,1
3.565664,1.459028,0.030453,0.000000,1
3.566664,1.456620,0.027274,0.000000,1
3.567664,1.454473,0.024089,0.000000,1
3.568664,1.452589,0.020899,0.000000,1
3.569664,1.450970,0.017704,0.000000,1
3.570664,1.449617,0.014505,0.000000,1
3.571664,1.448531,0.011302,0.000000,1
3.572664,1.447715,0.008097,0.000000,1
3.573664,1.447167,0.004890,0.000000,1
3.574664,1.446890,0.001682,0.000000,1
3.575664,1.446884,-0.001526,0.000000,1
3.576664,1.447148,-0.004734,0.000000,1
3.577664,1.447682,-0.007941,0.000000,1
3.578664,1.448485,-0.011146,0.000000,1
3.579664,1.449558,-0.014349,0.000000,1
3.580664,1.450898,-0.017548,0.000000,1
3.581664,1.452504,-0.020744,0.000000,1
3.582664,1.454375,-0.023934,0.000000,1
3.583664,1.456510,-0.027119,0.000000,1
3.584664,1.458904,-0.030298,0.000000,1
3.585664,1.461558,-0.033470,0.000000,1
3.586664,1.464466,-0.036635,0.000000,1
3.587664,1.467628,-0.039791,0.000000,1
3.588664,1.471039,-0.042939,0.000000,1
3.589664,1.474696,-0.046077,0.000000,1
3.590664,1.478595,-0.049205,0.000000,1
3.591664,1.482732,-0.052322,0.000000,1
3.592664,1.487103,-0.055428,0.000000,1
3.593664,1.491704,-0.058522,0.000000,1
3.594664,1.496530,-0.061604,0.000000,1
3.595664,1.501575,-0.064672,0.000000,1
3.596664,1.506834,-0.067727,0.000000,1
3.597664,1.512303,-0.070768,0.000000,1
3.598664,1.517974,-0.073795,0.000000,1
3.599664,1.523843,-0.076807,0.000000,1
3.600664,1.529903,-0.079804,0.000000,1
3.601664,1.536147,-0.082785,0.000000,1
3.602664,1.542568,-0.085750,0.000000,1
3.603664,1.549161,-0.088698,0.000000,1
3.604664,1.555917,-0.091630,0.000000,1
3.605664,1.562830,-0.094546,0.000000,1
3.606664,1.569891,-0.097444,0.000000,1
3.607664,1.577093,-0.100325,0.000000,1
3.608664,1.584428,-0.103188,0.000000,1
3.609664,1.591887,-0.106034,0.000000,1
3.610664,1.599463,-0.108863,0.000000,1
3.611664,1.607146,-0.111674,0.000000,1
3.612664,1.614929,-0.114467,0.000000,1
3.613664,1.622801,-0.117243,0.000000,1
3.614664,1.630753,-0.120001,0.000000,1
3.615664,1.638777,-0.122742,0.000000,1
3.616664,1.646862,-0.125466,0.000000,1
3.617664,1.655000,-0.128173,0.000000,1
3.618664,1.663179,-0.130864,0.000000,1
3.619664,1.671389,-0.133538,0.000000,1
3.620664,1.679621,-0.136196,0.000000,1
3.621664,1.687864,-0.138839,0.000000,1
3.622664,1.696107,-0.141467,0.000000,1
3.623664,1.704339,-0.144081,0.000000,1
3.624664,1.712550,-0.146681,0.000000,1
3.625663,1.720727,-0.149267,0.000000,1
3.626663,1.728859,-0.151841,0.000000,1
3.627663,1.736934,-0.154404,0.000000,1
3.628663,1.744941,-0.156956,0.000000,1
3.629663,1.745329,-0.157051,0.000000,0
3.630663,1.745329,-0.156960,0.000000,0
3.631663,1.745329,-0.156805,0.000000,0
3.632663,1.745329,-0.156587,0.000000,0
3.633663,1.745329,-0.156306,0.000000,0
3.634663,1.745329,-0.155962,0.000000,0
3.635663,1.745329,-0.155555,0.000000,0
3.636663,1.745329,-0.155085,0.000000,0
3.637663,1.745329,-0.154552,0.000000,0
3.638663,1.745329,-0.153955,0.000000,0
3.639663,1.745329,-0.153296,0.000000,0
3.640663,1.745329,-0.152573,0.000000,0
3.641663,1.745329,-0.151788,0.000000,0
3.642663,1.745329,-0.150939,0.000000,0
3.643663,1.745329,-0.150027,0.000000,0
3.644663,1.745329,-0.149052,0.000000,0
3.645663,1.745329,-0.148014,0.000000,0
3.646663,1.745329,-0.146913,0.000000,0
3.647663,1.745329,-0.145748,0.000000,0
3.648663,1.745329,-0.144521,0.000000,0
3.649663,1.745329,-0.143230,0.000000,0
3.650663,1.745329,-0.141877,0.000000,0
3.651663,1.745329,-0.140460,0.000000,0
3.652663,1.745329,-0.138980,0.000000,0
3.653663,1.745329,-0.137437,0.000000,0
3.654663,1.745329,-0.135831,0.000000,0
3.655663,1.745329,-0.134162,0.000000,0
3.656663,1.745329,-0.132430,0.000000,0
3.657663,1.745329,-0.130635,0.000000,0
3.658663,1.745329,-0.128777,0.000000,0
3.659663,1.745329,-0.126855,0.000000,0
3.660663,1.745329,-0.124870,0.000000,0
3.661663,1.745329,-0.122823,0.000000,0
3.662663,1.745329,-0.120712,0.000000,0
3.663663,1.745329,-0.118538,0.000000,0
3.664663,1.745329,-0.116301,0.000000,0
3.665663,1.745329,-0.114001,0.000000,0
3.666663,1.745329,-0.111638,0.000000,0
3.667663,1.745329,-0.109211,0.000000,0
3.668663,1.745329,-0.106722,0.000000,0
3.669663,1.745329,-0.104171,0.000000,0
3.670663,1.745329,-0.101600,0.000000,0
3.671663,1.745329,-0.099030,0.000000,0
3.672663,1.745329,-0.096459,0.000000,0
3.673663,1.745329,-0.093889,0.000000,0
3.674663,1.745329,-0.091318,0.000000,0
3.675663,1.745329,-0.088748,0.000000,0
3.676663,1.745329,-0.086177,0.000000,0
3.677663,1.745329,-0.083606,0.000000,0
3.678663,1.745329,-0.081036,0.000000,0
3.679663,1.745329,-0.078465,0.000000,0
3.680663,1.745329,-0.075895,0.000000,0
3.681663,1.745329,-0.073324,0.000000,0
3.682663,1.745329,-0.070754,0.000000,0
3.683663,1.745329,-0.068183,0.000000,0
3.684663,1.745329,-0.065612,0.000000,0
3.685663,1.745329,-0.063042,0.000000,0
3.686663,1.745329,-0.060471,0.000000,0
3.687663,1.745329,-0.057901,0.000000,0
3.688663,1.745329,-0.055330,0.000000,0
3.689663,1.745329,-0.052759,0.000000,0
3.690662,1.745329,-0.050189,0.000000,0
3.691662,1.745329,-0.047618,0.000000,0
3.692662,1.745329,-0.045048,0.000000,0
3.693662,1.745329,-0.042477,0.000000,0
3.694662,1.745329,-0.039907,0.000000,0
3.695662,1.745329,-0.037336,0.000000,0
3.696662,1.745329,-0.034765,0.000000,0
3.697662,1.745329,-0.032195,0.000000,0
3.698662,1.745329,-0.029624,0.000000,0
3.699662,1.745329,-0.027054,0.000000,0
3.700662,1.745329,-0.024483,0.000000,0
3.701662,1.745329,-0.021913,0.000000,0
3.702662,1.745329,-0.019342,0.000000,0
3.703662,1.745329,-0.016771,0.000000,0
3.704662,1.745329,-0.014201,0.000000,0
3.705662,1.745329,-0.011630,0.000000,0
3.706662,1.745329,-0.009060,0.000000,0
3.707662,1.745329,-0.006489,0.000000,0
3.708662,1.745329,-0.003918,0.000000,0
3.709662,1.745329,-0.001348,0.000000,0
3.710662,1.745329,0.001223,0.000000,0
3.711662,1.745329,0.003793,0.000000,0
3.712662,1.745329,0.006364,0.000000,0
3.713662,1.745329,0.008934,0.000000,0
3.714662,1.745329,0.011505,0.000000,0
3.715662,1.745329,0.014076,0.000000,0
3.716662,1.745329,0.016646,0.000000,0
3.717662,1.745329,0.019217,0.000000,0
3.718662,1.745329,0.021787,0.000000,0
3.719662,1.745329,0.024358,0.000000,0
3.720662,1.745329,0.026928,0.000000,0
3.721662,1.745329,0.029499,0.000000,0
3.722662,1.745329,0.032070,0.000000,0
3.723662,1.745329,0.034640,0.000000,0
3.724662,1.745329,0.037211,0.000000,0
3.725662,1.745329,0.039781,0.000000,0
3.726662,1.745329,0.042352,0.000000,0
3.727662,1.745329,0.044923,0.000000,0
3.728662,1.745329,0.047493,0.000000,0
3.729662,1.745329,0.050064,0.000000,0
3.730662,1.745329,0.052634,0.000000,0
3.731662,1.745329,0.055205,0.000000,0
3.732662,1.745329,0.057775,0.000000,0
3.733662,1.745329,0.060346,0.000000,0
3.734662,1.745329,0.062917,0.000000,0
3.735662,1.745329,0.065487,0.000000,0
3.736662,1.745329,0.068058,0.000000,0
3.737662,1.745329,0.070628,0.000000,0
3.738662,1.745329,0.073199,0.000000,0
3.739662,1.745329,0.075769,0.000000,0
3.740662,1.745329,0.078340,0.000000,0
3.741662,1.745329,0.080911,0.000000,0
3.742662,1.745329,0.083481,0.000000,0
3.743662,1.745329,0.086052,0.000000,0
3.744662,1.745329,0.088622,0.000000,0
3.745662,1.745329,0.091193,0.000000,0
3.746662,1.745329,0.093763,0.000000,0
3.747662,1.745329,0.096334,0.000000,0
3.748662,1.745329,0.098905,0.000000,0
3.749662,1.745329,0.101475,0.000000,0
3.750662,1.745329,0.104046,0.000000,0
3.751662,1.745329,0.106599,0.000000,0
3.752662,1.745329,0.109092,0.000000,0
3.753662,1.745329,0.111521,0.000000,0
3.754661,1.745329,0.113887,0.000000,0
3.755661,1.745329,0.116190,0.000000,0
3.756661,1.745329,0.118431,0.000000,0
3.757661,1.745329,0.120608,0.000000,0
3.758661,1.745329,0.122721,0.000000,0
3.759661,1.745329,0.124772,0.000000,0
3.760661,1.745329,0.126760,0.000000,0
3.761661,1.745329,0.128684,0.000000,0
3.762661,1.745329,0.130546,0.000000,0
3.763661,1.745329,0.132344,0.000000,0
3.764661,1.745329,0.134079,0.000000,0
3.765661,1.745329,0.135752,0.000000,0
3.766661,1.745329,0.137361,0.000000,0
3.767661,1.745329,0.138907,0.000000,0
3.768661,1.745329,0.140390,0.000000,0
3.769661,1.745329,0.141809,0.000000,0
3.770661,1.745329,0.143166,0.000000,0
3.771661,1.745329,0.144460,0.000000,0
3.772661,1.745329,0.145690,0.000000,0
3.773661,1.745329,0.146857,0.000000,0
3.774661,1.745329,0.147962,0.000000,0
3.775661,1.745329,0.149003,0.000000,0
3.776661,1.745329,0.149981,0.000000,0
3.777661,1.745329,0.150896,0.000000,0
3.778661,1.745329,0.151748,0.000000,0
3.779661,1.745329,0.152536,0.000000,0
3.780661,1.745329,0.153262,0.000000,0
3.781661,1.745329,0.153925,0.000000,0
3.782661,1.745329,0.154524,0.000000,0
3.783661,1.745329,0.155060,0.000000,0
3.784661,1.745329,0.155534,0.000000,0
3.785661,1.745329,0.155944,0.000000,0
3.786661,1.745329,0.156291,0.000000,0
3.787661,1.745329,0.156575,0.000000,0
3.788661,1.745329,0.156796,0.000000,0
3.789661,1.745329,0.156953,0.000000,0
3.790661,1.745329,0.157048,0.000000,0
3.791661,1.745329,0.157080,0.000000,1
3.792661,1.737326,0.154528,0.000000,1
3.793661,1.729253,0.151967,0.000000,1
3.794661,1.721124,0.149393,0.000000,1
3.795661,1.712949,0.146807,0.000000,1
3.796661,1.704740,0.144208,0.000000,1
3.797661,1.696509,0.141595,0.000000,1
3.798661,1.688266,0.138968,0.000000,1
3.799661,1.680023,0.136325,0.000000,1
3.800661,1.671790,0.133668,0.000000,1
3.801661,1.663578,0.130994,0.000000,1
3.802661,1.655397,0.128305,0.000000,1
3.803661,1.647258,0.125598,0.000000,1
3.804661,1.639170,0.122875,0.000000,1
3.805661,1.631143,0.120135,0.000000,1
3.806661,1.623186,0.117378,0.000000,1
3.807661,1.615310,0.114603,0.000000,1
3.808661,1.607523,0.111810,0.000000,1
3.809661,1.599835,0.109000,0.000000,1
3.810661,1.592254,0.106173,0.000000,1
3.811661,1.584788,0.103327,0.000000,1
3.812661,1.577447,0.100465,0.000000,1
3.813661,1.570238,0.097585,0.000000,1
3.814661,1.563170,0.094687,0.000000,1
3.815661,1.556250,0.091773,0.000000,1
3.816661,1.549486,0.088842,0.000000,1
3.817661,1.542886,0.085894,0.000000,1
3.818660,1.536455,0.082929,0.000000,1
3.819660,1.530203,0.079949,0.000000,1
3.820660,1.524134,0.076953,0.000000,1
3.821660,1.518256,0.073942,0.000000,1
3.822660,1.512574,0.070916,0.000000,1
3.823660,1.507096,0.067876,0.000000,1
3.824660,1.501826,0.064821,0.000000,1
3.825660,1.496770,0.061753,0.000000,1
3.826660,1.491934,0.058672,0.000000,1
3.827660,1.487322,0.055579,0.000000,1
3.828660,1.482940,0.052474,0.000000,1
3.829660,1.478791,0.049357,0.000000,1
3.830660,1.474880,0.046230,0.000000,1
3.831660,1.471211,0.043092,0.000000,1
3.832660,1.467788,0.039945,0.000000,1
3.833660,1.464615,0.036789,0.000000,1
3.834660,1.461693,0.033625,0.000000,1
3.835660,1.459028,0.030453,0.000000,1
3.836660,1.456620,0.027274,0.000000,1
3.837660,1.454473,0.024089,0.000000,1
3.838660,1.452589,0.020899,0.000000,1
3.839660,1.450970,0.017704,0.000000,1
3.840660,1.449617,0.014505,0.000000,1
3.841660,1.448531,0.011302,0.000000,1
3.842660,1.447715,0.008097,0.000000,1
3.843660,1.447167,0.004890,0.000000,1
3.844660,1.446890,0.001682,0.000000,1
3.845660,1.446884,-0.001526,0.000000,1
3.846660,1.447148,-0.004734,0.000000,1
3.847660,1.447682,-0.007941,0.000000,1
3.848660,1.448485,-0.011146,0.000000,1
3.849660,1.449558,-0.014349,0.000000,1
3.850660,1.450898,-0.017548,0.000000,1
3.851660,1.452504,-0.020744,0.000000,1
3.852660,1.454375,-0.023934,0.000000,1
3.853660,1.456510,-0.027119,0.000000,1
3.854660,1.458904,-0.030298,0.000000,1
3.855660,1.461558,-0.033470,0.000000,1
3.856660,1.464466,-0.036635,0.000000,1
3.857660,1.467628,-0.039791,0.000000,1
3.858660,1.471039,-0.042939,0.000000,1
3.859660,1.474696,-0.046077,0.000000,1
3.860660,1.478595,-0.049205,0.000000,1
3.861660,1.482732,-0.052322,0.000000,1
3.862660,1.487103,-0.055428,0.000000,1
3.863660,1.491704,-0.058522,0.000000,1
3.864660,1.496530,-0.061604,0.000000,1
3.865660,1.501575,-0.064672,0.000000,1
3.866660,1.506834,-0.067727,0.000000,1
3.867660,1.512303,-0.070768,0.000000,1
3.868660,1.517974,-0.073795,0.000000,1
3.869660,1.523843,-0.076807,0.000000,1
3.870660,1.529903,-0.079804,0.000000,1
3.871660,1.536147,-0.082785,0.000000,1
3.872660,1.542568,-0.085750,0.000000,1
3.873660,1.549161,-0.088698,0.000000,1
3.874660,1.555917,-0.091630,0.000000,1
3.875660,1.562830,-0.094546,0.000000,1
3.876660,1.569891,-0.097444,0.000000,1
3.877660,1.577093,-0.100325,0.000000,1
3.878660,1.584428,-0.103188,0.000000,1
3.879660,1.591887,-0.106034,0.000000,1
3.880660,1.599463,-0.108863,0.000000,1
3.881660,1.607146,-0.111674,0.000000,1
3.882660,1.614929,-0.114467,0.000000,1
3.883659,1.622801,-0.117243,0.000000,1
3.884659,1.630753,-0.120001,0.000000,1
3.885659,1.638777,-0.122742,0.000000,1
3.886659,1.646862,-0.125466,0.000000,1
3.887659,1.655000,-0.128173,0.000000,1
3.888659,1.663179,-0.130864,0.000000,1
3.889659,1.671389,-0.133538,0.000000,1
3.890659,1.679621,-0.136196,0.000000,1
3.891659,1.687864,-0.138839,0.000000,1
3.892659,1.696107,-0.141467,0.000000,1
3.893659,1.704339,-0.144081,0.000000,1
3.894659,1.712550,-0.146681,0.000000,1
3.895659,1.720727,-0.149267,0.000000,1
3.896659,1.728859,-0.151841,0.000000,1
3.897659,1.736934,-0.154404,0.000000,1
3.898659,1.744941,-0.156956,0.000000,1
3.899659,1.745329,-0.157051,0.000000,0
3.900659,1.745329,-0.156960,0.000000,0
3.901659,1.745329,-0.156805,0.000000,0
3.902659,1.745329,-0.156587,0.000000,0
3.903659,1.745329,-0.156306,0.000000,0
3.904659,1.745329,-0.155962,0.000000,0
3.905659,1.745329,-0.155555,0.000000,0
3.906659,1.745329,-0.155085,0.000000,0
3.907659,1.745329,-0.154552,0.000000,0
3.908659,1.745329,-0.153955,0.000000,0
3.909659,1.745329,-0.153296,0.000000,0
3.910659,1.745329,-0.152573,0.000000,0
3.911659,1.745329,-0.151788,0.000000,0
3.912659,1.745329,-0.150939,0.000000,0
3.913659,1.745329,-0.150027,0.000000,0
3.914659,1.745329,-0.149052,0.000000,0
3.915659,1.745329,-0.148014,0.000000,0
3.916659,1.745329,-0.146913,0.000000,0
3.917659,1.745329,-0.145748,0.000000,0
3.918659,1.745329,-0.144521,0.000000,0
3.919659,1.745329,-0.143230,0.000000,0
3.920659,1.745329,-0.141877,0.000000,0
3.921659,1.745329,-0.140460,0.000000,0
3.922659,1.745329,-0.138980,0.000000,0
3.923659,1.745329,-0.137437,0.000000,0
3.924659,1.745329,-0.135831,0.000000,0
3.925659,1.745329,-0.134162,0.000000,0
3.926659,1.745329,-0.132430,0.000000,0
3.927659,1.745329,-0.130635,0.000000,0
3.928659,1.745329,-0.128777,0.000000,0
3.929659,1.745329,-0.126855,0.000000,0
3.930659,1.745329,-0.124870,0.000000,0
3.931659,1.745329,-0.122823,0.000000,0
3.932659,1.745329,-0.120712,0.000000,0
3.933659,1.745329,-0.118538,0.000000,0
3.934659,1.745329,-0.116301,0.000000,0
3.935659,1.745329,-0.114001,0.000000,0
3.936659,1.745329,-0.111638,0.000000,0
3.937659,1.745329,-0.109211,0.000000,0
3.938659,1.745329,-0.106722,0.000000,0
3.939659,1.745329,-0.104171,0.000000,0
3.940659,1.745329,-0.101600,0.000000,0
3.941659,1.745329,-0.099030,0.000000,0
3.942659,1.745329,-0.096459,0.000000,0
3.943659,1.745329,-0.093889,0.000000,0
3.944659,1.745329,-0.091318,0.000000,0
3.945659,1.745329,-0.088748,0.000000,0
3.946659,1.745329,-0.086177,0.000000,0
3.947658,1.745329,-0.083606,0.000000,0
3.948658,1.745329,-0.081036,0.000000,0
3.949658,1.745329,-0.078465,0.000000,0
3.950658,1.745329,-0.075895,0.000000,0
3.951658,1.745329,-0.073324,0.000000,0
3.952658,1.745329,-0.070754,0.000000,0
3.953658,1.745329,-0.068183,0.000000,0
3.954658,1.745329,-0.065612,0.000000,0
3.955658,1.745329,-0.063042,0.000000,0
3.956658,1.745329,-0.060471,0.000000,0
3.957658,1.745329,-0.057901,0.000000,0
3.958658,1.745329,-0.055330,0.000000,0
3.959658,1.745329,-0.052759,0.000000,0
3.960658,1.745329,-0.050189,0.000000,0
3.961658,1.745329,-0.047618,0.000000,0
3.962658,1.745329,-0.045048,0.000000,0
3.963658,1.745329,-0.042477,0.000000,0
3.964658,1.745329,-0.039907,0.000000,0
3.965658,1.745329,-0.037336,0.000000,0
3.966658,1.745329,-0.034765,0.000000,0
3.967658,1.745329,-0.032195,0.000000,0
3.968658,1.745329,-0.029624,0.000000,0
3.969658,1.745329,-0.027054,0.000000,0
3.970658,1.745329,-0.024483,0.000000,0
3.971658,1.745329,-0.021913,0.000000,0
3.972658,1.745329,-0.019342,0.000000,0
3.973658,1.745329,-0.016771,0.000000,0
3.974658,1.745329,-0.014201,0.000000,0
3.975658,1.745329,-0.011630,0.000000,0
3.976658,1.745329,-0.009060,0.000000,0
3.977658,1.745329,-0.006489,0.000000,0
3.978658,1.745329,-0.003918,0.000000,0
3.979658,1.745329,-0.001348,0.000000,0
3.980658,1.745329,0.001223,0.000000,0
3.981658,1.745329,0.003793,0.000000,0
3.982658,1.745329,0.006364,0.000000,0
3.983658,1.745329,0.008934,0.000000,0
3.984658,1.745329,0.011505,0.000000,0
3.985658,1.745329,0.014076,0.000000,0
3.986658,1.745329,0.016646,0.000000,0
3.987658,1.745329,0.019217,0.000000,0
3.988658,1.745329,0.021787,0.000000,0
3.989658,1.745329,0.024358,0.000000,0
3.990658,1.745329,0.026928,0.000000,0
3.991658,1.745329,0.029499,0.000000,0
3.992658,1.745329,0.032070,0.000000,0
3.993658,1.745329,0.034640,0.000000,0
3.994658,1.745329,0.037211,0.000000,0
3.995658,1.745329,0.039781,0.000000,0
3.996658,1.745329,0.042352,0.000000,0
3.997658,1.745329,0.044923,0.000000,0
3.998658,1.745329,0.047493,0.000000,0
3.999658,1.745329,0.050064,0.000000,0
4.000658,1.745329,0.052634,0.000000,0
4.001658,1.745329,0.055205,0.000000,0
4.002658,1.745329,0.057775,0.000000,0
4.003658,1.745329,0.060346,0.000000,0
4.004658,1.745329,0.062917,0.000000,0
4.005658,1.745329,0.065487,0.000000,0
4.006658,1.745329,0.068058,0.000000,0
4.007658,1.745329,0.070628,0.000000,0
4.008658,1.745329,0.073199,0.000000,0
4.009658,1.745329,0.075769,0.000000,0
4.010658,1.745329,0.078340,0.000000,0
4.011658,1.745329,0.080911,0.000000,0
4.012657,1.745329,0.083481,0.000000,0
4.013657,1.745329,0.086052,0.000000,0
4.014657,1.745329,0.088622,0.000000,0
4.015657,1.745329,0.091193,0.000000,0
4.016657,1.745329,0.093763,0.000000,0
4.017657,1.745329,0.096334,0.000000,0
4.018657,1.745329,0.098905,0.000000,0
4.019657,1.745329,0.101475,0.000000,0
4.020657,1.745329,0.104046,0.000000,0
4.021657,1.745329,0.106599,0.000000,0
4.022657,1.745329,0.109092,0.000000,0
4.023657,1.745329,0.111521,0.000000,0
4.024657,1.745329,0.113887,0.000000,0
4.025657,1.745329,0.116190,0.000000,0
4.026657,1.745329,0.118431,0.000000,0
4.027657,1.745329,0.120608,0.000000,0
4.028657,1.745329,0.122721,0.000000,0
4.029657,1.745329,0.124772,0.000000,0
4.030657,1.745329,0.126760,0.000000,0
4.031657,1.745329,0.128684,0.000000,0
4.032657,1.745329,0.130546,0.000000,0
4.033657,1.745329,0.132344,0.000000,0
4.034657,1.745329,0.134079,0.000000,0
4.035657,1.745329,0.135752,0.000000,0
4.036657,1.745329,0.137361,0.000000,0
4.037657,1.745329,0.138907,0.000000,0
4.038657,1.745329,0.140390,0.000000,0
4.039657,1.745329,0.141809,0.000000,0
4.040657,1.745329,0.143166,0.000000,0
4.041657,1.745329,0.144460,0.000000,0
4.042657,1.745329,0.145690,0.000000,0
4.043657,1.745329,0.146857,0.000000,0
4.044657,1.745329,0.147962,0.000000,0
4.045657,1.745329,0.149003,0.000000,0
4.046657,1.745329,0.149981,0.000000,0
4.047657,1.745329,0.150896,0.000000,0
4.048657,1.745329,0.151748,0.000000,0
4.049657,1.745329,0.152536,0.000000,0
4.050657,1.745329,0.153262,0.000000,0
4.051657,1.745329,0.153925,0.000000,0
4.052657,1.745329,0.154524,0.000000,0
4.053657,1.745329,0.155060,0.000000,0
4.054657,1.745329,0.155534,0.000000,0
4.055657,1.745329,0.155944,0.000000,0
4.056657,1.745329,0.156291,0.000000,0
4.057657,1.745329,0.156575,0.000000,0
4.058657,1.745329,0.156796,0.000000,0
4.059657,1.745329,0.156953,0.000000,0
4.060657,1.745329,0.157048,0.000000,0
4.061657,1.745329,0.157080,0.000000,1
4.062657,1.737326,0.154528,0.000000,1
4.063657,1.729253,0.151967,0.000000,1
4.064657,1.721124,0.149393,0.000000,1
4.065657,1.712949,0.146807,0.000000,1
4.066657,1.704740,0.144208,0.000000,1
4.067657,1.696509,0.141595,0.000000,1
4.068657,1.688266,0.138968,0.000000,1
4.069657,1.680023,0.136325,0.000000,1
4.070657,1.671790,0.133668,0.000000,1
4.071657,1.663578,0.130994,0.000000,1
4.072657,1.655397,0.128305,0.000000,1
4.073657,1.647258,0.125598,0.000000,1
4.074657,1.639170,0.122875,0.000000,1
4.075657,1.631143,0.120135,0.000000,1
4.076656,1.623186,0.117378,0.000000,1
4.077656,1.615310,0.114603,0.000000,1
4.078656,1.607523,0.111810,0.000000,1
4.079656,1.599835,0.109000,0.000000,1
4.080656,1.592254,0.106173,0.000000,1
4.081656,1.584788,0.103327,0.000000,1
4.082656,1.577447,0.100465,0.000000,1
4.083656,1.570238,0.097585,0.000000,1
4.084656,1.563170,0.094687,0.000000,1
4.085656,1.556250,0.091773,0.000000,1
4.086656,1.549486,0.088842,0.000000,1
4.087656,1.542886,0.085894,0.000000,1
4.088656,1.536455,0.082929,0.000000,1
4.089656,1.530203,0.079949,0.000000,1
4.090656,1.524134,0.076953,0.000000,1
4.091656,1.518256,0.073942,0.000000,1
4.092656,1.512574,0.070916,0.000000,1
4.093656,1.507096,0.067876,0.000000,1
4.094656,1.501826,0.064821,0.000000,1
4.095656,1.496770,0.061753,0.000000,1
4.096656,1.491934,0.058672,0.000000,1
4.097656,1.487322,0.055579,0.000000,1
4.098656,1.482940,0.052474,0.000000,1
4.099656,1.478791,0.049357,0.000000,1
4.100656,1.474880,0.046230,0.000000,1
4.101656,1.471211,0.043092,0.000000,1
4.102656,1.467788,0.039945,0.000000,1
4.103656,1.464615,0.036789,0.000000,1
4.104656,1.461693,0.033625,0.000000,1
4.105656,1.459028,0.030453,0.000000,1
4.106656,1.456620,0.027274,0.000000,1
4.107656,1.454473,0.024089,0.000000,1
4.108656,1.452589,0.020899,0.000000,1
4.109656,1.450970,0.017704,0.000000,1
4.110656,1.449617,0.014505,0.000000,1
4.111656,1.448531,0.011302,0.000000,1
4.112656,1.447715,0.008097,0.000000,1
4.113656,1.447167,0.004890,0.000000,1
4.114656,1.446890,0.001682,0.000000,1
4.115656,1.446884,-0.001526,0.000000,1
4.116656,1.447148,-0.004734,0.000000,1
4.117656,1.447682,-0.007941,0.000000,1
4.118656,1.448485,-0.011146,0.000000,1
4.119656,1.449558,-0.014349,0.000000,1
4.120656,1.450898,-0.017548,0.000000,1
4.121656,1.452504,-0.020744,0.000000,1
4.122656,1.454375,-0.023934,0.000000,1
4.123656,1.456510,-0.027119,0.000000,1
4.124656,1.458904,-0.030298,0.000000,1
4.125656,1.461558,-0.033470,0.000000,1
4.126656,1.464466,-0.036635,0.000000,1
4.127656,1.467628,-0.039791,0.000000,1
4.128656,1.471039,-0.042939,0.000000,1
4.129656,1.474696,-0.046077,0.000000,1
4.130656,1.478595,-0.049205,0.000000,1
4.131656,1.482732,-0.052322,0.000000,1
4.132656,1.487103,-0.055428,0.000000,1
4.133656,1.491704,-0.058522,0.000000,1
4.134656,1.496530,-0.061604,0.000000,1
4.135656,1.501575,-0.064672,0.000000,1
4.136656,1.506834,-0.067727,0.000000,1
4.137656,1.512303,-0.070768,0.000000,1
4.138656,1.517974,-0.073795,0.000000,1
4.139656,1.523843,-0.076807,0.000000,1
4.140655,1.529903,-0.079804,0.000000,1
4.141655,1.536147,-0.082785,0.000000,1
4.142655,1.542568,-0.085750,0.000000,1
4.143655,1.549161,-0.088698,0.000000,1
4.144655,1.555917,-0.091630,0.000000,1
4.145655,1.562830,-0.094546,0.000000,1
4.146655,1.569891,-0.097444,0.000000,1
4.147655,1.577093,-0.100325,0.000000,1
4.148655,1.584428,-0.103188,0.000000,1
4.149655,1.591887,-0.106034,0.000000,1
4.150655,1.599463,-0.108863,0.000000,1
4.151655,1.607146,-0.111674,0.000000,1
4.152655,1.614929,-0.114467,0.000000,1
4.153655,1.622801,-0.117243,0.000000,1
4.154655,1.630753,-0.120001,0.000000,1
4.155655,1.638777,-0.122742,0.000000,1
4.156655,1.646862,-0.125466,0.000000,1
4.157655,1.655000,-0.128173,0.000000,1
4.158655,1.663179,-0.130864,0.000000,1
4.159655,1.671389,-0.133538,0.000000,1
4.160655,1.679621,-0.136196,0.000000,1
4.161655,1.687864,-0.138839,0.000000,1
4.162655,1.696107,-0.141467,0.000000,1
4.163655,1.704339,-0.144081,0.000000,1
4.164655,1.712550,-0.146681,0.000000,1
4.165655,1.720727,-0.149267,0.000000,1
4.166655,1.728859,-0.151841,0.000000,1
4.167655,1.736934,-0.154404,0.000000,1
4.168655,1.744941,-0.156956,0.000000,1
4.169655,1.745329,-0.157051,0.000000,0
4.170655,1.745329,-0.156960,0.000000,0
4.171655,1.745329,-0.156805,0.000000,0
4.172655,1.745329,-0.156587,0.000000,0
4.173655,1.745329,-0.156306,0.000000,0
4.174655,1.745329,-0.155962,0.000000,0
4.175655,1.745329,-0.155555,0.000000,0
4.176655,1.745329,-0.155085,0.000000,0
4.177655,1.745329,-0.154552,0.000000,0
4.178655,1.745329,-0.153955,0.000000,0
4.179655,1.745329,-0.153296,0.000000,0
4.180655,1.745329,-0.152573,0.000000,0
4.181655,1.745329,-0.151788,0.000000,0
4.182655,1.745329,-0.150939,0.000000,0
4.183655,1.745329,-0.150027,0.000000,0
4.184655,1.745329,-0.149052,0.000000,0
4.185655,1.745329,-0.148014,0.000000,0
4.186655,1.745329,-0.146913,0.000000,0
4.187655,1.745329,-0.145748,0.000000,0
4.188655,1.745329,-0.144521,0.000000,0
4.189655,1.745329,-0.143230,0.000000,0
4.190655,1.745329,-0.141877,0.000000,0
4.191655,1.745329,-0.140460,0.000000,0
4.192655,1.745329,-0.138980,0.000000,0
4.193655,1.745329,-0.137437,0.000000,0
4.194655,1.745329,-0.135831,0.000000,0
4.195655,1.745329,-0.134162,0.000000,0
4.196655,1.745329,-0.132430,0.000000,0
4.197655,1.745329,-0.130635,0.000000,0
4.198655,1.745329,-0.128777,0.000000,0
4.199655,1.745329,-0.126855,0.000000,0
4.200655,1.745329,-0.124870,0.000000,0
4.201655,1.745329,-0.122823,0.000000,0
4.202655,1.745329,-0.120712,0.000000,0
4.203655,1.745329,-0.118538,0.000000,0
4.204655,1.745329,-0.116301,0.000000,0
4.205654,1.745329,-0.114001,0.000000,0
4.206654,1.745329,-0.111638,0.000000,0
4.207654,1.745329,-0.109211,0.000000,0
4.208654,1.745329,-0.106722,0.000000,0
4.209654,1.745329,-0.104171,0.000000,0
4.210654,1.745329,-0.101600,0.000000,0
4.211654,1.745329,-0.099030,0.000000,0
4.212654,1.745329,-0.096459,0.000000,0
4.213654,1.745329,-0.093889,0.000000,0
4.214654,1.745329,-0.091318,0.000000,0
4.215654,1.745329,-0.088748,0.000000,0
4.216654,1.745329,-0.086177,0.000000,0
4.217654,1.745329,-0.083606,0.000000,0
4.218654,1.745329,-0.081036,0.000000,0
4.219654,1.745329,-0.078465,0.000000,0
4.220654,1.745329,-0.075895,0.000000,0
4.221654,1.745329,-0.073324,0.000000,0
4.222654,1.745329,-0.070754,0.000000,0
4.223654,1.745329,-0.068183,0.000000,0
4.224654,1.745329,-0.065612,0.000000,0
4.225654,1.745329,-0.063042,0.000000,0
4.226654,1.745329,-0.060471,0.000000,0
4.227654,1.745329,-0.057901,0.000000,0
4.228654,1.745329,-0.055330,0.000000,0
4.229654,1.745329,-0.052759,0.000000,0
4.230654,1.745329,-0.050189,0.000000,0
4.231654,1.745329,-0.047618,0.000000,0
4.232654,1.745329,-0.045048,0.000000,0
4.233654,1.745329,-0.042477,0.000000,0
4.234654,1.745329,-0.039907,0.000000,0
4.235654,1.745329,-0.037336,0.000000,0
4.236654,1.745329,-0.034765,0.000000,0
4.237654,1.745329,-0.032195,0.000000,0
4.238654,1.745329,-0.029624,0.000000,0
4.239654,1.745329,-0.027054,0.000000,0
4.240654,1.745329,-0.024483,0.000000,0
4.241654,1.745329,-0.021913,0.000000,0
4.242654,1.745329,-0.019342,0.000000,0
4.243654,1.745329,-0.016771,0.000000,0
4.244654,1.745329,-0.014201,0.000000,0
4.245654,1.745329,-0.011630,0.000000,0
4.246654,1.745329,-0.009060,0.000000,0
4.247654,1.745329,-0.006489,0.000000,0
4.248654,1.745329,-0.003918,0.000000,0
4.249654,1.745329,-0.001348,0.000000,0
4.250654,1.745329,0.001223,0.000000,0
4.251654,1.745329,0.003793,0.000000,0
4.252654,1.745329,0.006364,0.000000,0
4.253654,1.745329,0.008934,0.000000,0
4.254654,1.745329,0.011505,0.000000,0
4.255654,1.745329,0.014076,0.000000,0
4.256654,1.745329,0.016646,0.000000,0
4.257654,1.745329,0.019217,0.000000,0
4.258654,1.745329,0.021787,0.000000,0
4.259654,1.745329,0.024358,0.000000,0
4.260654,1.745329,0.026928,0.000000,0
4.261654,1.745329,0.029499,0.000000,0
4.262654,1.745329,0.032070,0.000000,0
4.263654,1.745329,0.034640,0.000000,0
4.264654,1.745329,0.037211,0.000000,0
4.265654,1.745329,0.039781,0.000000,0
4.266654,1.745329,0.042352,0.000000,0
4.267654,1.745329,0.044923,0.000000,0
4.268654,1.745329,0.047493,0.000000,0
4.269653,1.745329,0.050064,0.000000,0
4.270653,1.745329,0.052634,0.000000,0
4.271653,1.745329,0.055205,0.000000,0
4.272653,1.745329,0.057775,0.000000,0
4.273653,1.745329,0.060346,0.000000,0
4.274653,1.745329,0.062917,0.000000,0
4.275653,1.745329,0.065487,0.000000,0
4.276653,1.745329,0.068058,0.000000,0
4.277653,1.745329,0.070628,0.000000,0
4.278653,1.745329,0.073199,0.000000,0
4.279653,1.745329,0.075769,0.000000,0
4.280653,1.745329,0.078340,0.000000,0
4.281653,1.745329,0.080911,0.000000,0
4.282653,1.745329,0.083481,0.000000,0
4.283653,1.745329,0.086052,0.000000,0
4.284653,1.745329,0.088622,0.000000,0
4.285653,1.745329,0.091193,0.000000,0
4.286653,1.745329,0.093763,0.000000,0
4.287653,1.745329,0.096334,0.000000,0
4.288653,1.745329,0.098905,0.000000,0
4.289653,1.745329,0.101475,0.000000,0
4.290653,1.745329,0.104046,0.000000,0
4.291653,1.745329,0.106599,0.000000,0
4.292653,1.745329,0.109092,0.000000,0
4.293653,1.745329,0.111521,0.000000,0
4.294653,1.745329,0.113887,0.000000,0
4.295653,1.745329,0.116190,0.000000,0
4.296653,1.745329,0.118431,0.000000,0
4.297653,1.745329,0.120608,0.000000,0
4.298653,1.745329,0.122721,0.000000,0
4.299653,1.745329,0.124772,0.000000,0
4.300653,1.745329,0.126760,0.000000,0
4.301653,1.745329,0.128684,0.000000,0
4.302653,1.745329,0.130546,0.000000,0
4.303653,1.745329,0.132344,0.000000,0
4.304653,1.745329,0.134079,0.000000,0
4.305653,1.745329,0.135752,0.000000,0
4.306653,1.745329,0.137361,0.000000,0
4.307653,1.745329,0.138907,0.000000,0
4.308653,1.745329,0.140390,0.000000,0
4.309653,1.745329,0.141809,0.000000,0
4.310653,1.745329,0.143166,0.000000,0
4.311653,1.745329,0.144460,0.000000,0
4.312653,1.745329,0.145690,0.000000,0
4.313653,1.745329,0.146857,0.000000,0
4.314653,1.745329,0.147962,0.000000,0
4.315653,1.745329,0.149003,0.000000,0
4.316653,1.745329,0.149981,0.000000,0
4.317653,1.745329,0.150896,0.000000,0
4.318653,1.745329,0.151748,0.000000,0
4.319653,1.745329,0.152536,0.000000,0
4.320653,1.745329,0.153262,0.000000,0
4.321653,1.745329,0.153925,0.000000,0
4.322653,1.745329,0.154524,0.000000,0
4.323653,1.745329,0.155060,0.000000,0
4.324653,1.745329,0.155534,0.000000,0
4.325653,1.745329,0.155944,0.000000,0
4.326653,1.745329,0.156291,0.000000,0
4.327653,1.745329,0.156575,0.000000,0
4.328653,1.745329,0.156796,0.000000,0
4.329653,1.745329,0.156953,0.000000,0
4.330653,1.745329,0.157048,0.000000,0
4.331653,1.745329,0.157080,0.000000,1
4.332653,1.737326,0.154528,0.000000,1
4.333653,1.729253,0.151967,0.000000,1
4.334652,1.721124,0.149393,0.000000,1
4.335652,1.712949,0.146807,0.000000,1
4.336652,1.704740,0.144208,0.000000,1
4.337652,1.696509,0.141595,0.000000,1
4.338652,1.688266,0.138968,0.000000,1
4.339652,1.680023,0.136325,0.000000,1
4.340652,1.671790,0.133668,0.000000,1
4.341652,1.663578,0.130994,0.000000,1
4.342652,1.655397,0.128305,0.000000,1
4.343652,1.647258,0.125598,0.000000,1
4.344652,1.639170,0.122875,0.000000,1
4.345652,1.631143,0.120135,0.000000,1
4.346652,1.623186,0.117378,0.000000,1
4.347652,1.615310,0.114603,0.000000,1
4.348652,1.607523,0.111810,0.000000,1
4.349652,1.599835,0.109000,0.000000,1
4.350652,1.592254,0.106173,0.000000,1
4.351652,1.584788,0.103327,0.000000,1
4.352652,1.577447,0.100465,0.000000,1
4.353652,1.570238,0.097585,0.000000,1
4.354652,1.563170,0.094687,0.000000,1
4.355652,1.556250,0.091773,0.000000,1
4.356652,1.549486,0.088842,0.000000,1
4.357652,1.542886,0.085894,0.000000,1
4.358652,1.536455,0.082929,0.000000,1
4.359652,1.530203,0.079949,0.000000,1
4.360652,1.524134,0.076953,0.000000,1
4.361652,1.518256,0.073942,0.000000,1
4.362652,1.512574,0.070916,0.000000,1
4.363652,1.507096,0.067876,0.000000,1
4.364652,1.501826,0.064821,0.000000,1
4.365652,1.496770,0.061753,0.000000,1
4.366652,1.491934,0.058672,0.000000,1
4.367652,1.487322,0.055579,0.000000,1
4.368652,1.482940,0.052474,0.000000,1
4.369652,1.478791,0.049357,0.000000,1
4.370652,1.474880,0.046230,0.000000,1
4.371652,1.471211,0.043092,0.000000,1
4.372652,1.467788,0.039945,0.000000,1
4.373652,1.464615,0.036789,0.000000,1
4.374652,1.461693,0.033625,0.000000,1
4.375652,1.459028,0.030453,0.000000,1
4.376652,1.456620,0.027274,0.000000,1
4.377652,1.454473,0.024089,0.000000,1
4.378652,1.452589,0.020899,0.000000,1
4.379652,1.450970,0.017704,0.000000,1
4.380652,1.449617,0.014505,0.000000,1
4.381652,1.448531,0.011302,0.000000,1
4.382652,1.447715,0.008097,0.000000,1
4.383652,1.447167,0.004890,0.000000,1
4.384652,1.446890,0.001682,0.000000,1
4.385652,1.446884,-0.001526,0.000000,1
4.386652,1.447148,-0.004734,0.000000,1
4.387652,1.447682,-0.007941,0.000000,1
4.388652,1.448485,-0.011146,0.000000,1
4.389652,1.449558,-0.014349,0.000000,1
4.390652,1.450898,-0.017548,0.000000,1
4.391652,1.452504,-0.020744,0.000000,1
4.392652,1.454375,-0.023934,0.000000,1
4.393652,1.456510,-0.027119,0.000000,1
4.394652,1.458904,-0.030298,0.000000,1
4.395652,1.461558,-0.033470,0.000000,1
4.396652,1.464466,-0.036635,0.000000,1
4.397652,1.467628,-0.039791,0.000000,1
4.398651,1.471039,-0.042939,0.000000,1
4.399651,1.474696,-0.046077,0.000000,1
4.400651,1.478595,-0.049205,0.000000,1
4.401651,1.482732,-0.052322,0.000000,1
4.402651,1.487103,-0.055428,0.000000,1
4.403651,1.491704,-0.058522,0.000000,1
4.404651,1.496530,-0.061604,0.000000,1
4.405651,1.501575,-0.064672,0.000000,1
4.406651,1.506834,-0.067727,0.000000,1
4.407651,1.512303,-0.070768,0.000000,1
4.408651,1.517974,-0.073795,0.000000,1
4.409651,1.523843,-0.076807,0.000000,1
4.410651,1.529903,-0.079804,0.000000,1
4.411651,1.536147,-0.082785,0.000000,1
4.412651,1.542568,-0.085750,0.000000,1
4.413651,1.549161,-0.088698,0.000000,1
4.414651,1.555917,-0.091630,0.000000,1
4.415651,1.562830,-0.094546,0.000000,1
4.416651,1.569891,-0.097444,0.000000,1
4.417651,1.577093,-0.100325,0.000000,1
4.418651,1.584428,-0.103188,0.000000,1
4.419651,1.591887,-0.106034,0.000000,1
4.420651,1.599463,-0.108863,0.000000,1
4.421651,1.607146,-0.111674,0.000000,1
4.422651,1.614929,-0.114467,0.000000,1
4.423651,1.622801,-0.117243,0.000000,1
4.424651,1.630753,-0.120001,0.000000,1
4.425651,1.638777,-0.122742,0.000000,1
4.426651,1.646862,-0.125466,0.000000,1
4.427651,1.655000,-0.128173,0.000000,1
4.428651,1.663179,-0.130864,0.000000,1
4.429651,1.671389,-0.133538,0.000000,1
4.430651,1.679621,-0.136196,0.000000,1
4.431651,1.687864,-0.138839,0.000000,1
4.432651,1.696107,-0.141467,0.000000,1
4.433651,1.704339,-0.144081,0.000000,1
4.434651,1.712550,-0.146681,0.000000,1
4.435651,1.720727,-0.149267,0.000000,1
4.436651,1.728859,-0.151841,0.000000,1
4.437651,1.736934,-0.154404,0.000000,1
4.438651,1.744941,-0.156956,0.000000,1
4.439651,1.745329,-0.157051,0.000000,0
4.440651,1.745329,-0.156960,0.000000,0
4.441651,1.745329,-0.156805,0.000000,0
4.442651,1.745329,-0.156587,0.000000,0
4.443651,1.745329,-0.156306,0.000000,0
4.444651,1.745329,-0.155962,0.000000,0
4.445651,1.745329,-0.155555,0.000000,0
4.446651,1.745329,-0.155085,0.000000,0
4.447651,1.745329,-0.154552,0.000000,0
4.448651,1.745329,-0.153955,0.000000,0
4.449651,1.745329,-0.153296,0.000000,0
4.450651,1.745329,-0.152573,0.000000,0
4.451651,1.745329,-0.151788,0.000000,0
4.452651,1.745329,-0.150939,0.000000,0
4.453651,1.745329,-0.150027,0.000000,0
4.454651,1.745329,-0.149052,0.000000,0
4.455651,1.745329,-0.148014,0.000000,0
4.456651,1.745329,-0.146913,0.000000,0
4.457651,1.745329,-0.145748,0.000000,0
4.458651,1.745329,-0.144521,0.000000,0
4.459651,1.745329,-0.143230,0.000000,0
4.460651,1.745329,-0.141877,0.000000,0
4.461651,1.745329,-0.140460,0.000000,0
4.462650,1.745329,-0.138980,0.000000,0
4.463650,1.745329,-0.137437,0.000000,0
4.464650,1.745329,-0.135831,0.000000,0
4.465650,1.745329,-0.134162,0.000000,0
4.466650,1.745329,-0.132430,0.000000,0
4.467650,1.745329,-0.130635,0.000000,0
4.468650,1.745329,-0.128777,0.000000,0
4.469650,1.745329,-0.126855,0.000000,0
4.470650,1.745329,-0.124870,0.000000,0
4.471650,1.745329,-0.122823,0.000000,0
4.472650,1.745329,-0.120712,0.000000,0
4.473650,1.745329,-0.118538,0.000000,0
4.474650,1.745329,-0.116301,0.000000,0
4.475650,1.745329,-0.114001,0.000000,0
4.476650,1.745329,-0.111638,0.000000,0
4.477650,1.745329,-0.109211,0.000000,0
4.478650,1.745329,-0.106722,0.000000,0
4.479650,1.745329,-0.104171,0.000000,0
4.480650,1.745329,-0.101600,0.000000,0
4.481650,1.745329,-0.099030,0.000000,0
4.482650,1.745329,-0.096459,0.000000,0
4.483650,1.745329,-0.093889,0.000000,0
4.484650,1.745329,-0.091318,0.000000,0
4.485650,1.745329,-0.088748,0.000000,0
4.486650,1.745329,-0.086177,0.000000,0
4.487650,1.745329,-0.083606,0.000000,0
4.488650,1.745329,-0.081036,0.000000,0
4.489650,1.745329,-0.078465,0.000000,0
4.490650,1.745329,-0.075895,0.000000,0
4.491650,1.745329,-0.073324,0.000000,0
4.492650,1.745329,-0.070754,0.000000,0
4.493650,1.745329,-0.068183,0.000000,0
4.494650,1.745329,-0.065612,0.000000,0
4.495650,1.745329,-0.063042,0.000000,0
4.496650,1.745329,-0.060471,0.000000,0
4.497650,1.745329,-0.057901,0.000000,0
4.498650,1.745329,-0.055330,0.000000,0
4.499650,1.745329,-0.052759,0.000000,0
4.500650,1.745329,-0.050189,0.000000,0
4.501650,1.745329,-0.047618,0.000000,0
4.502650,1.745329,-0.045048,0.000000,0
4.503650,1.745329,-0.042477,0.000000,0
4.504650,1.745329,-0.039907,0.000000,0
4.505650,1.745329,-0.037336,0.000000,0
4.506650,1.745329,-0.034765,0.000000,0
4.507650,1.745329,-0.032195,0.000000,0
4.508650,1.745329,-0.029624,0.000000,0
4.509650,1.745329,-0.027054,0.000000,0
4.510650,1.745329,-0.024483,0.000000,0
4.511650,1.745329,-0.021913,0.000000,0
4.512650,1.745329,-0.019342,0.000000,0
4.513650,1.745329,-0.016771,0.000000,0
4.514650,1.745329,-0.014201,0.000000,0
4.515650,1.745329,-0.011630,0.000000,0
4.516650,1.745329,-0.009060,0.000000,0
4.517650,1.745329,-0.006489,0.000000,0
4.518650,1.745329,-0.003918,0.000000,0
4.519650,1.745329,-0.001348,0.000000,0
4.520650,1.745329,0.001223,0.000000,0
4.521650,1.745329,0.003793,0.000000,0
4.522650,1.745329,0.006364,0.000000,0
4.523650,1.745329,0.008934,0.000000,0
4.524650,1.745329,0.011505,0.000000,0
4.525650,1.745329,0.014076,0.000000,0
4.526650,1.745329,0.016646,0.000000,0
4.527649,1.745329,0.019217,0.000000,0
4.528649,1.745329,0.021787,0.000000,0
4.529649,1.745329,0.024358,0.000000,0
4.530649,1.745329,0.026928,0.000000,0
4.531649,1.745329,0.029499,0.000000,0
4.532649,1.745329,0.032070,0.000000,0
4.533649,1.745329,0.034640,0.000000,0
4.534649,1.745329,0.037211,0.000000,0
4.535649,1.745329,0.039781,0.000000,0
4.536649,1.745329,0.042352,0.000000,0
4.537649,1.745329,0.044923,0.000000,0
4.538649,1.745329,0.047493,0.000000,0
4.539649,1.745329,0.050064,0.000000,0
4.540649,1.745329,0.052634,0.000000,0
4.541649,1.745329,0.055205,0.000000,0
4.542649,1.745329,0.057775,0.000000,0
4.543649,1.745329,0.060346,0.000000,0
4.544649,1.745329,0.062917,0.000000,0
4.545649,1.745329,0.065487,0.000000,0
4.546649,1.745329,0.068058,0.000000,0
4.547649,1.745329,0.070628,0.000000,0
4.548649,1.745329,0.073199,0.000000,0
4.549649,1.745329,0.075769,0.000000,0
4.550649,1.745329,0.078340,0.000000,0
4.551649,1.745329,0.080911,0.000000,0
4.552649,1.745329,0.083481,0.000000,0
4.553649,1.745329,0.086052,0.000000,0
4.554649,1.745329,0.088622,0.000000,0
4.555649,1.745329,0.091193,0.000000,0
4.556649,1.745329,0.093763,0.000000,0
4.557649,1.745329,0.096334,0.000000,0
4.558649,1.745329,0.098905,0.000000,0
4.559649,1.745329,0.101475,0.000000,0
4.560649,1.745329,0.104046,0.000000,0
4.561649,1.745329,0.106599,0.000000,0
4.562649,1.745329,0.109092,0.000000,0
4.563649,1.745329,0.111521,0.000000,0
4.564649,1.745329,0.113887,0.000000,0
4.565649,1.745329,0.116190,0.000000,0
4.566649,1.745329,0.118431,0.000000,0
4.567649,1.745329,0.120608,0.000000,0
4.568649,1.745329,0.122721,0.000000,0
4.569649,1.745329,0.124772,0.000000,0
4.570649,1.745329,0.126760,0.000000,0
4.571649,1.745329,0.128684,0.000000,0
4.572649,1.745329,0.130546,0.000000,0
4.573649,1.745329,0.132344,0.000000,0
4.574649,1.745329,0.134079,0.000000,0
4.575649,1.745329,0.135752,0.000000,0
4.576649,1.745329,0.137361,0.000000,0
4.577649,1.745329,0.138907,0.000000,0
4.578649,1.745329,0.140390,0.000000,0
4.579649,1.745329,0.141809,0.000000,0
4.580649,1.745329,0.143166,0.000000,0
4.581649,1.745329,0.144460,0.000000,0
4.582649,1.745329,0.145690,0.000000,0
4.583649,1.745329,0.146857,0.000000,0
4.584649,1.745329,0.147962,0.000000,0
4.585649,1.745329,0.149003,0.000000,0
4.586649,1.745329,0.149981,0.000000,0
4.587649,1.745329,0.150896,0.000000,0
4.588649,1.745329,0.151748,0.000000,0
4.589649,1.745329,0.152536,0.000000,0
4.590649,1.745329,0.153262,0.000000,0
4.591648,1.745329,0.153925,0.000000,0
4.592648,1.745329,0.154524,0.000000,0
4.593648,1.745329,0.155060,0.000000,0
4.594648,1.745329,0.155534,0.000000,0
4.595648,1.745329,0.155944,0.000000,0
4.596648,1.745329,0.156291,0.000000,0
4.597648,1.745329,0.156575,0.000000,0
4.598648,1.745329,0.156796,0.000000,0
4.599648,1.745329,0.156953,0.000000,0
4.600648,1.745329,0.157048,0.000000,0
4.601648,1.745329,0.157080,0.000000,1
4.602648,1.737326,0.154528,0.000000,1
4.603648,1.729253,0.151967,0.000000,1
4.604648,1.721124,0.149393,0.000000,1
4.605648,1.712949,0.146807,0.000000,1
4.606648,1.704740,0.144208,0.000000,1
4.607648,1.696509,0.141595,0.000000,1
4.608648,1.688266,0.138968,0.000000,1
4.609648,1.680023,0.136325,0.000000,1
4.610648,1.671790,0.133668,0.000000,1
4.611648,1.663578,0.130994,0.000000,1
4.612648,1.655397,0.128305,0.000000,1
4.613648,1.647258,0.125598,0.000000,1
4.614648,1.639170,0.122875,0.000000,1
4.615648,1.631143,0.120135,0.000000,1
4.616648,1.623186,0.117378,0.000000,1
4.617648,1.615310,0.114603,0.000000,1
4.618648,1.607523,0.111810,0.000000,1
4.619648,1.599835,0.109000,0.000000,1
4.620648,1.592254,0.106173,0.000000,1
4.621648,1.584788,0.103327,0.000000,1
4.622648,1.577447,0.100465,0.000000,1
4.623648,1.570238,0.097585,0.000000,1
4.624648,1.563170,0.094687,0.000000,1
4.625648,1.556250,0.091773,0.000000,1
4.626648,1.549486,0.088842,0.000000,1
4.627648,1.542886,0.085894,0.000000,1
4.628648,1.536455,0.082929,0.000000,1
4.629648,1.530203,0.079949,0.000000,1
4.630648,1.524134,0.076953,0.000000,1
4.631648,1.518256,0.073942,0.000000,1
4.632648,1.512574,0.070916,0.000000,1
4.633648,1.507096,0.067876,0.000000,1
4.634648,1.501826,0.064821,0.000000,1
4.635648,1.496770,0.061753,0.000000,1
4.636648,1.491934,0.058672,0.000000,1
4.637648,1.487322,0.055579,0.000000,1
4.638648,1.482940,0.052474,0.000000,1
4.639648,1.478791,0.049357,0.000000,1
4.640648,1.474880,0.046230,0.000000,1
4.641648,1.471211,0.043092,0.000000,1
4.642648,1.467788,0.039945,0.000000,1
4.643648,1.464615,0.036789,0.000000,1
4.644648,1.461693,0.033625,0.000000,1
4.645648,1.459028,0.030453,0.000000,1
4.646648,1.456620,0.027274,0.000000,1
4.647648,1.454473,0.024089,0.000000,1
4.648648,1.452589,0.020899,0.000000,1
4.649648,1.450970,0.017704,0.000000,1
4.650648,1.449617,0.014505,0.000000,1
4.651648,1.448531,0.011302,0.000000,1
4.652648,1.447715,0.008097,0.000000,1
4.653648,1.447167,0.004890,0.000000,1
4.654648,1.446890,0.001682,0.000000,1
4.655647,1.446884,-0.001526,0.000000,1
4.656647,1.447148,-0.004734,0.000000,1
4.657647,1.447682,-0.007941,0.000000,1
4.658647,1.448485,-0.011146,0.000000,1
4.659647,1.449558,-0.014349,0.000000,1
4.660647,1.450898,-0.017548,0.000000,1
4.661647,1.452504,-0.020744,0.000000,1
4.662647,1.454375,-0.023934,0.000000,1
4.663647,1.456510,-0.027119,0.000000,1
4.664647,1.458904,-0.030298,0.000000,1
4.665647,1.461558,-0.033470,0.000000,1
4.666647,1.464466,-0.036635,0.000000,1
4.667647,1.467628,-0.039791,0.000000,1
4.668647,1.471039,-0.042939,0.000000,1
4.669647,1.474696,-0.046077,0.000000,1
4.670647,1.478595,-0.049205,0.000000,1
4.671647,1.482732,-0.052322,0.000000,1
4.672647,1.487103,-0.055428,0.000000,1
4.673647,1.491704,-0.058522,0.000000,1
4.674647,1.496530,-0.061604,0.000000,1
4.675647,1.501575,-0.064672,0.000000,1
4.676647,1.506834,-0.067727,0.000000,1
4.677647,1.512303,-0.070768,0.000000,1
4.678647,1.517974,-0.073795,0.000000,1
4.679647,1.523843,-0.076807,0.000000,1
4.680647,1.529903,-0.079804,0.000000,1
4.681647,1.536147,-0.082785,0.000000,1
4.682647,1.542568,-0.085750,0.000000,1
4.683647,1.549161,-0.088698,0.000000,1
4.684647,1.555917,-0.091630,0.000000,1
4.685647,1.562830,-0.094546,0.000000,1
4.686647,1.569891,-0.097444,0.000000,1
4.687647,1.577093,-0.100325,0.000000,1
4.688647,1.584428,-0.103188,0.000000,1
4.689647,1.591887,-0.106034,0.000000,1
4.690647,1.599463,-0.108863,0.000000,1
4.691647,1.607146,-0.111674,0.000000,1
4.692647,1.614929,-0.114467,0.000000,1
4.693647,1.622801,-0.117243,0.000000,1
4.694647,1.630753,-0.120001,0.000000,1
4.695647,1.638777,-0.122742,0.000000,1
4.696647,1.646862,-0.125466,0.000000,1
4.697647,1.655000,-0.128173,0.000000,1
4.698647,1.663179,-0.130864,0.000000,1
4.699647,1.671389,-0.133538,0.000000,1
4.700647,1.679621,-0.136196,0.000000,1
4.701647,1.687864,-0.138839,0.000000,1
4.702647,1.696107,-0.141467,0.000000,1
4.703647,1.704339,-0.144081,0.000000,1
4.704647,1.712550,-0.146681,0.000000,1
4.705647,1.720727,-0.149267,0.000000,1
4.706647,1.728859,-0.151841,0.000000,1
4.707647,1.736934,-0.154404,0.000000,1
4.708647,1.744941,-0.156956,0.000000,1
4.709647,1.745329,-0.157051,0.000000,0
4.710647,1.745329,-0.156960,0.000000,0
4.711647,1.745329,-0.156805,0.000000,0
4.712647,1.745329,-0.156587,0.000000,0
4.713647,1.745329,-0.156306,0.000000,0
4.714647,1.745329,-0.155962,0.000000,0
4.715647,1.745329,-0.155555,0.000000,0
4.716647,1.745329,-0.155085,0.000000,0
4.717647,1.745329,-0.154552,0.000000,0
4.718647,1.745329,-0.153955,0.000000,0
4.719647,1.745329,-0.153296,0.000000,0
4.720646,1.745329,-0.152573,0.000000,0
4.721646,1.745329,-0.151788,0.000000,0
4.722646,1.745329,-0.150939,0.000000,0
4.723646,1.745329,-0.150027,0.000000,0
4.724646,1.745329,-0.149052,0.000000,0
4.725646,1.745329,-0.148014,0.000000,0
4.726646,1.745329,-0.146913,0.000000,0
4.727646,1.745329,-0.145748,0.000000,0
4.728646,1.745329,-0.144521,0.000000,0
4.729646,1.745329,-0.143230,0.000000,0
4.730646,1.745329,-0.141877,0.000000,0
4.731646,1.745329,-0.140460,0.000000,0
4.732646,1.745329,-0.138980,0.000000,0
4.733646,1.745329,-0.137437,0.000000,0
4.734646,1.745329,-0.135831,0.000000,0
4.735646,1.745329,-0.134162,0.000000,0
4.736646,1.745329,-0.132430,0.000000,0
4.737646,1.745329,-0.130635,0.000000,0
4.738646,1.745329,-0.128777,0.000000,0
4.739646,1.745329,-0.126855,0.000000,0
4.740646,1.745329,-0.124870,0.000000,0
4.741646,1.745329,-0.122823,0.000000,0
4.742646,1.745329,-0.120712,0.000000,0
4.743646,1.745329,-0.118538,0.000000,0
4.744646,1.745329,-0.116301,0.000000,0
4.745646,1.745329,-0.114001,0.000000,0
4.746646,1.745329,-0.111638,0.000000,0
4.747646,1.745329,-0.109211,0.000000,0
4.748646,1.745329,-0.106722,0.000000,0
4.749646,1.745329,-0.104171,0.000000,0
4.750646,1.745329,-0.101600,0.000000,0
4.751646,1.745329,-0.099030,0.000000,0
4.752646,1.745329,-0.096459,0.000000,0
4.753646,1.745329,-0.093889,0.000000,0
4.754646,1.745329,-0.091318,0.000000,0
4.755646,1.745329,-0.088748,0.000000,0
4.756646,1.745329,-0.086177,0.000000,0
4.757646,1.745329,-0.083606,0.000000,0
4.758646,1.745329,-0.081036,0.000000,0
4.759646,1.745329,-0.078465,0.000000,0
4.760646,1.745329,-0.075895,0.000000,0
4.761646,1.745329,-0.073324,0.000000,0
4.762646,1.745329,-0.070754,0.000000,0
4.763646,1.745329,-0.068183,0.000000,0
4.764646,1.745329,-0.065612,0.000000,0
4.765646,1.745329,-0.063042,0.000000,0
4.766646,1.745329,-0.060471,0.000000,0
4.767646,1.745329,-0.057901,0.000000,0
4.768646,1.745329,-0.055330,0.000000,0
4.769646,1.745329,-0.052759,0.000000,0
4.770646,1.745329,-0.050189,0.000000,0
4.771646,1.745329,-0.047618,0.000000,0
4.772646,1.745329,-0.045048,0.000000,0
4.773646,1.745329,-0.042477,0.000000,0
4.774646,1.745329,-0.039907,0.000000,0
4.775646,1.745329,-0.037336,0.000000,0
4.776646,1.745329,-0.034765,0.000000,0
4.777646,1.745329,-0.032195,0.000000,0
4.778646,1.745329,-0.029624,0.000000,0
4.779646,1.745329,-0.027054,0.000000,0
4.780646,1.745329,-0.024483,0.000000,0
4.781646,1.745329,-0.021913,0.000000,0
4.782646,1.745329,-0.019342,0.000000,0
4.783646,1.745329,-0.016771,0.000000,0
4.784645,1.745329,-0.014201,0.000000,0
4.785645,1.745329,-0.011630,0.000000,0
4.786645,1.745329,-0.009060,0.000000,0
4.787645,1.745329,-0.006489,0.000000,0
4.788645,1.745329,-0.003918,0.000000,0
4.789645,1.745329,-0.001348,0.000000,0
4.790645,1.745329,0.001223,0.000000,0
4.791645,1.745329,0.003793,0.000000,0
4.792645,1.745329,0.006364,0.000000,0
4.793645,1.745329,0.008934,0.000000,0
4.794645,1.745329,0.011505,0.000000,0
4.795645,1.745329,0.014076,0.000000,0
4.796645,1.745329,0.016646,0.000000,0
4.797645,1.745329,0.019217,0.000000,0
4.798645,1.745329,0.021787,0.000000,0
4.799645,1.745329,0.024358,0.000000,0
4.800645,1.745329,0.026928,0.000000,0
4.801645,1.745329,0.029499,0.000000,0
4.802645,1.745329,0.032070,0.000000,0
4.803645,1.745329,0.034640,0.000000,0
4.804645,1.745329,0.037211,0.000000,0
4.805645,1.745329,0.039781,0.000000,0
4.806645,1.745329,0.042352,0.000000,0
4.807645,1.745329,0.044923,0.000000,0
4.808645,1.745329,0.047493,0.000000,0
4.809645,1.745329,0.050064,0.000000,0
4.810645,1.745329,0.052634,0.000000,0
4.811645,1.745329,0.055205,0.000000,0
4.812645,1.745329,0.057775,0.000000,0
4.813645,1.745329,0.060346,0.000000,0
4.814645,1.745329,0.062917,0.000000,0
4.815645,1.745329,0.065487,0.000000,0
4.816645,1.745329,0.068058,0.000000,0
4.817645,1.745329,0.070628,0.000000,0
4.818645,1.745329,0.073199,0.000000,0
4.819645,1.745329,0.075769,0.000000,0
4.820645,1.745329,0.078340,0.000000,0
4.821645,1.745329,0.080911,0.000000,0
4.822645,1.745329,0.083481,0.000000,0
4.823645,1.745329,0.086052,0.000000,0
4.824645,1.745329,0.088622,0.000000,0
4.825645,1.745329,0.091193,0.000000,0
4.826645,1.745329,0.093763,0.000000,0
4.827645,1.745329,0.096334,0.000000,0
4.828645,1.745329,0.098905,0.000000,0
4.829645,1.745329,0.101475,0.000000,0
4.830645,1.745329,0.104046,0.000000,0
4.831645,1.745329,0.106599,0.000000,0
4.832645,1.745329,0.109092,0.000000,0
4.833645,1.745329,0.111521,0.000000,0
4.834645,1.745329,0.113887,0.000000,0
4.835645,1.745329,0.116190,0.000000,0
4.836645,1.745329,0.118431,0.000000,0
4.837645,1.745329,0.120608,0.000000,0
4.838645,1.745329,0.122721,0.000000,0
4.839645,1.745329,0.124772,0.000000,0
4.840645,1.745329,0.126760,0.000000,0
4.841645,1.745329,0.128684,0.000000,0
4.842645,1.745329,0.130546,0.000000,0
4.843645,1.745329,0.132344,0.000000,0
4.844645,1.745329,0.134079,0.000000,0
4.845645,1.745329,0.135752,0.000000,0
4.846645,1.745329,0.137361,0.000000,0
4.847645,1.745329,0.138907,0.000000,0
4.848645,1.745329,0.140390,0.000000,0
4.849644,1.745329,0.141809,0.000000,0
4.850644,1.745329,0.143166,0.000000,0
4.851644,1.745329,0.144460,0.000000,0
4.852644,1.745329,0.145690,0.000000,0
4.853644,1.745329,0.146857,0.000000,0
4.854644,1.745329,0.147962,0.000000,0
4.855644,1.745329,0.149003,0.000000,0
4.856644,1.745329,0.149981,0.000000,0
4.857644,1.745329,0.150896,0.000000,0
4.858644,1.745329,0.151748,0.000000,0
4.859644,1.745329,0.152536,0.000000,0
4.860644,1.745329,0.153262,0.000000,0
4.861644,1.745329,0.153925,0.000000,0
4.862644,1.745329,0.154524,0.000000,0
4.863644,1.745329,0.155060,0.000000,0
4.864644,1.745329,0.155534,0.000000,0
4.865644,1.745329,0.155944,0.000000,0
4.866644,1.745329,0.156291,0.000000,0
4.867644,1.745329,0.156575,0.000000,0
4.868644,1.745329,0.156796,0.000000,0
4.869644,1.745329,0.156953,0.000000,0
4.870644,1.745329,0.157048,0.000000,0
4.871644,1.745329,0.157080,0.000000,1
4.872644,1.737326,0.154528,0.000000,1
4.873644,1.729253,0.151967,0.000000,1
4.874644,1.721124,0.149393,0.000000,1
4.875644,1.712949,0.146807,0.000000,1
4.876644,1.704740,0.144208,0.000000,1
4.877644,1.696509,0.141595,0.000000,1
4.878644,1.688266,0.138968,0.000000,1
4.879644,1.680023,0.136325,0.000000,1
4.880644,1.671790,0.133668,0.000000,1
4.881644,1.663578,0.130994,0.000000,1
4.882644,1.655397,0.128305,0.000000,1
4.883644,1.647258,0.125598,0.000000,1
4.884644,1.639170,0.122875,0.000000,1
4.885644,1.631143,0.120135,0.000000,1
4.886644,1.623186,0.117378,0.000000,1
4.887644,1.615310,0.114603,0.000000,1
4.888644,1.607523,0.111810,0.000000,1
4.889644,1.599835,0.109000,0.000000,1
4.890644,1.592254,0.106173,0.000000,1
4.891644,1.584788,0.103327,0.000000,1
4.892644,1.577447,0.100465,0.000000,1
4.893644,1.570238,0.097585,0.000000,1
4.894644,1.563170,0.094687,0.000000,1
4.895644,1.556250,0.091773,0.000000,1
4.896644,1.549486,0.088842,0.000000,1
4.897644,1.542886,0.085894,0.000000,1
4.898644,1.536455,0.082929,0.000000,1
4.899644,1.530203,0.079949,0.000000,1
4.900644,1.524134,0.076953,0.000000,1
4.901644,1.518256,0.073942,0.000000,1
4.902644,1.512574,0.070916,0.000000,1
4.903644,1.507096,0.067876,0.000000,1
4.904644,1.501826,0.064821,0.000000,1
4.905644,1.496770,0.061753,0.000000,1
4.906644,1.491934,0.058672,0.000000,1
4.907644,1.487322,0.055579,0.000000,1
4.908644,1.482940,0.052474,0.000000,1
4.909644,1.478791,0.049357,0.000000,1
4.910644,1.474880,0.046230,0.000000,1
4.911644,1.471211,0.043092,0.000000,1
4.912644,1.467788,0.039945,0.000000,1
4.913643,1.464615,0.036789,0.000000,1
4.914643,1.461693,0.033625,0.000000,1
4.915643,1.459028,0.030453,0.000000,1
4.916643,1.456620,0.027274,0.000000,1
4.917643,1.454473,0.024089,0.000000,1
4.918643,1.452589,0.020899,0.000000,1
4.919643,1.450970,0.017704,0.000000,1
4.920643,1.449617,0.014505,0.000000,1
4.921643,1.448531,0.011302,0.000000,1
4.922643,1.447715,0.008097,0.000000,1
4.923643,1.447167,0.004890,0.000000,1
4.924643,1.446890,0.001682,0.000000,1
4.925643,1.446884,-0.001526,0.000000,1
4.926643,1.447148,-0.004734,0.000000,1
4.927643,1.447682,-0.007941,0.000000,1
4.928643,1.448485,-0.011146,0.000000,1
4.929643,1.449558,-0.014349,0.000000,1
4.930643,1.450898,-0.017548,0.000000,1
4.931643,1.452504,-0.020744,0.000000,1
4.932643,1.454375,-0.023934,0.000000,1
4.933643,1.456510,-0.027119,0.000000,1
4.934643,1.458904,-0.030298,0.000000,1
4.935643,1.461558,-0.033470,0.000000,1
4.936643,1.464466,-0.036635,0.000000,1
4.937643,1.467628,-0.039791,0.000000,1
4.938643,1.471039,-0.042939,0.000000,1
4.939643,1.474696,-0.046077,0.000000,1
4.940643,1.478595,-0.049205,0.000000,1
4.941643,1.482732,-0.052322,0.000000,1
4.942643,1.487103,-0.055428,0.000000,1
4.943643,1.491704,-0.058522,0.000000,1
4.944643,1.496530,-0.061604,0.000000,1
4.945643,1.501575,-0.064672,0.000000,1
4.946643,1.506834,-0.067727,0.000000,1
4.947643,1.512303,-0.070768,0.000000,1
4.948643,1.517974,-0.073795,0.000000,1
4.949643,1.523843,-0.076807,0.000000,1
4.950643,1.529903,-0.079804,0.000000,1
4.951643,1.536147,-0.082785,0.000000,1
4.952643,1.542568,-0.085750,0.000000,1
4.953643,1.549161,-0.088698,0.000000,1
4.954643,1.555917,-0.091630,0.000000,1
4.955643,1.562830,-0.094546,0.000000,1
4.956643,1.569891,-0.097444,0.000000,1
4.957643,1.577093,-0.100325,0.000000,1
4.958643,1.584428,-0.103188,0.000000,1
4.959643,1.591887,-0.106034,0.000000,1
4.960643,1.599463,-0.108863,0.000000,1
4.961643,1.607146,-0.111674,0.000000,1
4.962643,1.614929,-0.114467,0.000000,1
4.963643,1.622801,-0.117243,0.000000,1
4.964643,1.630753,-0.120001,0.000000,1
4.965643,1.638777,-0.122742,0.000000,1
4.966643,1.646862,-0.125466,0.000000,1
4.967643,1.655000,-0.128173,0.000000,1
4.968643,1.663179,-0.130864,0.000000,1
4.969643,1.671389,-0.133538,0.000000,1
4.970643,1.679621,-0.136196,0.000000,1
4.971643,1.687864,-0.138839,0.000000,1
4.972643,1.696107,-0.141467,0.000000,1
4.973643,1.704339,-0.144081,0.000000,1
4.974643,1.712550,-0.146681,0.000000,1
4.975643,1.720727,-0.149267,0.000000,1
4.976643,1.728859,-0.151841,0.000000,1
4.977642,1.736934,-0.154404,0.000000,1
4.978642,1.744941,-0.156956,0.000000,1
4.979642,1.745329,-0.157051,0.000000,0
4.980642,1.745329,-0.156960,0.000000,0
4.981642,1.745329,-0.156805,0.000000,0
4.982642,1.745329,-0.156587,0.000000,0
4.983642,1.745329,-0.156306,0.000000,0
4.984642,1.745329,-0.155962,0.000000,0
4.985642,1.745329,-0.155555,0.000000,0
4.986642,1.745329,-0.155085,0.000000,0
4.987642,1.745329,-0.154552,0.000000,0
4.988642,1.745329,-0.153955,0.000000,0
4.989642,1.745329,-0.153296,0.000000,0
4.990642,1.745329,-0.152573,0.000000,0
4.991642,1.745329,-0.151788,0.000000,0
4.992642,1.745329,-0.150939,0.000000,0
4.993642,1.745329,-0.150027,0.000000,0
4.994642,1.745329,-0.149052,0.000000,0
4.995642,1.745329,-0.148014,0.000000,0
4.996642,1.745329,-0.146913,0.000000,0
4.997642,1.745329,-0.145748,0.000000,0
4.998642,1.745329,-0.144521,0.000000,0
4.999642,1.745329,-0.143230,0.000000,0
5.000642,1.745329,-0.141877,0.000000,0
5.001642,1.745329,-0.140460,0.000000,0
5.002642,1.745329,-0.138980,0.000000,0
5.003642,1.745329,-0.137437,0.000000,0
5.004642,1.745329,-0.135831,0.000000,0
5.005642,1.745329,-0.134162,0.000000,0
5.006642,1.745329,-0.132430,0.000000,0
5.007642,1.745329,-0.130635,0.000000,0
5.008642,1.745329,-0.128777,0.000000,0
5.009642,1.745329,-0.126855,0.000000,0
5.010642,1.745329,-0.124870,0.000000,0
5.011642,1.745329,-0.122823,0.000000,0
5.012642,1.745329,-0.120712,0.000000,0
5.013642,1.745329,-0.118538,0.000000,0
5.014642,1.745329,-0.116301,0.000000,0
5.015642,1.745329,-0.114001,0.000000,0
5.016642,1.745329,-0.111638,0.000000,0
5.017642,1.745329,-0.109211,0.000000,0
5.018642,1.745329,-0.106722,0.000000,0
5.019642,1.745329,-0.104171,0.000000,0
5.020642,1.745329,-0.101600,0.000000,0
5.021642,1.745329,-0.099030,0.000000,0
5.022642,1.745329,-0.096459,0.000000,0
5.023642,1.745329,-0.093889,0.000000,0
5.024642,1.745329,-0.091318,0.000000,0
5.025642,1.745329,-0.088748,0.000000,0
5.026642,1.745329,-0.086177,0.000000,0
5.027642,1.745329,-0.083606,0.000000,0
5.028642,1.745329,-0.081036,0.000000,0
5.029642,1.745329,-0.078465,0.000000,0
5.030642,1.745329,-0.075895,0.000000,0
5.031642,1.745329,-0.073324,0.000000,0
5.032642,1.745329,-0.070754,0.000000,0
5.033642,1.745329,-0.068183,0.000000,0
5.034642,1.745329,-0.065612,0.000000,0
5.035642,1.745329,-0.063042,0.000000,0
5.036642,1.745329,-0.060471,0.000000,0
5.037642,1.745329,-0.057901,0.000000,0
5.038642,1.745329,-0.055330,0.000000,0
5.039642,1.745329,-0.052759,0.000000,0
5.040642,1.745329,-0.050189,0.000000,0
5.041642,1.745329,-0.047618,0.000000,0
5.042641,1.745329,-0.045048,0.000000,0
5.043641,1.745329,-0.042477,0.000000,0
5.044641,1.745329,-0.039907,0.000000,0
5.045641,1.745329,-0.037336,0.000000,0
5.046641,1.745329,-0.034765,0.000000,0
5.047641,1.745329,-0.032195,0.000000,0
5.048641,1.745329,-0.029624,0.000000,0
5.049641,1.745329,-0.027054,0.000000,0
5.050641,1.745329,-0.024483,0.000000,0
5.051641,1.745329,-0.021913,0.000000,0
5.052641,1.745329,-0.019342,0.000000,0
5.053641,1.745329,-0.016771,0.000000,0
5.054641,1.745329,-0.014201,0.000000,0
5.055641,1.745329,-0.011630,0.000000,0
5.056641,1.745329,-0.009060,0.000000,0
5.057641,1.745329,-0.006489,0.000000,0
5.058641,1.745329,-0.003918,0.000000,0
5.059641,1.745329,-0.001348,0.000000,0
5.060641,1.745329,0.001223,0.000000,0
5.061641,1.745329,0.003793,0.000000,0
5.062641,1.745329,0.006364,0.000000,0
5.063641,1.745329,0.008934,0.000000,0
5.064641,1.745329,0.011505,0.000000,0
5.065641,1.745329,0.014076,0.000000,0
5.066641,1.745329,0.016646,0.000000,0
5.067641,1.745329,0.019217,0.000000,0
5.068641,1.745329,0.021787,0.000000,0
5.069641,1.745329,0.024358,0.000000,0
5.070641,1.745329,0.026928,0.000000,0
5.071641,1.745329,0.029499,0.000000,0
5.072641,1.745329,0.032070,0.000000,0
5.073641,1.745329,0.034640,0.000000,0
5.074641,1.745329,0.037211,0.000000,0
5.075641,1.745329,0.039781,0.000000,0
5.076641,1.745329,0.042352,0.000000,0
5.077641,1.745329,0.044923,0.000000,0
5.078641,1.745329,0.047493,0.000000,0
5.079641,1.745329,0.050064,0.000000,0
5.080641,1.745329,0.052634,0.000000,0
5.081641,1.745329,0.055205,0.000000,0
5.082641,1.745329,0.057775,0.000000,0
5.083641,1.745329,0.060346,0.000000,0
5.084641,1.745329,0.062917,0.000000,0
5.085641,1.745329,0.065487,0.000000,0
5.086641,1.745329,0.068058,0.000000,0
5.087641,1.745329,0.070628,0.000000,0
5.088641,1.745329,0.073199,0.000000,0
5.089641,1.745329,0.075769,0.000000,0
5.090641,1.745329,0.078340,0.000000,0
5.091641,1.745329,0.080911,0.000000,0
5.092641,1.745329,0.083481,0.000000,0
5.093641,1.745329,0.086052,0.000000,0
5.094641,1.745329,0.088622,0.000000,0
5.095641,1.745329,0.091193,0.000000,0
5.096641,1.745329,0.093763,0.000000,0
5.097641,1.745329,0.096334,0.000000,0
5.098641,1.745329,0.098905,0.000000,0
5.099641,1.745329,0.101475,0.000000,0
5.100641,1.745329,0.104046,0.000000,0
5.101641,1.745329,0.106599,0.000000,0
5.102641,1.745329,0.109092,0.000000,0
5.103641,1.745329,0.111521,0.000000,0
5.104641,1.745329,0.113887,0.000000,0
5.105641,1.745329,0.116190,0.000000,0
5.106640,1.745329,0.118431,0.000000,0
5.107640,1.745329,0.120608,0.000000,0
5.108640,1.745329,0.122721,0.000000,0
5.109640,1.745329,0.124772,0.000000,0
5.110640,1.745329,0.126760,0.000000,0
5.111640,1.745329,0.128684,0.000000,0
5.112640,1.745329,0.130546,0.000000,0
5.113640,1.745329,0.132344,0.000000,0
5.114640,1.745329,0.134079,0.000000,0
5.115640,1.745329,0.135752,0.000000,0
5.116640,1.745329,0.137361,0.000000,0
5.117640,1.745329,0.138907,0.000000,0
5.118640,1.745329,0.140390,0.000000,0
5.119640,1.745329,0.141809,0.000000,0
5.120640,1.745329,0.143166,0.000000,0
5.121640,1.745329,0.144460,0.000000,0
5.122640,1.745329,0.145690,0.000000,0
5.123640,1.745329,0.146857,0.000000,0
5.124640,1.745329,0.147962,0.000000,0
5.125640,1.745329,0.149003,0.000000,0
5.126640,1.745329,0.149981,0.000000,0
5.127640,1.745329,0.150896,0.000000,0
5.128640,1.745329,0.151748,0.000000,0
5.129640,1.745329,0.152536,0.000000,0
5.130640,1.745329,0.153262,0.000000,0
5.131640,1.745329,0.153925,0.000000,0
5.132640,1.745329,0.154524,0.000000,0
5.133640,1.745329,0.155060,0.000000,0
5.134640,1.745329,0.155534,0.000000,0
5.135640,1.745329,0.155944,0.000000,0
5.136640,1.745329,0.156291,0.000000,0
5.137640,1.745329,0.156575,0.000000,0
5.138640,1.745329,0.156796,0.000000,0
5.139640,1.745329,0.156953,0.000000,0
5.140640,1.745329,0.157048,0.000000,0
5.141640,1.745329,0.226893,0.000000,1
5.142641,1.736726,0.223083,0.000000,1
5.143641,1.728068,0.219255,0.000000,1
5.144642,1.719369,0.215408,0.000000,1
5.145642,1.710640,0.211540,0.000000,1
5.146643,1.701893,0.207650,0.000000,1
5.147644,1.693142,0.203738,0.000000,1
5.148644,1.684396,0.199802,0.000000,1
5.149645,1.675668,0.195842,0.000000,1
5.150645,1.666968,0.191857,0.000000,1
5.151646,1.658308,0.187846,0.000000,1
5.152647,1.649698,0.183809,0.000000,1
5.153647,1.641150,0.179746,0.000000,1
5.154648,1.632673,0.175656,0.000000,1
5.155648,1.624277,0.171538,0.000000,1
5.156649,1.615974,0.167394,0.000000,1
5.157649,1.607771,0.163221,0.000000,1
5.158650,1.599680,0.159021,0.000000,1
5.159651,1.591709,0.154794,0.000000,1
5.160651,1.583868,0.150539,0.000000,1
5.161652,1.576165,0.146256,0.000000,1
5.162652,1.568609,0.141946,0.000000,1
5.163653,1.561209,0.137610,0.000000,1
5.164654,1.553973,0.133246,0.000000,1
5.165654,1.546909,0.128856,0.000000,1
5.166655,1.540025,0.124441,0.000000,1
5.167655,1.533328,0.120000,0.000000,1
5.168656,1.526826,0.115534,0.000000,1
5.169657,1.520526,0.111043,0.000000,1
5.170657,1.514435,0.106529,0.000000,1
5.171658,1.508559,0.101992,0.000000,1
5.172658,1.502904,0.097433,0.000000,1
5.173659,1.497477,0.092852,0.000000,1
5.174660,1.492283,0.088250,0.000000,1
5.175660,1.487328,0.083629,0.000000,1
5.176661,1.482617,0.078988,0.000000,1
5.177661,1.478156,0.074329,0.000000,1
5.178662,1.473948,0.069653,0.000000,1
5.179663,1.469998,0.064961,0.000000,1
5.180663,1.466311,0.060253,0.000000,1
5.181664,1.462890,0.055531,0.000000,1
5.182664,1.459738,0.050796,0.000000,1
5.183665,1.456860,0.046048,0.000000,1
5.184666,1.454257,0.041290,0.000000,1
5.185666,1.451933,0.036522,0.000000,1
5.186667,1.449891,0.031744,0.000000,1
5.187667,1.448131,0.026959,0.000000,1
5.188668,1.446656,0.022168,0.000000,1
5.189669,1.445467,0.017371,0.000000,1
5.190669,1.444567,0.012569,0.000000,1
5.191670,1.443955,0.007765,0.000000,1
5.192670,1.443632,0.002959,0.000000,1
5.193671,1.443598,-0.001848,0.000000,1
5.194672,1.443854,-0.006655,0.000000,1
5.195672,1.444400,-0.011460,0.000000,1
5.196673,1.445234,-0.016262,0.000000,1
5.197673,1.446356,-0.021060,0.000000,1
5.198674,1.447765,-0.025853,0.000000,1
5.199675,1.449459,-0.030639,0.000000,1
5.200675,1.451436,-0.035419,0.000000,1
5.201676,1.453696,-0.040189,0.000000,1
5.202676,1.456234,-0.044950,0.000000,1
5.203677,1.459049,-0.049700,0.000000,1
5.204678,1.462138,-0.054438,0.000000,1
5.205678,1.465497,-0.059163,0.000000,1
5.206679,1.469123,-0.063874,0.000000,1
5.207679,1.473012,-0.068570,0.000000,1
5.208680,1.477161,-0.073250,0.000000,1
5.209680,1.481564,-0.077913,0.000000,1
5.210681,1.486218,-0.082558,0.000000,1
5.211682,1.491117,-0.087184,0.000000,1
5.212682,1.496256,-0.091791,0.000000,1
5.213683,1.501630,-0.096377,0.000000,1
5.214683,1.507232,-0.100941,0.000000,1
5.215684,1.513058,-0.105483,0.000000,1
5.216685,1.519100,-0.110003,0.000000,1
5.217685,1.525353,-0.114498,0.000000,1
5.218686,1.531809,-0.118970,0.000000,1
5.219686,1.538461,-0.123417,0.000000,1
5.220687,1.545303,-0.127839,0.000000,1
5.221688,1.552326,-0.132234,0.000000,1
5.222688,1.559523,-0.136604,0.000000,1
5.223689,1.566885,-0.140947,0.000000,1
5.224689,1.574406,-0.145263,0.000000,1
5.225690,1.582076,-0.149552,0.000000,1
5.226691,1.589886,-0.153813,0.000000,1
5.227691,1.597828,-0.158047,0.000000,1
5.228692,1.605892,-0.162253,0.000000,1
5.229692,1.614069,-0.166432,0.000000,1
5.230693,1.622351,-0.170583,0.000000,1
5.231694,1.630726,-0.174707,0.000000,1
5.232694,1.639185,-0.178803,0.000000,1
5.233695,1.647718,-0.182873,0.000000,1
5.234695,1.656314,-0.186916,0.000000,1
5.235696,1.664963,-0.190932,0.000000,1
5.236697,1.673655,-0.194923,0.000000,1
5.237697,1.682377,-0.198889,0.000000,1
5.238698,1.691120,-0.202830,0.000000,1
5.239698,1.699871,-0.206748,0.000000,1
5.240699,1.708620,-0.210643,0.000000,1
5.241700,1.717354,-0.214516,0.000000,1
5.242700,1.726061,-0.218368,0.000000,1
5.243701,1.734730,-0.222200,0.000000,1
5.244701,1.743347,-0.226014,0.000000,1
5.245702,1.745329,-0.226865,0.000000,0
5.246703,1.745329,-0.226744,0.000000,0
5.247703,1.745329,-0.226529,0.000000,0
5.248704,1.745329,-0.226219,0.000000,0
5.249704,1.745329,-0.225815,0.000000,0
5.250705,1.745329,-0.225315,0.000000,0
5.251706,1.745329,-0.224721,0.000000,0
5.252706,1.745329,-0.224032,0.000000,0
5.253707,1.745329,-0.223248,0.000000,0
5.254707,1.745329,-0.222369,0.000000,0
5.255708,1.745329,-0.221395,0.000000,0
5.256709,1.745329,-0.220327,0.000000,0
5.257709,1.745329,-0.219163,0.000000,0
5.258710,1.745329,-0.217905,0.000000,0
5.259710,1.745329,-0.216552,0.000000,0
5.260711,1.745329,-0.215105,0.000000,0
5.261711,1.745329,-0.213562,0.000000,0
5.262712,1.745329,-0.211925,0.000000,0
5.263713,1.745329,-0.210193,0.000000,0
5.264713,1.745329,-0.208366,0.000000,0
5.265714,1.745329,-0.206444,0.000000,0
5.266714,1.745329,-0.204428,0.000000,0
5.267715,1.745329,-0.202316,0.000000,0
5.268716,1.745329,-0.200110,0.000000,0
5.269716,1.745329,-0.197809,0.000000,0
5.270717,1.745329,-0.195413,0.000000,0
5.271717,1.745329,-0.192923,0.000000,0
5.272718,1.745329,-0.190337,0.000000,0
5.273719,1.745329,-0.187657,0.000000,0
5.274719,1.745329,-0.184882,0.000000,0
5.275720,1.745329,-0.182012,0.000000,0
5.276720,1.745329,-0.179047,0.000000,0
5.277721,1.745329,-0.175988,0.000000,0
5.278722,1.745329,-0.172834,0.000000,0
5.279722,1.745329,-0.169584,0.000000,0
5.280723,1.745329,-0.166241,0.000000,0
5.281723,1.745329,-0.162802,0.000000,0
5.282724,1.745329,-0.159268,0.000000,0
5.283725,1.745329,-0.155640,0.000000,0
5.284725,1.745329,-0.151917,0.000000,0
5.285726,1.745329,-0.148131,0.000000,0
5.286726,1.745329,-0.144344,0.000000,0
5.287727,1.745329,-0.140557,0.000000,0
5.288728,1.745329,-0.136770,0.000000,0
5.289728,1.745329,-0.132983,0.000000,0
5.290729,1.745329,-0.129196,0.000000,0
5.291729,1.745329,-0.125409,0.000000,0
5.292730,1.745329,-0.121622,0.000000,0
5.293731,1.745329,-0.117835,0.000000,0
5.294731,1.745329,-0.114048,0.000000,0
5.295732,1.745329,-0.110261,0.000000,0
5.296732,1.745329,-0.106474,0.000000,0
5.297733,1.745329,-0.102687,0.000000,0
5.298734,1.745329,-0.098900,0.000000,0
5.299734,1.745329,-0.095113,0.000000,0
5.300735,1.745329,-0.091326,0.000000,0
5.301735,1.745329,-0.087539,0.000000,0
5.302736,1.745329,-0.083752,0.000000,0
5.303737,1.745329,-0.079965,0.000000,0
5.304737,1.745329,-0.076178,0.000000,0
5.305738,1.745329,-0.072391,0.000000,0
5.306738,1.745329,-0.068604,0.000000,0
5.307739,1.745329,-0.064817,0.000000,0
5.308740,1.745329,-0.061030,0.000000,0
5.309740,1.745329,-0.057243,0.000000,0
5.310741,1.745329,-0.053456,0.000000,0
5.311741,1.745329,-0.049669,0.000000,0
5.312742,1.745329,-0.045882,0.000000,0
5.313742,1.745329,-0.042095,0.000000,0
5.314743,1.745329,-0.038308,0.000000,0
5.315744,1.745329,-0.034521,0.000000,0
5.316744,1.745329,-0.030734,0.000000,0
5.317745,1.745329,-0.026947,0.000000,0
5.318745,1.745329,-0.023160,0.000000,0
5.319746,1.745329,-0.019373,0.000000,0
5.320747,1.745329,-0.015586,0.000000,0
5.321747,1.745329,-0.011799,0.000000,0
5.322748,1.745329,-0.008012,0.000000,0
5.323748,1.745329,-0.004224,0.000000,0
5.324749,1.745329,-0.000437,0.000000,0
5.325750,1.745329,0.003350,0.000000,0
5.326750,1.745329,0.007137,0.000000,0
5.327751,1.745329,0.010924,0.000000,0
5.328751,1.745329,0.014711,0.000000,0
5.329752,1.745329,0.018498,0.000000,0
5.330753,1.745329,0.022285,0.000000,0
5.331753,1.745329,0.026072,0.000000,0
5.332754,1.745329,0.029859,0.000000,0
5.333754,1.745329,0.033646,0.000000,0
5.334755,1.745329,0.037433,0.000000,0
5.335756,1.745329,0.041220,0.000000,0
5.336756,1.745329,0.045007,0.000000,0
5.337757,1.745329,0.048794,0.000000,0
5.338757,1.745329,0.052581,0.000000,0
5.339758,1.745329,0.056368,0.000000,0
5.340759,1.745329,0.060155,0.000000,0
5.341759,1.745329,0.063942,0.000000,0
5.342760,1.745329,0.067729,0.000000,0
5.343760,1.745329,0.071516,0.000000,0
5.344761,1.745329,0.075303,0.000000,0
5.345762,1.745329,0.079090,0.000000,0
5.346762,1.745329,0.082877,0.000000,0
5.347763,1.745329,0.086664,0.000000,0
5.348763,1.745329,0.090451,0.000000,0
5.349764,1.745329,0.094238,0.000000,0
5.350765,1.745329,0.098025,0.000000,0
5.351765,1.745329,0.101812,0.000000,0
5.352766,1.745329,0.105599,0.000000,0
5.353766,1.745329,0.109386,0.000000,0
5.354767,1.745329,0.113173,0.000000,0
5.355768,1.745329,0.116960,0.000000,0
5.356768,1.745329,0.120747,0.000000,0
5.357769,1.745329,0.124534,0.000000,0
5.358769,1.745329,0.128321,0.000000,0
5.359770,1.745329,0.132108,0.000000,0
5.360771,1.745329,0.135895,0.000000,0
5.361771,1.745329,0.139682,0.000000,0
5.362772,1.745329,0.143469,0.000000,0
5.363772,1.745329,0.147256,0.000000,0
5.364773,1.745329,0.151043,0.000000,0
5.365774,1.745329,0.154788,0.000000,0
5.366774,1.745329,0.158438,0.000000,0
5.367775,1.745329,0.161994,0.000000,0
5.368775,1.745329,0.165454,0.000000,0
5.369776,1.745329,0.168820,0.000000,0
5.370776,1.745329,0.172091,0.000000,0
5.371777,1.745329,0.175268,0.000000,0
5.372778,1.745329,0.178349,0.000000,0
5.373778,1.745329,0.181335,0.000000,0
5.374779,1.745329,0.184227,0.000000,0
5.375779,1.745329,0.187024,0.000000,0
5.376780,1.745329,0.189726,0.000000,0
5.377781,1.745329,0.192334,0.000000,0
5.378781,1.745329,0.194846,0.000000,0
5.379782,1.745329,0.197264,0.000000,0
5.380782,1.745329,0.199587,0.000000,0
5.381783,1.745329,0.201815,0.000000,0
5.382784,1.745329,0.203948,0.000000,0
5.383784,1.745329,0.205987,0.000000,0
5.384785,1.745329,0.207930,0.000000,0
5.385785,1.745329,0.209779,0.000000,0
5.386786,1.745329,0.211533,0.000000,0
5.387787,1.745329,0.213192,0.000000,0
5.388787,1.745329,0.214757,0.000000,0
5.389788,1.745329,0.216226,0.000000,0
5.390788,1.745329,0.217601,0.000000,0
5.391789,1.745329,0.218881,0.000000,0
5.392790,1.745329,0.220066,0.000000,0
5.393790,1.745329,0.221157,0.000000,0
5.394791,1.745329,0.222152,0.000000,0
5.395791,1.745329,0.223053,0.000000,0
5.396792,1.745329,0.223859,0.000000,0
5.397793,1.745329,0.224570,0.000000,0
5.398793,1.745329,0.225186,0.000000,0
5.399794,1.745329,0.225708,0.000000,0
5.400794,1.745329,0.226134,0.000000,0
5.401795,1.745329,0.226466,0.000000,0
5.402796,1.745329,0.226703,0.000000,0
5.403796,1.745329,0.226845,0.000000,0
5.404797,1.745329,0.226893,0.000000,1
5.405797,1.736726,0.223083,0.000000,1
5.406798,1.728068,0.219255,0.000000,1
5.407799,1.719369,0.215408,0.000000,1
5.408799,1.710640,0.211540,0.000000,1
5.409800,1.701893,0.207650,0.000000,1
5.410800,1.693142,0.203738,0.000000,1
5.411801,1.684396,0.199802,0.000000,1
5.412802,1.675668,0.195842,0.000000,1
5.413802,1.666968,0.191857,0.000000,1
5.414803,1.658308,0.187846,0.000000,1
5.415803,1.649698,0.183809,0.000000,1
5.416804,1.641150,0.179746,0.000000,1
5.417805,1.632673,0.175656,0.000000,1
5.418805,1.624277,0.171538,0.000000,1
5.419806,1.615974,0.167394,0.000000,1
5.420806,1.607771,0.163221,0.000000,1
5.421807,1.599680,0.159021,0.000000,1
5.422807,1.591709,0.154794,0.000000,1
5.423808,1.583868,0.150539,0.000000,1
5.424809,1.576165,0.146256,0.000000,1
5.425809,1.568609,0.141946,0.000000,1
5.426810,1.561209,0.137610,0.000000,1
5.427810,1.553973,0.133246,0.000000,1
5.428811,1.546909,0.128856,0.000000,1
5.429812,1.540025,0.124441,0.000000,1
5.430812,1.533328,0.120000,0.000000,1
5.431813,1.526826,0.115534,0.000000,1
5.432813,1.520526,0.111043,0.000000,1
5.433814,1.514435,0.106529,0.000000,1
5.434815,1.508559,0.101992,0.000000,1
5.435815,1.502904,0.097433,0.000000,1
5.436816,1.497477,0.092852,0.000000,1
5.437816,1.492283,0.088250,0.000000,1
5.438817,1.487328,0.083629,0.000000,1
5.439818,1.482617,0.078988,0.000000,1
5.440818,1.478156,0.074329,0.000000,1
5.441819,1.473948,0.069653,0.000000,1
5.442819,1.469998,0.064961,0.000000,1
5.443820,1.466311,0.060253,0.000000,1
5.444821,1.462890,0.055531,0.000000,1
5.445821,1.459738,0.050796,0.000000,1
5.446822,1.456860,0.046048,0.000000,1
5.447822,1.454257,0.041290,0.000000,1
5.448823,1.451933,0.036522,0.000000,1
5.449824,1.449891,0.031744,0.000000,1
5.450824,1.448131,0.026959,0.000000,1
5.451825,1.446656,0.022168,0.000000,1
5.452825,1.445467,0.017371,0.000000,1
5.453826,1.444567,0.012569,0.000000,1
5.454827,1.443955,0.007765,0.000000,1
5.455827,1.443632,0.002959,0.000000,1
5.456828,1.443598,-0.001848,0.000000,1
5.457828,1.443854,-0.006655,0.000000,1
5.458829,1.444400,-0.011460,0.000000,1
5.459830,1.445234,-0.016262,0.000000,1
5.460830,1.446356,-0.021060,0.000000,1
5.461831,1.447765,-0.025853,0.000000,1
5.462831,1.449459,-0.030639,0.000000,1
5.463832,1.451436,-0.035419,0.000000,1
5.464833,1.453696,-0.040189,0.000000,1
5.465833,1.456234,-0.044950,0.000000,1
5.466834,1.459049,-0.049700,0.000000,1
5.467834,1.462138,-0.054438,0.000000,1
5.468835,1.465497,-0.059163,0.000000,1
5.469836,1.469123,-0.063874,0.000000,1
5.470836,1.473012,-0.068570,0.000000,1
5.471837,1.477161,-0.073250,0.000000,1
5.472837,1.481564,-0.077913,0.000000,1
5.473838,1.486218,-0.082558,0.000000,1
5.474838,1.491117,-0.087184,0.000000,1
5.475839,1.496256,-0.091791,0.000000,1
5.476840,1.501630,-0.096377,0.000000,1
5.477840,1.507232,-0.100941,0.000000,1
5.478841,1.513058,-0.105483,0.000000,1
5.479841,1.519100,-0.110003,0.000000,1
5.480842,1.525353,-0.114498,0.000000,1
5.481843,1.531809,-0.118970,0.000000,1
5.482843,1.538461,-0.123417,0.000000,1
5.483844,1.545303,-0.127839,0.000000,1
5.484844,1.552326,-0.132234,0.000000,1
5.485845,1.559523,-0.136604,0.000000,1
5.486846,1.566885,-0.140947,0.000000,1
5.487846,1.574406,-0.145263,0.000000,1
5.488847,1.582076,-0.149552,0.000000,1
5.489847,1.589886,-0.153813,0.000000,1
5.490848,1.597828,-0.158047,0.000000,1
5.491849,1.605892,-0.162253,0.000000,1
5.492849,1.614069,-0.166432,0.000000,1
5.493850,1.622351,-0.170583,0.000000,1
5.494850,1.630726,-0.174707,0.000000,1
5.495851,1.639185,-0.178803,0.000000,1
5.496852,1.647718,-0.182873,0.000000,1
5.497852,1.656314,-0.186916,0.000000,1
5.498853,1.664963,-0.190932,0.000000,1
5.499853,1.673655,-0.194923,0.000000,1
5.500854,1.682377,-0.198889,0.000000,1
5.501855,1.691120,-0.202830,0.000000,1
5.502855,1.699871,-0.206748,0.000000,1
5.503856,1.708620,-0.210643,0.000000,1
5.504856,1.717354,-0.214516,0.000000,1
5.505857,1.726061,-0.218368,0.000000,1
5.506858,1.734730,-0.222200,0.000000,1
5.507858,1.743347,-0.226014,0.000000,1
5.508859,1.745329,-0.226865,0.000000,0
5.509859,1.745329,-0.226744,0.000000,0
5.510860,1.745329,-0.226529,0.000000,0
5.511861,1.745329,-0.226219,0.000000,0
5.512861,1.745329,-0.225815,0.000000,0
5.513862,1.745329,-0.225315,0.000000,0
5.514862,1.745329,-0.224721,0.000000,0
5.515863,1.745329,-0.224032,0.000000,0
5.516864,1.745329,-0.223248,0.000000,0
5.517864,1.745329,-0.222369,0.000000,0
5.518865,1.745329,-0.221395,0.000000,0
5.519865,1.745329,-0.220327,0.000000,0
5.520866,1.745329,-0.219163,0.000000,0
5.521867,1.745329,-0.217905,0.000000,0
5.522867,1.745329,-0.216552,0.000000,0
5.523868,1.745329,-0.215105,0.000000,0
5.524868,1.745329,-0.213562,0.000000,0
5.525869,1.745329,-0.211925,0.000000,0
5.526869,1.745329,-0.210193,0.000000,0
5.527870,1.745329,-0.208366,0.000000,0
5.528871,1.745329,-0.206444,0.000000,0
5.529871,1.745329,-0.204428,0.000000,0
5.530872,1.745329,-0.202316,0.000000,0
5.531872,1.745329,-0.200110,0.000000,0
5.532873,1.745329,-0.197809,0.000000,0
5.533874,1.745329,-0.195413,0.000000,0
5.534874,1.745329,-0.192923,0.000000,0
5.535875,1.745329,-0.190337,0.000000,0
5.536875,1.745329,-0.187657,0.000000,0
5.537876,1.745329,-0.184882,0.000000,0
5.538877,1.745329,-0.182012,0.000000,0
5.539877,1.745329,-0.179047,0.000000,0
5.540878,1.745329,-0.175988,0.000000,0
5.541878,1.745329,-0.172834,0.000000,0
5.542879,1.745329,-0.169584,0.000000,0
5.543880,1.745329,-0.166241,0.000000,0
5.544880,1.745329,-0.162802,0.000000,0
5.545881,1.745329,-0.159268,0.000000,0
5.546881,1.745329,-0.155640,0.000000,0
5.547882,1.745329,-0.151917,0.000000,0
5.548883,1.745329,-0.148131,0.000000,0
5.549883,1.745329,-0.144344,0.000000,0
5.550884,1.745329,-0.140557,0.000000,0
5.551884,1.745329,-0.136770,0.000000,0
5.552885,1.745329,-0.132983,0.000000,0
5.553886,1.745329,-0.129196,0.000000,0
5.554886,1.745329,-0.125409,0.000000,0
5.555887,1.745329,-0.121622,0.000000,0
5.556887,1.745329,-0.117835,0.000000,0
5.557888,1.745329,-0.114048,0.000000,0
5.558889,1.745329,-0.110261,0.000000,0
5.559889,1.745329,-0.106474,0.000000,0
5.560890,1.745329,-0.102687,0.000000,0
5.561890,1.745329,-0.098900,0.000000,0
5.562891,1.745329,-0.095113,0.000000,0
5.563892,1.745329,-0.091326,0.000000,0
5.564892,1.745329,-0.087539,0.000000,0
5.565893,1.745329,-0.083752,0.000000,0
5.566893,1.745329,-0.079965,0.000000,0
5.567894,1.745329,-0.076178,0.000000,0
5.568895,1.745329,-0.072391,0.000000,0
5.569895,1.745329,-0.068604,0.000000,0
5.570896,1.745329,-0.064817,0.000000,0
5.571896,1.745329,-0.061030,0.000000,0
5.572897,1.745329,-0.057243,0.000000,0
5.573898,1.745329,-0.053456,0.000000,0
5.574898,1.745329,-0.049669,0.000000,0
5.575899,1.745329,-0.045882,0.000000,0
5.576899,1.745329,-0.042095,0.000000,0
5.577900,1.745329,-0.038308,0.000000,0
5.578900,1.745329,-0.034521,0.000000,0
5.579901,1.745329,-0.030734,0.000000,0
5.580902,1.745329,-0.026947,0.000000,0
5.581902,1.745329,-0.023160,0.000000,0
5.582903,1.745329,-0.019373,0.000000,0
5.583903,1.745329,-0.015586,0.000000,0
5.584904,1.745329,-0.011799,0.000000,0
5.585905,1.745329,-0.008012,0.000000,0
5.586905,1.745329,-0.004224,0.000000,0
5.587906,1.745329,-0.000437,0.000000,0
5.588906,1.745329,0.003350,0.000000,0
5.589907,1.745329,0.007137,0.000000,0
5.590908,1.745329,0.010924,0.000000,0
5.591908,1.745329,0.014711,0.000000,0
5.592909,1.745329,0.018498,0.000000,0
5.593909,1.745329,0.022285,0.000000,0
5.594910,1.745329,0.026072,0.000000,0
5.595911,1.745329,0.029859,0.000000,0
5.596911,1.745329,0.033646,0.000000,0
5.597912,1.745329,0.037433,0.000000,0
5.598912,1.745329,0.041220,0.000000,0
5.599913,1.745329,0.045007,0.000000,0
5.600914,1.745329,0.048794,0.000000,0
5.601914,1.745329,0.052581,0.000000,0
5.602915,1.745329,0.056368,0.000000,0
5.603915,1.745329,0.060155,0.000000,0
5.604916,1.745329,0.063942,0.000000,0
5.605917,1.745329,0.067729,0.000000,0
5.606917,1.745329,0.071516,0.000000,0
5.607918,1.745329,0.075303,0.000000,0
5.608918,1.745329,0.079090,0.000000,0
5.609919,1.745329,0.082877,0.000000,0
5.610920,1.745329,0.086664,0.000000,0
5.611920,1.745329,0.090451,0.000000,0
5.612921,1.745329,0.094238,0.000000,0
5.613921,1.745329,0.098025,0.000000,0
5.614922,1.745329,0.101812,0.000000,0
5.615923,1.745329,0.105599,0.000000,0
5.616923,1.745329,0.109386,0.000000,0
5.617924,1.745329,0.113173,0.000000,0
5.618924,1.745329,0.116960,0.000000,0
5.619925,1.745329,0.120747,0.000000,0
5.620926,1.745329,0.124534,0.000000,0
5.621926,1.745329,0.128321,0.000000,0
5.622927,1.745329,0.132108,0.000000,0
5.623927,1.745329,0.135895,0.000000,0
5.624928,1.745329,0.139682,0.000000,0
5.625929,1.745329,0.143469,0.000000,0
5.626929,1.745329,0.147256,0.000000,0
5.627930,1.745329,0.151043,0.000000,0
5.628930,1.745329,0.154788,0.000000,0
5.629931,1.745329,0.158438,0.000000,0
5.630931,1.745329,0.161994,0.000000,0
5.631932,1.745329,0.165454,0.000000,0
5.632933,1.745329,0.168820,0.000000,0
5.633933,1.745329,0.172091,0.000000,0
5.634934,1.745329,0.175268,0.000000,0
5.635934,1.745329,0.178349,0.000000,0
5.636935,1.745329,0.181335,0.000000,0
5.637936,1.745329,0.184227,0.000000,0
5.638936,1.745329,0.187024,0.000000,0
5.639937,1.745329,0.189726,0.000000,0
5.640937,1.745329,0.192334,0.000000,0
5.641938,1.745329,0.194846,0.000000,0
5.642939,1.745329,0.197264,0.000000,0
5.643939,1.745329,0.199587,0.000000,0
5.644940,1.745329,0.201815,0.000000,0
5.645940,1.745329,0.203948,0.000000,0
5.646941,1.745329,0.205987,0.000000,0
5.647942,1.745329,0.207930,0.000000,0
5.648942,1.745329,0.209779,0.000000,0
5.649943,1.745329,0.211533,0.000000,0
5.650943,1.745329,0.213192,0.000000,0
5.651944,1.745329,0.214757,0.000000,0
5.652945,1.745329,0.216226,0.000000,0
5.653945,1.745329,0.217601,0.000000,0
5.654946,1.745329,0.218881,0.000000,0
5.655946,1.745329,0.220066,0.000000,0
5.656947,1.745329,0.221157,0.000000,0
5.657948,1.745329,0.222152,0.000000,0
5.658948,1.745329,0.223053,0.000000,0
5.659949,1.745329,0.223859,0.000000,0
5.660949,1.745329,0.224570,0.000000,0
5.661950,1.745329,0.225186,0.000000,0
5.662951,1.745329,0.225708,0.000000,0
5.663951,1.745329,0.226134,0.000000,0
5.664952,1.745329,0.226466,0.000000,0
5.665952,1.745329,0.226703,0.000000,0
5.666953,1.745329,0.226845,0.000000,0
5.667954,1.745329,0.226893,0.000000,1
5.668954,1.736726,0.223083,0.000000,1
5.669955,1.728068,0.219255,0.000000,1
5.670955,1.719369,0.215408,0.000000,1
5.671956,1.710640,0.211540,0.000000,1
5.672957,1.701893,0.207650,0.000000,1
5.673957,1.693142,0.203738,0.000000,1
5.674958,1.684396,0.199802,0.000000,1
5.675958,1.675668,0.195842,0.000000,1
5.676959,1.666968,0.191857,0.000000,1
5.677960,1.658308,0.187846,0.000000,1
5.678960,1.649698,0.183809,0.000000,1
5.679961,1.641150,0.179746,0.000000,1
5.680961,1.632673,0.175656,0.000000,1
5.681962,1.624277,0.171538,0.000000,1
5.682963,1.615974,0.167394,0.000000,1
5.683963,1.607771,0.163221,0.000000,1
5.684964,1.599680,0.159021,0.000000,1
5.685964,1.591709,0.154794,0.000000,1
5.686965,1.583868,0.150539,0.000000,1
5.687965,1.576165,0.146256,0.000000,1
5.688966,1.568609,0.141946,0.000000,1
5.689967,1.561209,0.137610,0.000000,1
5.690967,1.553973,0.133246,0.000000,1
5.691968,1.546909,0.128856,0.000000,1
5.692968,1.540025,0.124441,0.000000,1
5.693969,1.533328,0.120000,0.000000,1
5.694970,1.526826,0.115534,0.000000,1
5.695970,1.520526,0.111043,0.000000,1
5.696971,1.514435,0.106529,0.000000,1
5.697971,1.508559,0.101992,0.000000,1
5.698972,1.502904,0.097433,0.000000,1
5.699973,1.497477,0.092852,0.000000,1
5.700973,1.492283,0.088250,0.000000,1
5.701974,1.487328,0.083629,0.000000,1
5.702974,1.482617,0.078988,0.000000,1
5.703975,1.478156,0.074329,0.000000,1
5.704976,1.473948,0.069653,0.000000,1
5.705976,1.469998,0.064961,0.000000,1
5.706977,1.466311,0.060253,0.000000,1
5.707977,1.462890,0.055531,0.000000,1
5.708978,1.459738,0.050796,0.000000,1
5.709979,1.456860,0.046048,0.000000,1
5.710979,1.454257,0.041290,0.000000,1
5.711980,1.451933,0.036522,0.000000,1
5.712980,1.449891,0.031744,0.000000,1
5.713981,1.448131,0.026959,0.000000,1
5.714982,1.446656,0.022168,0.000000,1
5.715982,1.445467,0.017371,0.000000,1
5.716983,1.444567,0.012569,0.000000,1
5.717983,1.443955,0.007765,0.000000,1
5.718984,1.443632,0.002959,0.000000,1
5.719985,1.443598,-0.001848,0.000000,1
5.720985,1.443854,-0.006655,0.000000,1
5.721986,1.444400,-0.011460,0.000000,1
5.722986,1.445234,-0.016262,0.000000,1
5.723987,1.446356,-0.021060,0.000000,1
5.724988,1.447765,-0.025853,0.000000,1
5.725988,1.449459,-0.030639,0.000000,1
5.726989,1.451436,-0.035419,0.000000,1
5.727989,1.453696,-0.040189,0.000000,1
5.728990,1.456234,-0.044950,0.000000,1
5.729991,1.459049,-0.049700,0.000000,1
5.730991,1.462138,-0.054438,0.000000,1
5.731992,1.465497,-0.059163,0.000000,1
5.732992,1.469123,-0.063874,0.000000,1
5.733993,1.473012,-0.068570,0.000000,1
5.734994,1.477161,-0.073250,0.000000,1
5.735994,1.481564,-0.077913,0.000000,1
5.736995,1.486218,-0.082558,0.000000,1
5.737995,1.491117,-0.087184,0.000000,1
5.738996,1.496256,-0.091791,0.000000,1
5.739996,1.501630,-0.096377,0.000000,1
5.740997,1.507232,-0.100941,0.000000,1
5.741998,1.513058,-0.105483,0.000000,1
5.742998,1.519100,-0.110003,0.000000,1
5.743999,1.525353,-0.114498,0.000000,1
5.744999,1.531809,-0.118970,0.000000,1
5.746000,1.538461,-0.123417,0.000000,1
5.747001,1.545303,-0.127839,0.000000,1
5.748001,1.552326,-0.132234,0.000000,1
5.749002,1.559523,-0.136604,0.000000,1
5.750002,1.566885,-0.140947,0.000000,1
5.751003,1.574406,-0.145263,0.000000,1
5.752004,1.582076,-0.149552,0.000000,1
5.753004,1.589886,-0.153813,0.000000,1
5.754005,1.597828,-0.158047,0.000000,1
5.755005,1.605892,-0.162253,0.000000,1
5.756006,1.614069,-0.166432,0.000000,1
5.757007,1.622351,-0.170583,0.000000,1
5.758007,1.630726,-0.174707,0.000000,1
5.759008,1.639185,-0.178803,0.000000,1
5.760008,1.647718,-0.182873,0.000000,1
5.761009,1.656314,-0.186916,0.000000,1
5.762010,1.664963,-0.190932,0.000000,1
5.763010,1.673655,-0.194923,0.000000,1
5.764011,1.682377,-0.198889,0.000000,1
5.765011,1.691120,-0.202830,0.000000,1
5.766012,1.699871,-0.206748,0.000000,1
5.767013,1.708620,-0.210643,0.000000,1
5.768013,1.717354,-0.214516,0.000000,1
5.769014,1.726061,-0.218368,0.000000,1
5.770014,1.734730,-0.222200,0.000000,1
5.771015,1.743347,-0.226014,0.000000,1
5.772016,1.745329,-0.226865,0.000000,0
5.773016,1.745329,-0.226744,0.000000,0
5.774017,1.745329,-0.226529,0.000000,0
5.775017,1.745329,-0.226219,0.000000,0
5.776018,1.745329,-0.225815,0.000000,0
5.777019,1.745329,-0.225315,0.000000,0
5.778019,1.745329,-0.224721,0.000000,0
5.779020,1.745329,-0.224032,0.000000,0
5.780020,1.745329,-0.223248,0.000000,0
5.781021,1.745329,-0.222369,0.000000,0
5.782022,1.745329,-0.221395,0.000000,0
5.783022,1.745329,-0.220327,0.000000,0
5.784023,1.745329,-0.219163,0.000000,0
5.785023,1.745329,-0.217905,0.000000,0
5.786024,1.745329,-0.216552,0.000000,0
5.787025,1.745329,-0.215105,0.000000,0
5.788025,1.745329,-0.213562,0.000000,0
5.789026,1.745329,-0.211925,0.000000,0
5.790026,1.745329,-0.210193,0.000000,0
5.791027,1.745329,-0.208366,0.000000,0
5.792027,1.745329,-0.206444,0.000000,0
5.793028,1.745329,-0.204428,0.000000,0
5.794029,1.745329,-0.202316,0.000000,0
5.795029,1.745329,-0.200110,0.000000,0
5.796030,1.745329,-0.197809,0.000000,0
5.797030,1.745329,-0.195413,0.000000,0
5.798031,1.745329,-0.192923,0.000000,0
5.799032,1.745329,-0.190337,0.000000,0
5.800032,1.745329,-0.187657,0.000000,0
5.801033,1.745329,-0.184882,0.000000,0
5.802033,1.745329,-0.182012,0.000000,0
5.803034,1.745329,-0.179047,0.000000,0
5.804035,1.745329,-0.175988,0.000000,0
5.805035,1.745329,-0.172834,0.000000,0
5.806036,1.745329,-0.169584,0.000000,0
5.807036,1.745329,-0.166241,0.000000,0
5.808037,1.745329,-0.162802,0.000000,0
5.809038,1.745329,-0.159268,0.000000,0
5.810038,1.745329,-0.155640,0.000000,0
5.811039,1.745329,-0.151917,0.000000,0
5.812039,1.745329,-0.148131,0.000000,0
5.813040,1.745329,-0.144344,0.000000,0
5.814041,1.745329,-0.140557,0.000000,0
5.815041,1.745329,-0.136770,0.000000,0
5.816042,1.745329,-0.132983,0.000000,0
5.817042,1.745329,-0.129196,0.000000,0
5.818043,1.745329,-0.125409,0.000000,0
5.819044,1.745329,-0.121622,0.000000,0
5.820044,1.745329,-0.117835,0.000000,0
5.821045,1.745329,-0.114048,0.000000,0
5.822045,1.745329,-0.110261,0.000000,0
5.823046,1.745329,-0.106474,0.000000,0
5.824047,1.745329,-0.102687,0.000000,0
5.825047,1.745329,-0.098900,0.000000,0
5.826048,1.745329,-0.095113,0.000000,0
5.827048,1.745329,-0.091326,0.000000,0
5.828049,1.745329,-0.087539,0.000000,0
5.829050,1.745329,-0.083752,0.000000,0
5.830050,1.745329,-0.079965,0.000000,0
5.831051,1.745329,-0.076178,0.000000,0
5.832051,1.745329,-0.072391,0.000000,0
5.833052,1.745329,-0.068604,0.000000,0
5.834053,1.745329,-0.064817,0.000000,0
5.835053,1.745329,-0.061030,0.000000,0
5.836054,1.745329,-0.057243,0.000000,0
5.837054,1.745329,-0.053456,0.000000,0
5.838055,1.745329,-0.049669,0.000000,0
5.839056,1.745329,-0.045882,0.000000,0
5.840056,1.745329,-0.042095,0.000000,0
5.841057,1.745329,-0.038308,0.000000,0
5.842057,1.745329,-0.034521,0.000000,0
5.843058,1.745329,-0.030734,0.000000,0
5.844058,1.745329,-0.026947,0.000000,0
5.845059,1.745329,-0.023160,0.000000,0
5.846060,1.745329,-0.019373,0.000000,0
5.847060,1.745329,-0.015586,0.000000,0
5.848061,1.745329,-0.011799,0.000000,0
5.849061,1.745329,-0.008012,0.000000,0
5.850062,1.745329,-0.004224,0.000000,0
5.851063,1.745329,-0.000437,0.000000,0
5.852063,1.745329,0.003350,0.000000,0
5.853064,1.745329,0.007137,0.000000,0
5.854064,1.745329,0.010924,0.000000,0
5.855065,1.745329,0.014711,0.000000,0
5.856066,1.745329,0.018498,0.000000,0
5.857066,1.745329,0.022285,0.000000,0
5.858067,1.745329,0.026072,0.000000,0
5.859067,1.745329,0.029859,0.000000,0
5.860068,1.745329,0.033646,0.000000,0
5.861069,1.745329,0.037433,0.000000,0
5.862069,1.745329,0.041220,0.000000,0
5.863070,1.745329,0.045007,0.000000,0
5.864070,1.745329,0.048794,0.000000,0
5.865071,1.745329,0.052581,0.000000,0
5.866072,1.745329,0.056368,0.000000,0
5.867072,1.745329,0.060155,0.000000,0
5.868073,1.745329,0.063942,0.000000,0
5.869073,1.745329,0.067729,0.000000,0
5.870074,1.745329,0.071516,0.000000,0
5.871075,1.745329,0.075303,0.000000,0
5.872075,1.745329,0.079090,0.000000,0
5.873076,1.745329,0.082877,0.000000,0
5.874076,1.745329,0.086664,0.000000,0
5.875077,1.745329,0.090451,0.000000,0
5.876078,1.745329,0.094238,0.000000,0
5.877078,1.745329,0.098025,0.000000,0
5.878079,1.745329,0.101812,0.000000,0
5.879079,1.745329,0.105599,0.000000,0
5.880080,1.745329,0.109386,0.000000,0
5.881081,1.745329,0.113173,0.000000,0
5.882081,1.745329,0.116960,0.000000,0
5.883082,1.745329,0.120747,0.000000,0
5.884082,1.745329,0.124534,0.000000,0
5.885083,1.745329,0.128321,0.000000,0
5.886084,1.745329,0.132108,0.000000,0
5.887084,1.745329,0.135895,0.000000,0
5.888085,1.745329,0.139682,0.000000,0
5.889085,1.745329,0.143469,0.000000,0
5.890086,1.745329,0.147256,0.000000,0
5.891087,1.745329,0.151043,0.000000,0
5.892087,1.745329,0.154788,0.000000,0
5.893088,1.745329,0.158438,0.000000,0
5.894088,1.745329,0.161994,0.000000,0
5.895089,1.745329,0.165454,0.000000,0
5.896089,1.745329,0.168820,0.000000,0
5.897090,1.745329,0.172091,0.000000,0
5.898091,1.745329,0.175268,0.000000,0
5.899091,1.745329,0.178349,0.000000,0
5.900092,1.745329,0.181335,0.000000,0
5.901092,1.745329,0.184227,0.000000,0
5.902093,1.745329,0.187024,0.000000,0
5.903094,1.745329,0.189726,0.000000,0
5.904094,1.745329,0.192334,0.000000,0
5.905095,1.745329,0.194846,0.000000,0
5.906095,1.745329,0.197264,0.000000,0
5.907096,1.745329,0.199587,0.000000,0
5.908097,1.745329,0.201815,0.000000,0
5.909097,1.745329,0.203948,0.000000,0
5.910098,1.745329,0.205987,0.000000,0
5.911098,1.745329,0.207930,0.000000,0
5.912099,1.745329,0.209779,0.000000,0
5.913100,1.745329,0.211533,0.000000,0
5.914100,1.745329,0.213192,0.000000,0
5.915101,1.745329,0.214757,0.000000,0
5.916101,1.745329,0.216226,0.000000,0
5.917102,1.745329,0.217601,0.000000,0
5.918103,1.745329,0.218881,0.000000,0
5.919103,1.745329,0.220066,0.000000,0
5.920104,1.745329,0.221157,0.000000,0
5.921104,1.745329,0.222152,0.000000,0
5.922105,1.745329,0.223053,0.000000,0
5.923106,1.745329,0.223859,0.000000,0
5.924106,1.745329,0.224570,0.000000,0
5.925107,1.745329,0.225186,0.000000,0
5.926107,1.745329,0.225708,0.000000,0
5.927108,1.745329,0.226134,0.000000,0
5.928109,1.745329,0.226466,0.000000,0
5.929109,1.745329,0.226703,0.000000,0
5.930110,1.745329,0.226845,0.000000,0
5.931110,1.745329,0.226893,0.000000,1
5.932111,1.736726,0.223083,0.000000,1
5.933112,1.728068,0.219255,0.000000,1
5.934112,1.719369,0.215408,0.000000,1
5.935113,1.710640,0.211540,0.000000,1
5.936113,1.701893,0.207650,0.000000,1
5.937114,1.693142,0.203738,0.000000,1
5.938115,1.684396,0.199802,0.000000,1
5.939115,1.675668,0.195842,0.000000,1
5.940116,1.666968,0.191857,0.000000,1
5.941116,1.658308,0.187846,0.000000,1
5.942117,1.649698,0.183809,0.000000,1
5.943118,1.641150,0.179746,0.000000,1
5.944118,1.632673,0.175656,0.000000,1
5.945119,1.624277,0.171538,0.000000,1
5.946119,1.615974,0.167394,0.000000,1
5.947120,1.607771,0.163221,0.000000,1
5.948120,1.599680,0.159021,0.000000,1
5.949121,1.591709,0.154794,0.000000,1
5.950122,1.583868,0.150539,0.000000,1
5.951122,1.576165,0.146256,0.000000,1
5.952123,1.568609,0.141946,0.000000,1
5.953123,1.561209,0.137610,0.000000,1
5.954124,1.553973,0.133246,0.000000,1
5.955125,1.546909,0.128856,0.000000,1
5.956125,1.540025,0.124441,0.000000,1
5.957126,1.533328,0.120000,0.000000,1
5.958126,1.526826,0.115534,0.000000,1
5.959127,1.520526,0.111043,0.000000,1
5.960128,1.514435,0.106529,0.000000,1
5.961128,1.508559,0.101992,0.000000,1
5.962129,1.502904,0.097433,0.000000,1
5.963129,1.497477,0.092852,0.000000,1
5.964130,1.492283,0.088250,0.000000,1
5.965131,1.487328,0.083629,0.000000,1
5.966131,1.482617,0.078988,0.000000,1
5.967132,1.478156,0.074329,0.000000,1
5.968132,1.473948,0.069653,0.000000,1
5.969133,1.469998,0.064961,0.000000,1
5.970134,1.466311,0.060253,0.000000,1
5.971134,1.462890,0.055531,0.000000,1
5.972135,1.459738,0.050796,0.000000,1
5.973135,1.456860,0.046048,0.000000,1
5.974136,1.454257,0.041290,0.000000,1
5.975137,1.451933,0.036522,0.000000,1
5.976137,1.449891,0.031744,0.000000,1
5.977138,1.448131,0.026959,0.000000,1
5.978138,1.446656,0.022168,0.000000,1
5.979139,1.445467,0.017371,0.000000,1
5.980140,1.444567,0.012569,0.000000,1
5.981140,1.443955,0.007765,0.000000,1
5.982141,1.443632,0.002959,0.000000,1
5.983141,1.443598,-0.001848,0.000000,1
5.984142,1.443854,-0.006655,0.000000,1
5.985143,1.444400,-0.011460,0.000000,1
5.986143,1.445234,-0.016262,0.000000,1
5.987144,1.446356,-0.021060,0.000000,1
5.988144,1.447765,-0.025853,0.000000,1
5.989145,1.449459,-0.030639,0.000000,1
5.990146,1.451436,-0.035419,0.000000,1
5.991146,1.453696,-0.040189,0.000000,1
5.992147,1.456234,-0.044950,0.000000,1
5.993147,1.459049,-0.049700,0.000000,1
5.994148,1.462138,-0.054438,0.000000,1
5.995149,1.465497,-0.059163,0.000000,1
5.996149,1.469123,-0.063874,0.000000,1
5.997150,1.473012,-0.068570,0.000000,1
5.998150,1.477161,-0.073250,0.000000,1
5.999151,1.481564,-0.077913,0.000000,1
6.000151,1.486218,-0.082558,0.000000,1
6.001152,1.491117,-0.087184,0.000000,1
6.002153,1.496256,-0.091791,0.000000,1
6.003153,1.501630,-0.096377,0.000000,1
6.004154,1.507232,-0.100941,0.000000,1
6.005154,1.513058,-0.105483,0.000000,1
6.006155,1.519100,-0.110003,0.000000,1
6.007156,1.525353,-0.114498,0.000000,1
6.008156,1.531809,-0.118970,0.000000,1
6.009157,1.538461,-0.123417,0.000000,1
6.010157,1.545303,-0.127839,0.000000,1
6.011158,1.552326,-0.132234,0.000000,1
6.012159,1.559523,-0.136604,0.000000,1
6.013159,1.566885,-0.140947,0.000000,1
6.014160,1.574406,-0.145263,0.000000,1
6.015160,1.582076,-0.149552,0.000000,1
6.016161,1.589886,-0.153813,0.000000,1
6.017162,1.597828,-0.158047,0.000000,1
6.018162,1.605892,-0.162253,0.000000,1
6.019163,1.614069,-0.166432,0.000000,1
6.020163,1.622351,-0.170583,0.000000,1
6.021164,1.630726,-0.174707,0.000000,1
6.022165,1.639185,-0.178803,0.000000,1
6.023165,1.647718,-0.182873,0.000000,1
6.024166,1.656314,-0.186916,0.000000,1
6.025166,1.664963,-0.190932,0.000000,1
6.026167,1.673655,-0.194923,0.000000,1
6.027168,1.682377,-0.198889,0.000000,1
6.028168,1.691120,-0.202830,0.000000,1
6.029169,1.699871,-0.206748,0.000000,1
6.030169,1.708620,-0.210643,0.000000,1
6.031170,1.717354,-0.214516,0.000000,1
6.032171,1.726061,-0.218368,0.000000,1
6.033171,1.734730,-0.222200,0.000000,1
6.034172,1.743347,-0.226014,0.000000,1
6.035172,1.745329,-0.226865,0.000000,0
6.036173,1.745329,-0.226744,0.000000,0
6.037174,1.745329,-0.226529,0.000000,0
6.038174,1.745329,-0.226219,0.000000,0
6.039175,1.745329,-0.225815,0.000000,0
6.040175,1.745329,-0.225315,0.000000,0
6.041176,1.745329,-0.224721,0.000000,0
6.042177,1.745329,-0.224032,0.000000,0
6.043177,1.745329,-0.223248,0.000000,0
6.044178,1.745329,-0.222369,0.000000,0
6.045178,1.745329,-0.221395,0.000000,0
6.046179,1.745329,-0.220327,0.000000,0
6.047180,1.745329,-0.219163,0.000000,0
6.048180,1.745329,-0.217905,0.000000,0
6.049181,1.745329,-0.216552,0.000000,0
6.050181,1.745329,-0.215105,0.000000,0
6.051182,1.745329,-0.213562,0.000000,0
6.052183,1.745329,-0.211925,0.000000,0
6.053183,1.745329,-0.210193,0.000000,0
6.054184,1.745329,-0.208366,0.000000,0
6.055184,1.745329,-0.206444,0.000000,0
6.056185,1.745329,-0.204428,0.000000,0
6.057185,1.745329,-0.202316,0.000000,0
6.058186,1.745329,-0.200110,0.000000,0
6.059187,1.745329,-0.197809,0.000000,0
6.060187,1.745329,-0.195413,0.000000,0
6.061188,1.745329,-0.192923,0.000000,0
6.062188,1.745329,-0.190337,0.000000,0
6.063189,1.745329,-0.187657,0.000000,0
6.064190,1.745329,-0.184882,0.000000,0
6.065190,1.745329,-0.182012,0.000000,0
6.066191,1.745329,-0.179047,0.000000,0
6.067191,1.745329,-0.175988,0.000000,0
6.068192,1.745329,-0.172834,0.000000,0
6.069193,1.745329,-0.169584,0.000000,0
6.070193,1.745329,-0.166241,0.000000,0
6.071194,1.745329,-0.162802,0.000000,0
6.072194,1.745329,-0.159268,0.000000,0
6.073195,1.745329,-0.155640,0.000000,0
6.074196,1.745329,-0.151917,0.000000,0
6.075196,1.745329,-0.148131,0.000000,0
6.076197,1.745329,-0.144344,0.000000,0
6.077197,1.745329,-0.140557,0.000000,0
6.078198,1.745329,-0.136770,0.000000,0
6.079199,1.745329,-0.132983,0.000000,0
6.080199,1.745329,-0.129196,0.000000,0
6.081200,1.745329,-0.125409,0.000000,0
6.082200,1.745329,-0.121622,0.000000,0
6.083201,1.745329,-0.117835,0.000000,0
6.084202,1.745329,-0.114048,0.000000,0
6.085202,1.745329,-0.110261,0.000000,0
6.086203,1.745329,-0.106474,0.000000,0
6.087203,1.745329,-0.102687,0.000000,0
6.088204,1.745329,-0.098900,0.000000,0
6.089205,1.745329,-0.095113,0.000000,0
6.090205,1.745329,-0.091326,0.000000,0
6.091206,1.745329,-0.087539,0.000000,0
6.092206,1.745329,-0.083752,0.000000,0
6.093207,1.745329,-0.079965,0.000000,0
6.094208,1.745329,-0.076178,0.000000,0
6.095208,1.745329,-0.072391,0.000000,0
6.096209,1.745329,-0.068604,0.000000,0
6.097209,1.745329,-0.064817,0.000000,0
6.098210,1.745329,-0.061030,0.000000,0
6.099211,1.745329,-0.057243,0.000000,0
6.100211,1.745329,-0.053456,0.000000,0
6.101212,1.745329,-0.049669,0.000000,0
6.102212,1.745329,-0.045882,0.000000,0
6.103213,1.745329,-0.042095,0.000000,0
6.104214,1.745329,-0.038308,0.000000,0
6.105214,1.745329,-0.034521,0.000000,0
6.106215,1.745329,-0.030734,0.000000,0
6.107215,1.745329,-0.026947,0.000000,0
6.108216,1.745329,-0.023160,0.000000,0
6.109216,1.745329,-0.019373,0.000000,0
6.110217,1.745329,-0.015586,0.000000,0
6.111218,1.745329,-0.011799,0.000000,0
6.112218,1.745329,-0.008012,0.000000,0
6.113219,1.745329,-0.004224,0.000000,0
6.114219,1.745329,-0.000437,0.000000,0
6.115220,1.745329,0.003350,0.000000,0
6.116221,1.745329,0.007137,0.000000,0
6.117221,1.745329,0.010924,0.000000,0
6.118222,1.745329,0.014711,0.000000,0
6.119222,1.745329,0.018498,0.000000,0
6.120223,1.745329,0.022285,0.000000,0
6.121224,1.745329,0.026072,0.000000,0
6.122224,1.745329,0.029859,0.000000,0
6.123225,1.745329,0.033646,0.000000,0
6.124225,1.745329,0.037433,0.000000,0
6.125226,1.745329,0.041220,0.000000,0
6.126227,1.745329,0.045007,0.000000,0
6.127227,1.745329,0.048794,0.000000,0
6.128228,1.745329,0.052581,0.000000,0
6.129228,1.745329,0.056368,0.000000,0
6.130229,1.745329,0.060155,0.000000,0
6.131230,1.745329,0.063942,0.000000,0
6.132230,1.745329,0.067729,0.000000,0
6.133231,1.745329,0.071516,0.000000,0
6.134231,1.745329,0.075303,0.000000,0
6.135232,1.745329,0.079090,0.000000,0
6.136233,1.745329,0.082877,0.000000,0
6.137233,1.745329,0.086664,0.000000,0
6.138234,1.745329,0.090451,0.000000,0
6.139234,1.745329,0.094238,0.000000,0
6.140235,1.745329,0.098025,0.000000,0
6.141236,1.745329,0.101812,0.000000,0
6.142236,1.745329,0.105599,0.000000,0
6.143237,1.745329,0.109386,0.000000,0
6.144237,1.745329,0.113173,0.000000,0
6.145238,1.745329,0.116960,0.000000,0
6.146239,1.745329,0.120747,0.000000,0
6.147239,1.745329,0.124534,0.000000,0
6.148240,1.745329,0.128321,0.000000,0
6.149240,1.745329,0.132108,0.000000,0
6.150241,1.745329,0.135895,0.000000,0
6.151242,1.745329,0.139682,0.000000,0
6.152242,1.745329,0.143469,0.000000,0
6.153243,1.745329,0.147256,0.000000,0
6.154243,1.745329,0.151043,0.000000,0
6.155244,1.745329,0.154788,0.000000,0
6.156245,1.745329,0.158438,0.000000,0
6.157245,1.745329,0.161994,0.000000,0
6.158246,1.745329,0.165454,0.000000,0
6.159246,1.745329,0.168820,0.000000,0
6.160247,1.745329,0.172091,0.000000,0
6.161247,1.745329,0.175268,0.000000,0
6.162248,1.745329,0.178349,0.000000,0
6.163249,1.745329,0.181335,0.000000,0
6.164249,1.745329,0.184227,0.000000,0
6.165250,1.745329,0.187024,0.000000,0
6.166250,1.745329,0.189726,0.000000,0
6.167251,1.745329,0.192334,0.000000,0
6.168252,1.745329,0.194846,0.000000,0
6.169252,1.745329,0.197264,0.000000,0
6.170253,1.745329,0.199587,0.000000,0
6.171253,1.745329,0.201815,0.000000,0
6.172254,1.745329,0.203948,0.000000,0
6.173255,1.745329,0.205987,0.000000,0
6.174255,1.745329,0.207930,0.000000,0
6.175256,1.745329,0.209779,0.000000,0
6.176256,1.745329,0.211533,0.000000,0
6.177257,1.745329,0.213192,0.000000,0
6.178258,1.745329,0.214757,0.000000,0
6.179258,1.745329,0.216226,0.000000,0
6.180259,1.745329,0.217601,0.000000,0
6.181259,1.745329,0.218881,0.000000,0
6.182260,1.745329,0.220066,0.000000,0
6.183261,1.745329,0.221157,0.000000,0
6.184261,1.745329,0.222152,0.000000,0
6.185262,1.745329,0.223053,0.000000,0
6.186262,1.745329,0.223859,0.000000,0
6.187263,1.745329,0.224570,0.000000,0
6.188264,1.745329,0.225186,0.000000,0
6.189264,1.745329,0.225708,0.000000,0
6.190265,1.745329,0.226134,0.000000,0
6.191265,1.745329,0.226466,0.000000,0
6.192266,1.745329,0.226703,0.000000,0
6.193267,1.745329,0.226845,0.000000,0
6.194267,1.745329,0.226893,0.000000,1
6.195268,1.736726,0.223083,0.000000,1
6.196268,1.728068,0.219255,0.000000,1
6.197269,1.719369,0.215408,0.000000,1
6.198270,1.710640,0.211540,0.000000,1
6.199270,1.701893,0.207650,0.000000,1
6.200271,1.693142,0.203738,0.000000,1
6.201271,1.684396,0.199802,0.000000,1
6.202272,1.675668,0.195842,0.000000,1
6.203273,1.666968,0.191857,0.000000,1
6.204273,1.658308,0.187846,0.000000,1
6.205274,1.649698,0.183809,0.000000,1
6.206274,1.641150,0.179746,0.000000,1
6.207275,1.632673,0.175656,0.000000,1
6.208276,1.624277,0.171538,0.000000,1
6.209276,1.615974,0.167394,0.000000,1
6.210277,1.607771,0.163221,0.000000,1
6.211277,1.599680,0.159021,0.000000,1
6.212278,1.591709,0.154794,0.000000,1
6.213278,1.583868,0.150539,0.000000,1
6.214279,1.576165,0.146256,0.000000,1
6.215280,1.568609,0.141946,0.000000,1
6.216280,1.561209,0.137610,0.000000,1
6.217281,1.553973,0.133246,0.000000,1
6.218281,1.546909,0.128856,0.000000,1
6.219282,1.540025,0.124441,0.000000,1
6.220283,1.533328,0.120000,0.000000,1
6.221283,1.526826,0.115534,0.000000,1
6.222284,1.520526,0.111043,0.000000,1
6.223284,1.514435,0.106529,0.000000,1
6.224285,1.508559,0.101992,0.000000,1
6.225286,1.502904,0.097433,0.000000,1
6.226286,1.497477,0.092852,0.000000,1
6.227287,1.492283,0.088250,0.000000,1
6.228287,1.487328,0.083629,0.000000,1
6.229288,1.482617,0.078988,0.000000,1
6.230289,1.478156,0.074329,0.000000,1
6.231289,1.473948,0.069653,0.000000,1
6.232290,1.469998,0.064961,0.000000,1
6.233290,1.466311,0.060253,0.000000,1
6.234291,1.462890,0.055531,0.000000,1
6.235292,1.459738,0.050796,0.000000,1
6.236292,1.456860,0.046048,0.000000,1
6.237293,1.454257,0.041290,0.000000,1
6.238293,1.451933,0.036522,0.000000,1
6.239294,1.449891,0.031744,0.000000,1
6.240295,1.448131,0.026959,0.000000,1
6.241295,1.446656,0.022168,0.000000,1
6.242296,1.445467,0.017371,0.000000,1
6.243296,1.444567,0.012569,0.000000,1
6.244297,1.443955,0.007765,0.000000,1
6.245298,1.443632,0.002959,0.000000,1
6.246298,1.443598,-0.001848,0.000000,1
6.247299,1.443854,-0.006655,0.000000,1
6.248299,1.444400,-0.011460,0.000000,1
6.249300,1.445234,-0.016262,0.000000,1
6.250301,1.446356,-0.021060,0.000000,1
6.251301,1.447765,-0.025853,0.000000,1
6.252302,1.449459,-0.030639,0.000000,1
6.253302,1.451436,-0.035419,0.000000,1
6.254303,1.453696,-0.040189,0.000000,1
6.255304,1.456234,-0.044950,0.000000,1
6.256304,1.459049,-0.049700,0.000000,1
6.257305,1.462138,-0.054438,0.000000,1
6.258305,1.465497,-0.059163,0.000000,1
6.259306,1.469123,-0.063874,0.000000,1
6.260307,1.473012,-0.068570,0.000000,1
6.261307,1.477161,-0.073250,0.000000,1
6.262308,1.481564,-0.077913,0.000000,1
6.263308,1.486218,-0.082558,0.000000,1
6.264309,1.491117,-0.087184,0.000000,1
6.265309,1.496256,-0.091791,0.000000,1
6.266310,1.501630,-0.096377,0.000000,1
6.267311,1.507232,-0.100941,0.000000,1
6.268311,1.513058,-0.105483,0.000000,1
6.269312,1.519100,-0.110003,0.000000,1
6.270312,1.525353,-0.114498,0.000000,1
6.271313,1.531809,-0.118970,0.000000,1
6.272314,1.538461,-0.123417,0.000000,1
6.273314,1.545303,-0.127839,0.000000,1
6.274315,1.552326,-0.132234,0.000000,1
6.275315,1.559523,-0.136604,0.000000,1
6.276316,1.566885,-0.140947,0.000000,1
6.277317,1.574406,-0.145263,0.000000,1
6.278317,1.582076,-0.149552,0.000000,1
6.279318,1.589886,-0.153813,0.000000,1
6.280318,1.597828,-0.158047,0.000000,1
6.281319,1.605892,-0.162253,0.000000,1
6.282320,1.614069,-0.166432,0.000000,1
6.283320,1.622351,-0.170583,0.000000,1
6.284321,1.630726,-0.174707,0.000000,1
6.285321,1.639185,-0.178803,0.000000,1
6.286322,1.647718,-0.182873,0.000000,1
6.287323,1.656314,-0.186916,0.000000,1
6.288323,1.664963,-0.190932,0.000000,1
6.289324,1.673655,-0.194923,0.000000,1
6.290324,1.682377,-0.198889,0.000000,1
6.291325,1.691120,-0.202830,0.000000,1
6.292326,1.699871,-0.206748,0.000000,1
6.293326,1.708620,-0.210643,0.000000,1
6.294327,1.717354,-0.214516,0.000000,1
6.295327,1.726061,-0.218368,0.000000,1
6.296328,1.734730,-0.222200,0.000000,1
6.297329,1.743347,-0.226014,0.000000,1
6.298329,1.745329,-0.226865,0.000000,0
6.299330,1.745329,-0.226744,0.000000,0
6.300330,1.745329,-0.226529,0.000000,0
6.301331,1.745329,-0.226219,0.000000,0
6.302332,1.745329,-0.225815,0.000000,0
6.303332,1.745329,-0.225315,0.000000,0
6.304333,1.745329,-0.224721,0.000000,0
6.305333,1.745329,-0.224032,0.000000,0
6.306334,1.745329,-0.223248,0.000000,0
6.307335,1.745329,-0.222369,0.000000,0
6.308335,1.745329,-0.221395,0.000000,0
6.309336,1.745329,-0.220327,0.000000,0
6.310336,1.745329,-0.219163,0.000000,0
6.311337,1.745329,-0.217905,0.000000,0
6.312338,1.745329,-0.216552,0.000000,0
6.313338,1.745329,-0.215105,0.000000,0
6.314339,1.745329,-0.213562,0.000000,0
6.315339,1.745329,-0.211925,0.000000,0
6.316340,1.745329,-0.210193,0.000000,0
6.317340,1.745329,-0.208366,0.000000,0
6.318341,1.745329,-0.206444,0.000000,0
6.319342,1.745329,-0.204428,0.000000,0
6.320342,1.745329,-0.202316,0.000000,0
6.321343,1.745329,-0.200110,0.000000,0
6.322343,1.745329,-0.197809,0.000000,0
6.323344,1.745329,-0.195413,0.000000,0
6.324345,1.745329,-0.192923,0.000000,0
6.325345,1.745329,-0.190337,0.000000,0
6.326346,1.745329,-0.187657,0.000000,0
6.327346,1.745329,-0.184882,0.000000,0
6.328347,1.745329,-0.182012,0.000000,0
6.329348,1.745329,-0.179047,0.000000,0
6.330348,1.745329,-0.175988,0.000000,0
6.331349,1.745329,-0.172834,0.000000,0
6.332349,1.745329,-0.169584,0.000000,0
6.333350,1.745329,-0.166241,0.000000,0
6.334351,1.745329,-0.162802,0.000000,0
6.335351,1.745329,-0.159268,0.000000,0
6.336352,1.745329,-0.155640,0.000000,0
6.337352,1.745329,-0.151917,0.000000,0
6.338353,1.745329,-0.148131,0.000000,0
6.339354,1.745329,-0.144344,0.000000,0
6.340354,1.745329,-0.140557,0.000000,0
6.341355,1.745329,-0.136770,0.000000,0
6.342355,1.745329,-0.132983,0.000000,0
6.343356,1.745329,-0.129196,0.000000,0
6.344357,1.745329,-0.125409,0.000000,0
6.345357,1.745329,-0.121622,0.000000,0
6.346358,1.745329,-0.117835,0.000000,0
6.347358,1.745329,-0.114048,0.000000,0
6.348359,1.745329,-0.110261,0.000000,0
6.349360,1.745329,-0.106474,0.000000,0
6.350360,1.745329,-0.102687,0.000000,0
6.351361,1.745329,-0.098900,0.000000,0
6.352361,1.745329,-0.095113,0.000000,0
6.353362,1.745329,-0.091326,0.000000,0
6.354363,1.745329,-0.087539,0.000000,0
6.355363,1.745329,-0.083752,0.000000,0
6.356364,1.745329,-0.079965,0.000000,0
6.357364,1.745329,-0.076178,0.000000,0
6.358365,1.745329,-0.072391,0.000000,0
6.359366,1.745329,-0.068604,0.000000,0
6.360366,1.745329,-0.064817,0.000000,0
6.361367,1.745329,-0.061030,0.000000,0
6.362367,1.745329,-0.057243,0.000000,0
6.363368,1.745329,-0.053456,0.000000,0
6.364369,1.745329,-0.049669,0.000000,0
6.365369,1.745329,-0.045882,0.000000,0
6.366370,1.745329,-0.042095,0.000000,0
6.367370,1.745329,-0.038308,0.000000,0
6.368371,1.745329,-0.034521,0.000000,0
6.369372,1.745329,-0.030734,0.000000,0
6.370372,1.745329,-0.026947,0.000000,0
6.371373,1.745329,-0.023160,0.000000,0
6.372373,1.745329,-0.019373,0.000000,0
6.373374,1.745329,-0.015586,0.000000,0
6.374374,1.745329,-0.011799,0.000000,0
6.375375,1.745329,-0.008012,0.000000,0
6.376376,1.745329,-0.004224,0.000000,0
6.377376,1.745329,-0.000437,0.000000,0
6.378377,1.745329,0.003350,0.000000,0
6.379377,1.745329,0.007137,0.000000,0
6.380378,1.745329,0.010924,0.000000,0
6.381379,1.745329,0.014711,0.000000,0
6.382379,1.745329,0.018498,0.000000,0
6.383380,1.745329,0.022285,0.000000,0
6.384380,1.745329,0.026072,0.000000,0
6.385381,1.745329,0.029859,0.000000,0
6.386382,1.745329,0.033646,0.000000,0
6.387382,1.745329,0.037433,0.000000,0
6.388383,1.745329,0.041220,0.000000,0
6.389383,1.745329,0.045007,0.000000,0
6.390384,1.745329,0.048794,0.000000,0
6.391385,1.745329,0.052581,0.000000,0
6.392385,1.745329,0.056368,0.000000,0
6.393386,1.745329,0.060155,0.000000,0
6.394386,1.745329,0.063942,0.000000,0
6.395387,1.745329,0.067729,0.000000,0
6.396388,1.745329,0.071516,0.000000,0
6.397388,1.745329,0.075303,0.000000,0
6.398389,1.745329,0.079090,0.000000,0
6.399389,1.745329,0.082877,0.000000,0
6.400390,1.745329,0.086664,0.000000,0
6.401391,1.745329,0.090451,0.000000,0
6.402391,1.745329,0.094238,0.000000,0
6.403392,1.745329,0.098025,0.000000,0
6.404392,1.745329,0.101812,0.000000,0
6.405393,1.745329,0.105599,0.000000,0
6.406394,1.745329,0.109386,0.000000,0
6.407394,1.745329,0.113173,0.000000,0
6.408395,1.745329,0.116960,0.000000,0
6.409395,1.745329,0.120747,0.000000,0
6.410396,1.745329,0.124534,0.000000,0
6.411397,1.745329,0.128321,0.000000,0
6.412397,1.745329,0.132108,0.000000,0
6.413398,1.745329,0.135895,0.000000,0
6.414398,1.745329,0.139682,0.000000,0
6.415399,1.745329,0.143469,0.000000,0
6.416400,1.745329,0.147256,0.000000,0
6.417400,1.745329,0.151043,0.000000,0
6.418401,1.745329,0.154788,0.000000,0
6.419401,1.745329,0.158438,0.000000,0
6.420402,1.745329,0.161994,0.000000,0
6.421403,1.745329,0.165454,0.000000,0
6.422403,1.745329,0.168820,0.000000,0
6.423404,1.745329,0.172091,0.000000,0
6.424404,1.745329,0.175268,0.000000,0
6.425405,1.745329,0.178349,0.000000,0
6.426405,1.745329,0.181335,0.000000,0
6.427406,1.745329,0.184227,0.000000,0
6.428407,1.745329,0.187024,0.000000,0
6.429407,1.745329,0.189726,0.000000,0
6.430408,1.745329,0.192334,0.000000,0
6.431408,1.745329,0.194846,0.000000,0
6.432409,1.745329,0.197264,0.000000,0
6.433410,1.745329,0.199587,0.000000,0
6.434410,1.745329,0.201815,0.000000,0
6.435411,1.745329,0.203948,0.000000,0
6.436411,1.745329,0.205987,0.000000,0
6.437412,1.745329,0.207930,0.000000,0
6.438413,1.745329,0.209779,0.000000,0
6.439413,1.745329,0.211533,0.000000,0
6.440414,1.745329,0.213192,0.000000,0
6.441414,1.745329,0.214757,0.000000,0
6.442415,1.745329,0.216226,0.000000,0
6.443416,1.745329,0.217601,0.000000,0
6.444416,1.745329,0.218881,0.000000,0
6.445417,1.745329,0.220066,0.000000,0
6.446417,1.745329,0.221157,0.000000,0
6.447418,1.745329,0.222152,0.000000,0
6.448419,1.745329,0.223053,0.000000,0
6.449419,1.745329,0.223859,0.000000,0
6.450420,1.745329,0.224570,0.000000,0
6.451420,1.745329,0.225186,0.000000,0
6.452421,1.745329,0.225708,0.000000,0
6.453422,1.745329,0.226134,0.000000,0
6.454422,1.745329,0.226466,0.000000,0
6.455423,1.745329,0.226703,0.000000,0
6.456423,1.745329,0.226845,0.000000,0
6.457424,1.745329,0.226893,0.000000,1
6.458425,1.736726,0.223083,0.000000,1
6.459425,1.728068,0.219255,0.000000,1
6.460426,1.719369,0.215408,0.000000,1
6.461426,1.710640,0.211540,0.000000,1
6.462427,1.701893,0.207650,0.000000,1
6.463428,1.693142,0.203738,0.000000,1
6.464428,1.684396,0.199802,0.000000,1
6.465429,1.675668,0.195842,0.000000,1
6.466429,1.666968,0.191857,0.000000,1
6.467430,1.658308,0.187846,0.000000,1
6.468431,1.649698,0.183809,0.000000,1
6.469431,1.641150,0.179746,0.000000,1
6.470432,1.632673,0.175656,0.000000,1
6.471432,1.624277,0.171538,0.000000,1
6.472433,1.615974,0.167394,0.000000,1
6.473434,1.607771,0.163221,0.000000,1
6.474434,1.599680,0.159021,0.000000,1
6.475435,1.591709,0.154794,0.000000,1
6.476435,1.583868,0.150539,0.000000,1
6.477436,1.576165,0.146256,0.000000,1
6.478436,1.568609,0.141946,0.000000,1
6.479437,1.561209,0.137610,0.000000,1
6.480438,1.553973,0.133246,0.000000,1
6.481438,1.546909,0.128856,0.000000,1
6.482439,1.540025,0.124441,0.000000,1
6.483439,1.533328,0.120000,0.000000,1
6.484440,1.526826,0.115534,0.000000,1
6.485441,1.520526,0.111043,0.000000,1
6.486441,1.514435,0.106529,0.000000,1
6.487442,1.508559,0.101992,0.000000,1
6.488442,1.502904,0.097433,0.000000,1
6.489443,1.497477,0.092852,0.000000,1
6.490444,1.492283,0.088250,0.000000,1
6.491444,1.487328,0.083629,0.000000,1
6.492445,1.482617,0.078988,0.000000,1
6.493445,1.478156,0.074329,0.000000,1
6.494446,1.473948,0.069653,0.000000,1
6.495447,1.469998,0.064961,0.000000,1
6.496447,1.466311,0.060253,0.000000,1
6.497448,1.462890,0.055531,0.000000,1
6.498448,1.459738,0.050796,0.000000,1
6.499449,1.456860,0.046048,0.000000,1
6.500450,1.454257,0.041290,0.000000,1
6.501450,1.451933,0.036522,0.000000,1
6.502451,1.449891,0.031744,0.000000,1
6.503451,1.448131,0.026959,0.000000,1
6.504452,1.446656,0.022168,0.000000,1
6.505453,1.445467,0.017371,0.000000,1
6.506453,1.444567,0.012569,0.000000,1
6.507454,1.443955,0.007765,0.000000,1
6.508454,1.443632,0.002959,0.000000,1
6.509455,1.443598,-0.001848,0.000000,1
6.510456,1.443854,-0.006655,0.000000,1
6.511456,1.444400,-0.011460,0.000000,1
6.512457,1.445234,-0.016262,0.000000,1
6.513457,1.446356,-0.021060,0.000000,1
6.514458,1.447765,-0.025853,0.000000,1
6.515459,1.449459,-0.030639,0.000000,1
6.516459,1.451436,-0.035419,0.000000,1
6.517460,1.453696,-0.040189,0.000000,1
6.518460,1.456234,-0.044950,0.000000,1
6.519461,1.459049,-0.049700,0.000000,1
6.520462,1.462138,-0.054438,0.000000,1
6.521462,1.465497,-0.059163,0.000000,1
6.522463,1.469123,-0.063874,0.000000,1
6.523463,1.473012,-0.068570,0.000000,1
6.524464,1.477161,-0.073250,0.000000,1
6.525465,1.481564,-0.077913,0.000000,1
6.526465,1.486218,-0.082558,0.000000,1
6.527466,1.491117,-0.087184,0.000000,1
6.528466,1.496256,-0.091791,0.000000,1
6.529467,1.501630,-0.096377,0.000000,1
6.530467,1.507232,-0.100941,0.000000,1
6.531468,1.513058,-0.105483,0.000000,1
6.532469,1.519100,-0.110003,0.000000,1
6.533469,1.525353,-0.114498,0.000000,1
6.534470,1.531809,-0.118970,0.000000,1
6.535470,1.538461,-0.123417,0.000000,1
6.536471,1.545303,-0.127839,0.000000,1
6.537472,1.552326,-0.132234,0.000000,1
6.538472,1.559523,-0.136604,0.000000,1
6.539473,1.566885,-0.140947,0.000000,1
6.540473,1.574406,-0.145263,0.000000,1
6.541474,1.582076,-0.149552,0.000000,1
6.542475,1.589886,-0.153813,0.000000,1
6.543475,1.597828,-0.158047,0.000000,1
6.544476,1.605892,-0.162253,0.000000,1
6.545476,1.614069,-0.166432,0.000000,1
6.546477,1.622351,-0.170583,0.000000,1
6.547478,1.630726,-0.174707,0.000000,1
6.548478,1.639185,-0.178803,0.000000,1
6.549479,1.647718,-0.182873,0.000000,1
6.550479,1.656314,-0.186916,0.000000,1
6.551480,1.664963,-0.190932,0.000000,1
6.552481,1.673655,-0.194923,0.000000,1
6.553481,1.682377,-0.198889,0.000000,1
6.554482,1.691120,-0.202830,0.000000,1
6.555482,1.699871,-0.206748,0.000000,1
6.556483,1.708620,-0.210643,0.000000,1
6.557484,1.717354,-0.214516,0.000000,1
6.558484,1.726061,-0.218368,0.000000,1
6.559485,1.734730,-0.222200,0.000000,1
6.560485,1.743347,-0.226014,0.000000,1
6.561486,1.745329,-0.226865,0.000000,0
6.562487,1.745329,-0.226744,0.000000,0
6.563487,1.745329,-0.226529,0.000000,0
6.564488,1.745329,-0.226219,0.000000,0
6.565488,1.745329,-0.225815,0.000000,0
6.566489,1.745329,-0.225315,0.000000,0
6.567490,1.745329,-0.224721,0.000000,0
6.568490,1.745329,-0.224032,0.000000,0
6.569491,1.745329,-0.223248,0.000000,0
6.570491,1.745329,-0.222369,0.000000,0
6.571492,1.745329,-0.221395,0.000000,0
6.572493,1.745329,-0.220327,0.000000,0
6.573493,1.745329,-0.219163,0.000000,0
6.574494,1.745329,-0.217905,0.000000,0
6.575494,1.745329,-0.216552,0.000000,0
6.576495,1.745329,-0.215105,0.000000,0
6.577496,1.745329,-0.213562,0.000000,0
6.578496,1.745329,-0.211925,0.000000,0
6.579497,1.745329,-0.210193,0.000000,0
6.580497,1.745329,-0.208366,0.000000,0
6.581498,1.745329,-0.206444,0.000000,0
6.582498,1.745329,-0.204428,0.000000,0
6.583499,1.745329,-0.202316,0.000000,0
6.584500,1.745329,-0.200110,0.000000,0
6.585500,1.745329,-0.197809,0.000000,0
6.586501,1.745329,-0.195413,0.000000,0
6.587501,1.745329,-0.192923,0.000000,0
6.588502,1.745329,-0.190337,0.000000,0
6.589503,1.745329,-0.187657,0.000000,0
6.590503,1.745329,-0.184882,0.000000,0
6.591504,1.745329,-0.182012,0.000000,0
6.592504,1.745329,-0.179047,0.000000,0
6.593505,1.745329,-0.175988,0.000000,0
6.594506,1.745329,-0.172834,0.000000,0
6.595506,1.745329,-0.169584,0.000000,0
6.596507,1.745329,-0.166241,0.000000,0
6.597507,1.745329,-0.162802,0.000000,0
6.598508,1.745329,-0.159268,0.000000,0
6.599509,1.745329,-0.155640,0.000000,0
6.600509,1.745329,-0.151917,0.000000,0
6.601510,1.745329,-0.148131,0.000000,0
6.602510,1.745329,-0.144344,0.000000,0
6.603511,1.745329,-0.140557,0.000000,0
6.604512,1.745329,-0.136770,0.000000,0
6.605512,1.745329,-0.132983,0.000000,0
6.606513,1.745329,-0.129196,0.000000,0
6.607513,1.745329,-0.125409,0.000000,0
6.608514,1.745329,-0.121622,0.000000,0
6.609515,1.745329,-0.117835,0.000000,0
6.610515,1.745329,-0.114048,0.000000,0
6.611516,1.745329,-0.110261,0.000000,0
6.612516,1.745329,-0.106474,0.000000,0
6.613517,1.745329,-0.102687,0.000000,0
6.614518,1.745329,-0.098900,0.000000,0
6.615518,1.745329,-0.095113,0.000000,0
6.616519,1.745329,-0.091326,0.000000,0
6.617519,1.745329,-0.087539,0.000000,0
6.618520,1.745329,-0.083752,0.000000,0
6.619521,1.745329,-0.079965,0.000000,0
6.620521,1.745329,-0.076178,0.000000,0
6.621522,1.745329,-0.072391,0.000000,0
6.622522,1.745329,-0.068604,0.000000,0
6.623523,1.745329,-0.064817,0.000000,0
6.624524,1.745329,-0.061030,0.000000,0
6.625524,1.745329,-0.057243,0.000000,0
6.626525,1.745329,-0.053456,0.000000,0
6.627525,1.745329,-0.049669,0.000000,0
6.628526,1.745329,-0.045882,0.000000,0
6.629527,1.745329,-0.042095,0.000000,0
6.630527,1.745329,-0.038308,0.000000,0
6.631528,1.745329,-0.034521,0.000000,0
6.632528,1.745329,-0.030734,0.000000,0
6.633529,1.745329,-0.026947,0.000000,0
6.634529,1.745329,-0.023160,0.000000,0
6.635530,1.745329,-0.019373,0.000000,0
6.636531,1.745329,-0.015586,0.000000,0
6.637531,1.745329,-0.011799,0.000000,0
6.638532,1.745329,-0.008012,0.000000,0
6.639532,1.745329,-0.004224,0.000000,0
6.640533,1.745329,-0.000437,0.000000,0
6.641534,1.745329,0.003350,0.000000,0
6.642534,1.745329,0.007137,0.000000,0
6.643535,1.745329,0.010924,0.000000,0
6.644535,1.745329,0.014711,0.000000,0
6.645536,1.745329,0.018498,0.000000,0
6.646537,1.745329,0.022285,0.000000,0
6.647537,1.745329,0.026072,0.000000,0
6.648538,1.745329,0.029859,0.000000,0
6.649538,1.745329,0.033646,0.000000,0
6.650539,1.745329,0.037433,0.000000,0
6.651540,1.745329,0.041220,0.000000,0
6.652540,1.745329,0.045007,0.000000,0
6.653541,1.745329,0.048794,0.000000,0
6.654541,1.745329,0.052581,0.000000,0
6.655542,1.745329,0.056368,0.000000,0
6.656543,1.745329,0.060155,0.000000,0
6.657543,1.745329,0.063942,0.000000,0
6.658544,1.745329,0.067729,0.000000,0
6.659544,1.745329,0.071516,0.000000,0
6.660545,1.745329,0.075303,0.000000,0
6.661546,1.745329,0.079090,0.000000,0
6.662546,1.745329,0.082877,0.000000,0
6.663547,1.745329,0.086664,0.000000,0
6.664547,1.745329,0.090451,0.000000,0
6.665548,1.745329,0.094238,0.000000,0
6.666549,1.745329,0.098025,0.000000,0
6.667549,1.745329,0.101812,0.000000,0
6.668550,1.745329,0.105599,0.000000,0
6.669550,1.745329,0.109386,0.000000,0
6.670551,1.745329,0.113173,0.000000,0
6.671552,1.745329,0.116960,0.000000,0
6.672552,1.745329,0.120747,0.000000,0
6.673553,1.745329,0.124534,0.000000,0
6.674553,1.745329,0.128321,0.000000,0
6.675554,1.745329,0.132108,0.000000,0
6.676555,1.745329,0.135895,0.000000,0
6.677555,1.745329,0.139682,0.000000,0
6.678556,1.745329,0.143469,0.000000,0
6.679556,1.745329,0.147256,0.000000,0
6.680557,1.745329,0.151043,0.000000,0
6.681558,1.745329,0.154788,0.000000,0
6.682558,1.745329,0.158438,0.000000,0
6.683559,1.745329,0.161994,0.000000,0
6.684559,1.745329,0.165454,0.000000,0
6.685560,1.745329,0.168820,0.000000,0
6.686560,1.745329,0.172091,0.000000,0
6.687561,1.745329,0.175268,0.000000,0
6.688562,1.745329,0.178349,0.000000,0
6.689562,1.745329,0.181335,0.000000,0
6.690563,1.745329,0.184227,0.000000,0
6.691563,1.745329,0.187024,0.000000,0
6.692564,1.745329,0.189726,0.000000,0
6.693565,1.745329,0.192334,0.000000,0
6.694565,1.745329,0.194846,0.000000,0
6.695566,1.745329,0.197264,0.000000,0
6.696566,1.745329,0.199587,0.000000,0
6.697567,1.745329,0.201815,0.000000,0
6.698568,1.745329,0.203948,0.000000,0
6.699568,1.745329,0.205987,0.000000,0
6.700569,1.745329,0.207930,0.000000,0
6.701569,1.745329,0.209779,0.000000,0
6.702570,1.745329,0.211533,0.000000,0
6.703571,1.745329,0.213192,0.000000,0
6.704571,1.745329,0.214757,0.000000,0
6.705572,1.745329,0.216226,0.000000,0
6.706572,1.745329,0.217601,0.000000,0
6.707573,1.745329,0.218881,0.000000,0
6.708574,1.745329,0.220066,0.000000,0
6.709574,1.745329,0.221157,0.000000,0
6.710575,1.745329,0.222152,0.000000,0
6.711575,1.745329,0.223053,0.000000,0
6.712576,1.745329,0.223859,0.000000,0
6.713577,1.745329,0.224570,0.000000,0
6.714577,1.745329,0.225186,0.000000,0
6.715578,1.745329,0.225708,0.000000,0
6.716578,1.745329,0.226134,0.000000,0
6.717579,1.745329,0.226466,0.000000,0
6.718580,1.745329,0.226703,0.000000,0
6.719580,1.745329,0.226845,0.000000,0
6.720581,1.745329,0.279253,0.000000,1
6.721579,1.736983,0.274393,0.000000,1
6.722577,1.728598,0.269511,0.000000,1
6.723575,1.720187,0.264605,0.000000,1
6.724572,1.711762,0.259674,0.000000,1
6.725570,1.703334,0.254716,0.000000,1
6.726568,1.694913,0.249730,0.000000,1
6.727566,1.686512,0.244716,0.000000,1
6.728564,1.678140,0.239673,0.000000,1
6.729562,1.669809,0.234599,0.000000,1
6.730560,1.661529,0.229495,0.000000,1
6.731558,1.653310,0.224359,0.000000,1
6.732556,1.645162,0.219192,0.000000,1
6.733554,1.637094,0.213992,0.000000,1
6.734552,1.629117,0.208760,0.000000,1
6.735550,1.621240,0.203496,0.000000,1
6.736548,1.613472,0.198199,0.000000,1
6.737545,1.605821,0.192869,0.000000,1
6.738543,1.598297,0.187507,0.000000,1
6.739541,1.590909,0.182113,0.000000,1
6.740539,1.583664,0.176686,0.000000,1
6.741537,1.576570,0.171227,0.000000,1
6.742535,1.569637,0.165737,0.000000,1
6.743533,1.562870,0.160216,0.000000,1
6.744531,1.556279,0.154664,0.000000,1
6.745529,1.549869,0.149082,0.000000,1
6.746527,1.543649,0.143470,0.000000,1
6.747525,1.537624,0.137830,0.000000,1
6.748523,1.531802,0.132162,0.000000,1
6.749521,1.526188,0.126467,0.000000,1
6.750519,1.520789,0.120745,0.000000,1
6.751516,1.515610,0.114998,0.000000,1
6.752514,1.510656,0.109227,0.000000,1
6.753512,1.505934,0.103431,0.000000,1
6.754510,1.501448,0.097614,0.000000,1
6.755508,1.497203,0.091775,0.000000,1
6.756506,1.493203,0.085916,0.000000,1
6.757504,1.489453,0.080038,0.000000,1
6.758502,1.485955,0.074141,0.000000,1
6.759500,1.482715,0.068228,0.000000,1
6.760498,1.479735,0.062300,0.000000,1
6.761496,1.477019,0.056357,0.000000,1
6.762494,1.474569,0.050402,0.000000,1
6.763492,1.472387,0.044434,0.000000,1
6.764489,1.470477,0.038457,0.000000,1
6.765487,1.468839,0.032471,0.000000,1
6.766485,1.467476,0.026477,0.000000,1
6.767483,1.466389,0.020476,0.000000,1
6.768481,1.465580,0.014471,0.000000,1
6.769479,1.465048,0.008463,0.000000,1
6.770477,1.464795,0.002453,0.000000,1
6.771475,1.464821,-0.003558,0.000000,1
6.772473,1.465125,-0.009568,0.000000,1
6.773471,1.465708,-0.015576,0.000000,1
6.774469,1.466569,-0.021580,0.000000,1
6.775467,1.467706,-0.027579,0.000000,1
6.776465,1.469120,-0.033572,0.000000,1
6.777462,1.470807,-0.039557,0.000000,1
6.778460,1.472768,-0.045532,0.000000,1
6.779458,1.474999,-0.051498,0.000000,1
6.780456,1.477498,-0.057451,0.000000,1
6.781454,1.480263,-0.063391,0.000000,1
6.782452,1.483291,-0.069317,0.000000,1
6.783450,1.486579,-0.075227,0.000000,1
6.784448,1.490123,-0.081120,0.000000,1
6.785446,1.493920,-0.086995,0.000000,1
6.786444,1.497965,-0.092850,0.000000,1
6.787442,1.502255,-0.098685,0.000000,1
6.788440,1.506785,-0.104499,0.000000,1
6.789438,1.511550,-0.110289,0.000000,1
6.790436,1.516545,-0.116057,0.000000,1
6.791433,1.521765,-0.121799,0.000000,1
6.792431,1.527204,-0.127516,0.000000,1
6.793429,1.532857,-0.133206,0.000000,1
6.794427,1.538717,-0.138869,0.000000,1
6.795425,1.544778,-0.144504,0.000000,1
6.796423,1.551034,-0.150110,0.000000,1
6.797421,1.557477,-0.155687,0.000000,1
6.798419,1.564102,-0.161233,0.000000,1
6.799417,1.570899,-0.166749,0.000000,1
6.800415,1.577863,-0.172233,0.000000,1
6.801413,1.584985,-0.177686,0.000000,1
6.802411,1.592257,-0.183107,0.000000,1
6.803409,1.599671,-0.188495,0.000000,1
6.804406,1.607218,-0.193852,0.000000,1
6.805404,1.614891,-0.199175,0.000000,1
6.806402,1.622680,-0.204466,0.000000,1
6.807400,1.630577,-0.209725,0.000000,1
6.808398,1.638571,-0.214950,0.000000,1
6.809396,1.646654,-0.220144,0.000000,1
6.810394,1.654816,-0.225306,0.000000,1
6.811392,1.663047,-0.230435,0.000000,1
6.812390,1.671338,-0.235534,0.000000,1
6.813388,1.679677,-0.240602,0.000000,1
6.814386,1.688055,-0.245640,0.000000,1
6.815384,1.696460,-0.250649,0.000000,1
6.816382,1.704883,-0.255629,0.000000,1
6.817379,1.713312,-0.260583,0.000000,1
6.818377,1.721735,-0.265509,0.000000,1
6.819375,1.730142,-0.270411,0.000000,1
6.820373,1.738520,-0.275289,0.000000,1
6.821371,1.745329,-0.279250,0.000000,0
6.822369,1.745329,-0.279143,0.000000,0
6.823367,1.745329,-0.278881,0.000000,0
6.824365,1.745329,-0.278462,0.000000,0
6.825363,1.745329,-0.277887,0.000000,0
6.826361,1.745329,-0.277157,0.000000,0
6.827359,1.745329,-0.276270,0.000000,0
6.828357,1.745329,-0.275227,0.000000,0
6.829355,1.745329,-0.274029,0.000000,0
6.830352,1.745329,-0.272674,0.000000,0
6.831350,1.745329,-0.271163,0.000000,0
6.832348,1.745329,-0.269497,0.000000,0
6.833346,1.745329,-0.267674,0.000000,0
6.834344,1.745329,-0.265696,0.000000,0
6.835342,1.745329,-0.263561,0.000000,0
6.836340,1.745329,-0.261270,0.000000,0
6.837338,1.745329,-0.258824,0.000000,0
6.838336,1.745329,-0.256221,0.000000,0
6.839334,1.745329,-0.253463,0.000000,0
6.840332,1.745329,-0.250548,0.000000,0
6.841330,1.745329,-0.247477,0.000000,0
6.842328,1.745329,-0.244251,0.000000,0
6.843326,1.745329,-0.240868,0.000000,0
6.844323,1.745329,-0.237330,0.000000,0
6.845321,1.745329,-0.233635,0.000000,0
6.846319,1.745329,-0.229785,0.000000,0
6.847317,1.745329,-0.225778,0.000000,0
6.848315,1.745329,-0.221615,0.000000,0
6.849313,1.745329,-0.217297,0.000000,0
6.850311,1.745329,-0.212822,0.000000,0
6.851309,1.745329,-0.208192,0.000000,0
6.852307,1.745329,-0.203405,0.000000,0
6.853305,1.745329,-0.198463,0.000000,0
6.854303,1.745329,-0.193364,0.000000,0
6.855301,1.745329,-0.188110,0.000000,0
6.856299,1.745329,-0.182731,0.000000,0
6.857296,1.745329,-0.177342,0.000000,0
6.858294,1.745329,-0.171953,0.000000,0
6.859292,1.745329,-0.166564,0.000000,0
6.860290,1.745329,-0.161175,0.000000,0
6.861288,1.745329,-0.155786,0.000000,0
6.862286,1.745329,-0.150397,0.000000,0
6.863284,1.745329,-0.145008,0.000000,0
6.864282,1.745329,-0.139619,0.000000,0
6.865280,1.745329,-0.134230,0.000000,0
6.866278,1.745329,-0.128841,0.000000,0
6.867276,1.745329,-0.123452,0.000000,0
6.868274,1.745329,-0.118063,0.000000,0
6.869272,1.745329,-0.112674,0.000000,0
6.870269,1.745329,-0.107285,0.000000,0
6.871267,1.745329,-0.101896,0.000000,0
6.872265,1.745329,-0.096507,0.000000,0
6.873263,1.745329,-0.091118,0.000000,0
6.874261,1.745329,-0.085729,0.000000,0
6.875259,1.745329,-0.080340,0.000000,0
6.876257,1.745329,-0.074951,0.000000,0
6.877255,1.745329,-0.069562,0.000000,0
6.878253,1.745329,-0.064173,0.000000,0
6.879251,1.745329,-0.058784,0.000000,0
6.880249,1.745329,-0.053395,0.000000,0
6.881247,1.745329,-0.048006,0.000000,0
6.882245,1.745329,-0.042617,0.000000,0
6.883243,1.745329,-0.037228,0.000000,0
6.884240,1.745329,-0.031839,0.000000,0
6.885238,1.745329,-0.026450,0.000000,0
6.886236,1.745329,-0.021061,0.000000,0
6.887234,1.745329,-0.015672,0.000000,0
6.888232,1.745329,-0.010283,0.000000,0
6.889230,1.745329,-0.004894,0.000000,0
6.890228,1.745329,0.000495,0.000000,0
6.891226,1.745329,0.005884,0.000000,0
6.892224,1.745329,0.011273,0.000000,0
6.893222,1.745329,0.016662,0.000000,0
6.894220,1.745329,0.022051,0.000000,0
6.895218,1.745329,0.027440,0.000000,0
6.896216,1.745329,0.032829,0.000000,0
6.897213,1.745329,0.038218,0.000000,0
6.898211,1.745329,0.043607,0.000000,0
6.899209,1.745329,0.048996,0.000000,0
6.900207,1.745329,0.054385,0.000000,0
6.901205,1.745329,0.059774,0.000000,0
6.902203,1.745329,0.065163,0.000000,0
6.903201,1.745329,0.070552,0.000000,0
6.904199,1.745329,0.075942,0.000000,0
6.905197,1.745329,0.081331,0.000000,0
6.906195,1.745329,0.086720,0.000000,0
6.907193,1.745329,0.092109,0.000000,0
6.908191,1.745329,0.097498,0.000000,0
6.909189,1.745329,0.102887,0.000000,0
6.910186,1.745329,0.108276,0.000000,0
6.911184,1.745329,0.113665,0.000000,0
6.912182,1.745329,0.119054,0.000000,0
6.913180,1.745329,0.124443,0.000000,0
6.914178,1.745329,0.129832,0.000000,0
6.915176,1.745329,0.135221,0.000000,0
6.916174,1.745329,0.140610,0.000000,0
6.917172,1.745329,0.145999,0.000000,0
6.918170,1.745329,0.151388,0.000000,0
6.919168,1.745329,0.156777,0.000000,0
6.920166,1.745329,0.162166,0.000000,0
6.921164,1.745329,0.167555,0.000000,0
6.922162,1.745329,0.172944,0.000000,0
6.923160,1.745329,0.178333,0.000000,0
6.924157,1.745329,0.183722,0.000000,0
6.925155,1.745329,0.189087,0.000000,0
6.926153,1.745329,0.194313,0.000000,0
6.927151,1.745329,0.199383,0.000000,0
6.928149,1.745329,0.204297,0.000000,0
6.929147,1.745329,0.209055,0.000000,0
6.930145,1.745329,0.213657,0.000000,0
6.931143,1.745329,0.218103,0.000000,0
6.932141,1.745329,0.222392,0.000000,0
6.933139,1.745329,0.226526,0.000000,0
6.934137,1.745329,0.230504,0.000000,0
6.935135,1.745329,0.234326,0.000000,0
6.936133,1.745329,0.237992,0.000000,0
6.937130,1.745329,0.241502,0.000000,0
6.938128,1.745329,0.244856,0.000000,0
6.939126,1.745329,0.248054,0.000000,0
6.940124,1.745329,0.251096,0.000000,0
6.941122,1.745329,0.253981,0.000000,0
6.942120,1.745329,0.256711,0.000000,0
6.943118,1.745329,0.259285,0.000000,0
6.944116,1.745329,0.261703,0.000000,0
6.945114,1.745329,0.263965,0.000000,0
6.946112,1.745329,0.266071,0.000000,0
6.947110,1.745329,0.268021,0.000000,0
6.948108,1.745329,0.269815,0.000000,0
6.949106,1.745329,0.271453,0.000000,0
6.950103,1.745329,0.272935,0.000000,0
6.951101,1.745329,0.274261,0.000000,0
6.952099,1.745329,0.275431,0.000000,0
6.953097,1.745329,0.276445,0.000000,0
6.954095,1.745329,0.277303,0.000000,0
6.955093,1.745329,0.278005,0.000000,0
6.956091,1.745329,0.278551,0.000000,0
6.957089,1.745329,0.278941,0.000000,0
6.958087,1.745329,0.279175,0.000000,0
6.959085,1.745329,0.279253,0.000000,1
6.960083,1.736983,0.274393,0.000000,1
6.961081,1.728598,0.269511,0.000000,1
6.962079,1.720187,0.264605,0.000000,1
6.963076,1.711762,0.259674,0.000000,1
6.964074,1.703334,0.254716,0.000000,1
6.965072,1.694913,0.249730,0.000000,1
6.966070,1.686512,0.244716,0.000000,1
6.967068,1.678140,0.239673,0.000000,1
6.968066,1.669809,0.234599,0.000000,1
6.969064,1.661529,0.229495,0.000000,1
6.970062,1.653310,0.224359,0.000000,1
6.971060,1.645162,0.219192,0.000000,1
6.972058,1.637094,0.213992,0.000000,1
6.973056,1.629117,0.208760,0.000000,1
6.974054,1.621240,0.203496,0.000000,1
6.975052,1.613472,0.198199,0.000000,1
6.976050,1.605821,0.192869,0.000000,1
6.977047,1.598297,0.187507,0.000000,1
6.978045,1.590909,0.182113,0.000000,1
6.979043,1.583664,0.176686,0.000000,1
6.980041,1.576570,0.171227,0.000000,1
6.981039,1.569637,0.165737,0.000000,1
6.982037,1.562870,0.160216,0.000000,1
6.983035,1.556279,0.154664,0.000000,1
6.984033,1.549869,0.149082,0.000000,1
6.985031,1.543649,0.143470,0.000000,1
6.986029,1.537624,0.137830,0.000000,1
6.987027,1.531802,0.132162,0.000000,1
6.988025,1.526188,0.126467,0.000000,1
6.989023,1.520789,0.120745,0.000000,1
6.990020,1.515610,0.114998,0.000000,1
6.991018,1.510656,0.109227,0.000000,1
6.992016,1.505934,0.103431,0.000000,1
6.993014,1.501448,0.097614,0.000000,1
6.994012,1.497203,0.091775,0.000000,1
6.995010,1.493203,0.085916,0.000000,1
6.996008,1.489453,0.080038,0.000000,1
6.997006,1.485955,0.074141,0.000000,1
6.998004,1.482715,0.068228,0.000000,1
6.999002,1.479735,0.062300,0.000000,1
7.000000,1.477019,0.056357,0.000000,1
7.000998,1.474569,0.050402,0.000000,1
7.001996,1.472387,0.044434,0.000000,1
7.002993,1.470477,0.038457,0.000000,1
7.003991,1.468839,0.032471,0.000000,1
7.004989,1.467476,0.026477,0.000000,1
7.005987,1.466389,0.020476,0.000000,1
7.006985,1.465580,0.014471,0.000000,1
7.007983,1.465048,0.008463,0.000000,1
7.008981,1.464795,0.002453,0.000000,1
7.009979,1.464821,-0.003558,0.000000,1
7.010977,1.465125,-0.009568,0.000000,1
7.011975,1.465708,-0.015576,0.000000,1
7.012973,1.466569,-0.021580,0.000000,1
7.013971,1.467706,-0.027579,0.000000,1
7.014969,1.469120,-0.033572,0.000000,1
7.015967,1.470807,-0.039557,0.000000,1
7.016964,1.472768,-0.045532,0.000000,1
7.017962,1.474999,-0.051498,0.000000,1
7.018960,1.477498,-0.057451,0.000000,1
7.019958,1.480263,-0.063391,0.000000,1
7.020956,1.483291,-0.069317,0.000000,1
7.021954,1.486579,-0.075227,0.000000,1
7.022952,1.490123,-0.081120,0.000000,1
7.023950,1.493920,-0.086995,0.000000,1
7.024948,1.497965,-0.092850,0.000000,1
7.025946,1.502255,-0.098685,0.000000,1
7.026944,1.506785,-0.104499,0.000000,1
7.027942,1.511550,-0.110289,0.000000,1
7.028940,1.516545,-0.116057,0.000000,1
7.029937,1.521765,-0.121799,0.000000,1
7.030935,1.527204,-0.127516,0.000000,1
7.031933,1.532857,-0.133206,0.000000,1
7.032931,1.538717,-0.138869,0.000000,1
7.033929,1.544778,-0.144504,0.000000,1
7.034927,1.551034,-0.150110,0.000000,1
7.035925,1.557477,-0.155687,0.000000,1
7.036923,1.564102,-0.161233,0.000000,1
7.037921,1.570899,-0.166749,0.000000,1
7.038919,1.577863,-0.172233,0.000000,1
7.039917,1.584985,-0.177686,0.000000,1
7.040915,1.592257,-0.183107,0.000000,1
7.041913,1.599671,-0.188495,0.000000,1
7.042910,1.607218,-0.193852,0.000000,1
7.043908,1.614891,-0.199175,0.000000,1
7.044906,1.622680,-0.204466,0.000000,1
7.045904,1.630577,-0.209725,0.000000,1
7.046902,1.638571,-0.214950,0.000000,1
7.047900,1.646654,-0.220144,0.000000,1
7.048898,1.654816,-0.225306,0.000000,1
7.049896,1.663047,-0.230435,0.000000,1
7.050894,1.671338,-0.235534,0.000000,1
7.051892,1.679677,-0.240602,0.000000,1
7.052890,1.688055,-0.245640,0.000000,1
7.053888,1.696460,-0.250649,0.000000,1
7.054886,1.704883,-0.255629,0.000000,1
7.055884,1.713312,-0.260583,0.000000,1
7.056881,1.721735,-0.265509,0.000000,1
7.057879,1.730142,-0.270411,0.000000,1
7.058877,1.738520,-0.275289,0.000000,1
7.059875,1.745329,-0.279250,0.000000,0
7.060873,1.745329,-0.279143,0.000000,0
7.061871,1.745329,-0.278881,0.000000,0
7.062869,1.745329,-0.278462,0.000000,0
7.063867,1.745329,-0.277887,0.000000,0
7.064865,1.745329,-0.277157,0.000000,0
7.065863,1.745329,-0.276270,0.000000,0
7.066861,1.745329,-0.275227,0.000000,0
7.067859,1.745329,-0.274029,0.000000,0
7.068857,1.745329,-0.272674,0.000000,0
7.069854,1.745329,-0.271163,0.000000,0
7.070852,1.745329,-0.269497,0.000000,0
7.071850,1.745329,-0.267674,0.000000,0
7.072848,1.745329,-0.265696,0.000000,0
7.073846,1.745329,-0.263561,0.000000,0
7.074844,1.745329,-0.261270,0.000000,0
7.075842,1.745329,-0.258824,0.000000,0
7.076840,1.745329,-0.256221,0.000000,0
7.077838,1.745329,-0.253463,0.000000,0
7.078836,1.745329,-0.250548,0.000000,0
7.079834,1.745329,-0.247477,0.000000,0
7.080832,1.745329,-0.244251,0.000000,0
7.081830,1.745329,-0.240868,0.000000,0
7.082827,1.745329,-0.237330,0.000000,0
7.083825,1.745329,-0.233635,0.000000,0
7.084823,1.745329,-0.229785,0.000000,0
7.085821,1.745329,-0.225778,0.000000,0
7.086819,1.745329,-0.221615,0.000000,0
7.087817,1.745329,-0.217297,0.000000,0
7.088815,1.745329,-0.212822,0.000000,0
7.089813,1.745329,-0.208192,0.000000,0
7.090811,1.745329,-0.203405,0.000000,0
7.091809,1.745329,-0.198463,0.000000,0
7.092807,1.745329,-0.193364,0.000000,0
7.093805,1.745329,-0.188110,0.000000,0
7.094803,1.745329,-0.182731,0.000000,0
7.095800,1.745329,-0.177342,0.000000,0
7.096798,1.745329,-0.171953,0.000000,0
7.097796,1.745329,-0.166564,0.000000,0
7.098794,1.745329,-0.161175,0.000000,0
7.099792,1.745329,-0.155786,0.000000,0
7.100790,1.745329,-0.150397,0.000000,0
7.101788,1.745329,-0.145008,0.000000,0
7.102786,1.745329,-0.139619,0.000000,0
7.103784,1.745329,-0.134230,0.000000,0
7.104782,1.745329,-0.128841,0.000000,0
7.105780,1.745329,-0.123452,0.000000,0
7.106778,1.745329,-0.118063,0.000000,0
7.107776,1.745329,-0.112674,0.000000,0
7.108774,1.745329,-0.107285,0.000000,0
7.109771,1.745329,-0.101896,0.000000,0
7.110769,1.745329,-0.096507,0.000000,0
7.111767,1.745329,-0.091118,0.000000,0
7.112765,1.745329,-0.085729,0.000000,0
7.113763,1.745329,-0.080340,0.000000,0
7.114761,1.745329,-0.074951,0.000000,0
7.115759,1.745329,-0.069562,0.000000,0
7.116757,1.745329,-0.064173,0.000000,0
7.117755,1.745329,-0.058784,0.000000,0
7.118753,1.745329,-0.053395,0.000000,0
7.119751,1.745329,-0.048006,0.000000,0
7.120749,1.745329,-0.042617,0.000000,0
7.121747,1.745329,-0.037228,0.000000,0
7.122744,1.745329,-0.031839,0.000000,0
7.123742,1.745329,-0.026450,0.000000,0
7.124740,1.745329,-0.021061,0.000000,0
7.125738,1.745329,-0.015672,0.000000,0
7.126736,1.745329,-0.010283,0.000000,0
7.127734,1.745329,-0.004894,0.000000,0
7.128732,1.745329,0.000495,0.000000,0
7.129730,1.745329,0.005884,0.000000,0
7.130728,1.745329,0.011273,0.000000,0
7.131726,1.745329,0.016662,0.000000,0
7.132724,1.745329,0.022051,0.000000,0
7.133722,1.745329,0.027440,0.000000,0
7.134720,1.745329,0.032829,0.000000,0
7.135717,1.745329,0.038218,0.000000,0
7.136715,1.745329,0.043607,0.000000,0
7.137713,1.745329,0.048996,0.000000,0
7.138711,1.745329,0.054385,0.000000,0
7.139709,1.745329,0.059774,0.000000,0
7.140707,1.745329,0.065163,0.000000,0
7.141705,1.745329,0.070552,0.000000,0
7.142703,1.745329,0.075942,0.000000,0
7.143701,1.745329,0.081331,0.000000,0
7.144699,1.745329,0.086720,0.000000,0
7.145697,1.745329,0.092109,0.000000,0
7.146695,1.745329,0.097498,0.000000,0
7.147693,1.745329,0.102887,0.000000,0
7.148691,1.745329,0.108276,0.000000,0
7.149688,1.745329,0.113665,0.000000,0
7.150686,1.745329,0.119054,0.000000,0
7.151684,1.745329,0.124443,0.000000,0
7.152682,1.745329,0.129832,0.000000,0
7.153680,1.745329,0.135221,0.000000,0
7.154678,1.745329,0.140610,0.000000,0
7.155676,1.745329,0.145999,0.000000,0
7.156674,1.745329,0.151388,0.000000,0
7.157672,1.745329,0.156777,0.000000,0
7.158670,1.745329,0.162166,0.000000,0
7.159668,1.745329,0.167555,0.000000,0
7.160666,1.745329,0.172944,0.000000,0
7.161664,1.745329,0.178333,0.000000,0
7.162661,1.745329,0.183722,0.000000,0
7.163659,1.745329,0.189087,0.000000,0
7.164657,1.745329,0.194313,0.000000,0
7.165655,1.745329,0.199383,0.000000,0
7.166653,1.745329,0.204297,0.000000,0
7.167651,1.745329,0.209055,0.000000,0
7.168649,1.745329,0.213657,0.000000,0
7.169647,1.745329,0.218103,0.000000,0
7.170645,1.745329,0.222392,0.000000,0
7.171643,1.745329,0.226526,0.000000,0
7.172641,1.745329,0.230504,0.000000,0
7.173639,1.745329,0.234326,0.000000,0
7.174637,1.745329,0.237992,0.000000,0
7.175634,1.745329,0.241502,0.000000,0
7.176632,1.745329,0.244856,0.000000,0
7.177630,1.745329,0.248054,0.000000,0
7.178628,1.745329,0.251096,0.000000,0
7.179626,1.745329,0.253981,0.000000,0
7.180624,1.745329,0.256711,0.000000,0
7.181622,1.745329,0.259285,0.000000,0
7.182620,1.745329,0.261703,0.000000,0
7.183618,1.745329,0.263965,0.000000,0
7.184616,1.745329,0.266071,0.000000,0
7.185614,1.745329,0.268021,0.000000,0
7.186612,1.745329,0.269815,0.000000,0
7.187610,1.745329,0.271453,0.000000,0
7.188607,1.745329,0.272935,0.000000,0
7.189605,1.745329,0.274261,0.000000,0
7.190603,1.745329,0.275431,0.000000,0
7.191601,1.745329,0.276445,0.000000,0
7.192599,1.745329,0.277303,0.000000,0
7.193597,1.745329,0.278005,0.000000,0
7.194595,1.745329,0.278551,0.000000,0
7.195593,1.745329,0.278941,0.000000,0
7.196591,1.745329,0.279175,0.000000,0
7.197589,1.745329,0.279253,0.000000,1
7.198587,1.736983,0.274393,0.000000,1
7.199585,1.728598,0.269511,0.000000,1
7.200583,1.720187,0.264605,0.000000,1
7.201581,1.711762,0.259674,0.000000,1
7.202578,1.703334,0.254716,0.000000,1
7.203576,1.694913,0.249730,0.000000,1
7.204574,1.686512,0.244716,0.000000,1
7.205572,1.678140,0.239673,0.000000,1
7.206570,1.669809,0.234599,0.000000,1
7.207568,1.661529,0.229495,0.000000,1
7.208566,1.653310,0.224359,0.000000,1
7.209564,1.645162,0.219192,0.000000,1
7.210562,1.637094,0.213992,0.000000,1
7.211560,1.629117,0.208760,0.000000,1
7.212558,1.621240,0.203496,0.000000,1
7.213556,1.613472,0.198199,0.000000,1
7.214554,1.605821,0.192869,0.000000,1
7.215551,1.598297,0.187507,0.000000,1
7.216549,1.590909,0.182113,0.000000,1
7.217547,1.583664,0.176686,0.000000,1
7.218545,1.576570,0.171227,0.000000,1
7.219543,1.569637,0.165737,0.000000,1
7.220541,1.562870,0.160216,0.000000,1
7.221539,1.556279,0.154664,0.000000,1
7.222537,1.549869,0.149082,0.000000,1
7.223535,1.543649,0.143470,0.000000,1
7.224533,1.537624,0.137830,0.000000,1
7.225531,1.531802,0.132162,0.000000,1
7.226529,1.526188,0.126467,0.000000,1
7.227527,1.520789,0.120745,0.000000,1
7.228524,1.515610,0.114998,0.000000,1
7.229522,1.510656,0.109227,0.000000,1
7.230520,1.505934,0.103431,0.000000,1
7.231518,1.501448,0.097614,0.000000,1
7.232516,1.497203,0.091775,0.000000,1
7.233514,1.493203,0.085916,0.000000,1
7.234512,1.489453,0.080038,0.000000,1
7.235510,1.485955,0.074141,0.000000,1
7.236508,1.482715,0.068228,0.000000,1
7.237506,1.479735,0.062300,0.000000,1
7.238504,1.477019,0.056357,0.000000,1
7.239502,1.474569,0.050402,0.000000,1
7.240500,1.472387,0.044434,0.000000,1
7.241498,1.470477,0.038457,0.000000,1
7.242495,1.468839,0.032471,0.000000,1
7.243493,1.467476,0.026477,0.000000,1
7.244491,1.466389,0.020476,0.000000,1
7.245489,1.465580,0.014471,0.000000,1
7.246487,1.465048,0.008463,0.000000,1
7.247485,1.464795,0.002453,0.000000,1
7.248483,1.464821,-0.003558,0.000000,1
7.249481,1.465125,-0.009568,0.000000,1
7.250479,1.465708,-0.015576,0.000000,1
7.251477,1.466569,-0.021580,0.000000,1
7.252475,1.467706,-0.027579,0.000000,1
7.253473,1.469120,-0.033572,0.000000,1
7.254471,1.470807,-0.039557,0.000000,1
7.255468,1.472768,-0.045532,0.000000,1
7.256466,1.474999,-0.051498,0.000000,1
7.257464,1.477498,-0.057451,0.000000,1
7.258462,1.480263,-0.063391,0.000000,1
7.259460,1.483291,-0.069317,0.000000,1
7.260458,1.486579,-0.075227,0.000000,1
7.261456,1.490123,-0.081120,0.000000,1
7.262454,1.493920,-0.086995,0.000000,1
7.263452,1.497965,-0.092850,0.000000,1
7.264450,1.502255,-0.098685,0.000000,1
7.265448,1.506785,-0.104499,0.000000,1
7.266446,1.511550,-0.110289,0.000000,1
7.267444,1.516545,-0.116057,0.000000,1
7.268441,1.521765,-0.121799,0.000000,1
7.269439,1.527204,-0.127516,0.000000,1
7.270437,1.532857,-0.133206,0.000000,1
7.271435,1.538717,-0.138869,0.000000,1
7.272433,1.544778,-0.144504,0.000000,1
7.273431,1.551034,-0.150110,0.000000,1
7.274429,1.557477,-0.155687,0.000000,1
7.275427,1.564102,-0.161233,0.000000,1
7.276425,1.570899,-0.166749,0.000000,1
7.277423,1.577863,-0.172233,0.000000,1
7.278421,1.584985,-0.177686,0.000000,1
7.279419,1.592257,-0.183107,0.000000,1
7.280417,1.599671,-0.188495,0.000000,1
7.281415,1.607218,-0.193852,0.000000,1
7.282412,1.614891,-0.199175,0.000000,1
7.283410,1.622680,-0.204466,0.000000,1
7.284408,1.630577,-0.209725,0.000000,1
7.285406,1.638571,-0.214950,0.000000,1
7.286404,1.646654,-0.220144,0.000000,1
7.287402,1.654816,-0.225306,0.000000,1
7.288400,1.663047,-0.230435,0.000000,1
7.289398,1.671338,-0.235534,0.000000,1
7.290396,1.679677,-0.240602,0.000000,1
7.291394,1.688055,-0.245640,0.000000,1
7.292392,1.696460,-0.250649,0.000000,1
7.293390,1.704883,-0.255629,0.000000,1
7.294388,1.713312,-0.260583,0.000000,1
7.295385,1.721735,-0.265509,0.000000,1
7.296383,1.730142,-0.270411,0.000000,1
7.297381,1.738520,-0.275289,0.000000,1
7.298379,1.745329,-0.279250,0.000000,0
7.299377,1.745329,-0.279143,0.000000,0
7.300375,1.745329,-0.278881,0.000000,0
7.301373,1.745329,-0.278462,0.000000,0
7.302371,1.745329,-0.277887,0.000000,0
7.303369,1.745329,-0.277157,0.000000,0
7.304367,1.745329,-0.276270,0.000000,0
7.305365,1.745329,-0.275227,0.000000,0
7.306363,1.745329,-0.274029,0.000000,0
7.307361,1.745329,-0.272674,0.000000,0
7.308358,1.745329,-0.271163,0.000000,0
7.309356,1.745329,-0.269497,0.000000,0
7.310354,1.745329,-0.267674,0.000000,0
7.311352,1.745329,-0.265696,0.000000,0
7.312350,1.745329,-0.263561,0.000000,0
7.313348,1.745329,-0.261270,0.000000,0
7.314346,1.745329,-0.258824,0.000000,0
7.315344,1.745329,-0.256221,0.000000,0
7.316342,1.745329,-0.253463,0.000000,0
7.317340,1.745329,-0.250548,0.000000,0
7.318338,1.745329,-0.247477,0.000000,0
7.319336,1.745329,-0.244251,0.000000,0
7.320334,1.745329,-0.240868,0.000000,0
7.321331,1.745329,-0.237330,0.000000,0
7.322329,1.745329,-0.233635,0.000000,0
7.323327,1.745329,-0.229785,0.000000,0
7.324325,1.745329,-0.225778,0.000000,0
7.325323,1.745329,-0.221615,0.000000,0
7.326321,1.745329,-0.217297,0.000000,0
7.327319,1.745329,-0.212822,0.000000,0
7.328317,1.745329,-0.208192,0.000000,0
7.329315,1.745329,-0.203405,0.000000,0
7.330313,1.745329,-0.198463,0.000000,0
7.331311,1.745329,-0.193364,0.000000,0
7.332309,1.745329,-0.188110,0.000000,0
7.333307,1.745329,-0.182731,0.000000,0
7.334305,1.745329,-0.177342,0.000000,0
7.335302,1.745329,-0.171953,0.000000,0
7.336300,1.745329,-0.166564,0.000000,0
7.337298,1.745329,-0.161175,0.000000,0
7.338296,1.745329,-0.155786,0.000000,0
7.339294,1.745329,-0.150397,0.000000,0
7.340292,1.745329,-0.145008,0.000000,0
7.341290,1.745329,-0.139619,0.000000,0
7.342288,1.745329,-0.134230,0.000000,0
7.343286,1.745329,-0.128841,0.000000,0
7.344284,1.745329,-0.123452,0.000000,0
7.345282,1.745329,-0.118063,0.000000,0
7.346280,1.745329,-0.112674,0.000000,0
7.347278,1.745329,-0.107285,0.000000,0
7.348275,1.745329,-0.101896,0.000000,0
7.349273,1.745329,-0.096507,0.000000,0
7.350271,1.745329,-0.091118,0.000000,0
7.351269,1.745329,-0.085729,0.000000,0
7.352267,1.745329,-0.080340,0.000000,0
7.353265,1.745329,-0.074951,0.000000,0
7.354263,1.745329,-0.069562,0.000000,0
7.355261,1.745329,-0.064173,0.000000,0
7.356259,1.745329,-0.058784,0.000000,0
7.357257,1.745329,-0.053395,0.000000,0
7.358255,1.745329,-0.048006,0.000000,0
7.359253,1.745329,-0.042617,0.000000,0
7.360251,1.745329,-0.037228,0.000000,0
7.361248,1.745329,-0.031839,0.000000,0
7.362246,1.745329,-0.026450,0.000000,0
7.363244,1.745329,-0.021061,0.000000,0
7.364242,1.745329,-0.015672,0.000000,0
7.365240,1.745329,-0.010283,0.000000,0
7.366238,1.745329,-0.004894,0.000000,0
7.367236,1.745329,0.000495,0.000000,0
7.368234,1.745329,0.005884,0.000000,0
7.369232,1.745329,0.011273,0.000000,0
7.370230,1.745329,0.016662,0.000000,0
7.371228,1.745329,0.022051,0.000000,0
7.372226,1.745329,0.027440,0.000000,0
7.373224,1.745329,0.032829,0.000000,0
7.374222,1.745329,0.038218,0.000000,0
7.375219,1.745329,0.043607,0.000000,0
7.376217,1.745329,0.048996,0.000000,0
7.377215,1.745329,0.054385,0.000000,0
7.378213,1.745329,0.059774,0.000000,0
7.379211,1.745329,0.065163,0.000000,0
7.380209,1.745329,0.070552,0.000000,0
7.381207,1.745329,0.075942,0.000000,0
7.382205,1.745329,0.081331,0.000000,0
7.383203,1.745329,0.086720,0.000000,0
7.384201,1.745329,0.092109,0.000000,0
7.385199,1.745329,0.097498,0.000000,0
7.386197,1.745329,0.102887,0.000000,0
7.387195,1.745329,0.108276,0.000000,0
7.388192,1.745329,0.113665,0.000000,0
7.389190,1.745329,0.119054,0.000000,0
7.390188,1.745329,0.124443,0.000000,0
7.391186,1.745329,0.129832,0.000000,0
7.392184,1.745329,0.135221,0.000000,0
7.393182,1.745329,0.140610,0.000000,0
7.394180,1.745329,0.145999,0.000000,0
7.395178,1.745329,0.151388,0.000000,0
7.396176,1.745329,0.156777,0.000000,0
7.397174,1.745329,0.162166,0.000000,0
7.398172,1.745329,0.167555,0.000000,0
7.399170,1.745329,0.172944,0.000000,0
7.400168,1.745329,0.178333,0.000000,0
7.401165,1.745329,0.183722,0.000000,0
7.402163,1.745329,0.189087,0.000000,0
7.403161,1.745329,0.194313,0.000000,0
7.404159,1.745329,0.199383,0.000000,0
7.405157,1.745329,0.204297,0.000000,0
7.406155,1.745329,0.209055,0.000000,0
7.407153,1.745329,0.213657,0.000000,0
7.408151,1.745329,0.218103,0.000000,0
7.409149,1.745329,0.222392,0.000000,0
7.410147,1.745329,0.226526,0.000000,0
7.411145,1.745329,0.230504,0.000000,0
7.412143,1.745329,0.234326,0.000000,0
7.413141,1.745329,0.237992,0.000000,0
7.414139,1.745329,0.241502,0.000000,0
7.415136,1.745329,0.244856,0.000000,0
7.416134,1.745329,0.248054,0.000000,0
7.417132,1.745329,0.251096,0.000000,0
7.418130,1.745329,0.253981,0.000000,0
7.419128,1.745329,0.256711,0.000000,0
7.420126,1.745329,0.259285,0.000000,0
7.421124,1.745329,0.261703,0.000000,0
7.422122,1.745329,0.263965,0.000000,0
7.423120,1.745329,0.266071,0.000000,0
7.424118,1.745329,0.268021,0.000000,0
7.425116,1.745329,0.269815,0.000000,0
7.426114,1.745329,0.271453,0.000000,0
7.427112,1.745329,0.272935,0.000000,0
7.428109,1.745329,0.274261,0.000000,0
7.429107,1.745329,0.275431,0.000000,0
7.430105,1.745329,0.276445,0.000000,0
7.431103,1.745329,0.277303,0.000000,0
7.432101,1.745329,0.278005,0.000000,0
7.433099,1.745329,0.278551,0.000000,0
7.434097,1.745329,0.278941,0.000000,0
7.435095,1.745329,0.279175,0.000000,0
7.436093,1.745329,0.279253,0.000000,1
7.437091,1.736983,0.274393,0.000000,1
7.438089,1.728598,0.269511,0.000000,1
7.439087,1.720187,0.264605,0.000000,1
7.440085,1.711762,0.259674,0.000000,1
7.441082,1.703334,0.254716,0.000000,1
7.442080,1.694913,0.249730,0.000000,1
7.443078,1.686512,0.244716,0.000000,1
7.444076,1.678140,0.239673,0.000000,1
7.445074,1.669809,0.234599,0.000000,1
7.446072,1.661529,0.229495,0.000000,1
7.447070,1.653310,0.224359,0.000000,1
7.448068,1.645162,0.219192,0.000000,1
7.449066,1.637094,0.213992,0.000000,1
7.450064,1.629117,0.208760,0.000000,1
7.451062,1.621240,0.203496,0.000000,1
7.452060,1.613472,0.198199,0.000000,1
7.453058,1.605821,0.192869,0.000000,1
7.454055,1.598297,0.187507,0.000000,1
7.455053,1.590909,0.182113,0.000000,1
7.456051,1.583664,0.176686,0.000000,1
7.457049,1.576570,0.171227,0.000000,1
7.458047,1.569637,0.165737,0.000000,1
7.459045,1.562870,0.160216,0.000000,1
7.460043,1.556279,0.154664,0.000000,1
7.461041,1.549869,0.149082,0.000000,1
7.462039,1.543649,0.143470,0.000000,1
7.463037,1.537624,0.137830,0.000000,1
7.464035,1.531802,0.132162,0.000000,1
7.465033,1.526188,0.126467,0.000000,1
7.466031,1.520789,0.120745,0.000000,1
7.467029,1.515610,0.114998,0.000000,1
7.468026,1.510656,0.109227,0.000000,1
7.469024,1.505934,0.103431,0.000000,1
7.470022,1.501448,0.097614,0.000000,1
7.471020,1.497203,0.091775,0.000000,1
7.472018,1.493203,0.085916,0.000000,1
7.473016,1.489453,0.080038,0.000000,1
7.474014,1.485955,0.074141,0.000000,1
7.475012,1.482715,0.068228,0.000000,1
7.476010,1.479735,0.062300,0.000000,1
7.477008,1.477019,0.056357,0.000000,1
7.478006,1.474569,0.050402,0.000000,1
7.479004,1.472387,0.044434,0.000000,1
7.480002,1.470477,0.038457,0.000000,1
7.480999,1.468839,0.032471,0.000000,1
7.481997,1.467476,0.026477,0.000000,1
7.482995,1.466389,0.020476,0.000000,1
7.483993,1.465580,0.014471,0.000000,1
7.484991,1.465048,0.008463,0.000000,1
7.485989,1.464795,0.002453,0.000000,1
7.486987,1.464821,-0.003558,0.000000,1
7.487985,1.465125,-0.009568,0.000000,1
7.488983,1.465708,-0.015576,0.000000,1
7.489981,1.466569,-0.021580,0.000000,1
7.490979,1.467706,-0.027579,0.000000,1
7.491977,1.469120,-0.033572,0.000000,1
7.492975,1.470807,-0.039557,0.000000,1
7.493972,1.472768,-0.045532,0.000000,1
7.494970,1.474999,-0.051498,0.000000,1
7.495968,1.477498,-0.057451,0.000000,1
7.496966,1.480263,-0.063391,0.000000,1
7.497964,1.483291,-0.069317,0.000000,1
7.498962,1.486579,-0.075227,0.000000,1
7.499960,1.490123,-0.081120,0.000000,1
7.500958,1.493920,-0.086995,0.000000,1
7.501956,1.497965,-0.092850,0.000000,1
7.502954,1.502255,-0.098685,0.000000,1
7.503952,1.506785,-0.104499,0.000000,1
7.504950,1.511550,-0.110289,0.000000,1
7.505948,1.516545,-0.116057,0.000000,1
7.506946,1.521765,-0.121799,0.000000,1
7.507943,1.527204,-0.127516,0.000000,1
7.508941,1.532857,-0.133206,0.000000,1
7.509939,1.538717,-0.138869,0.000000,1
7.510937,1.544778,-0.144504,0.000000,1
7.511935,1.551034,-0.150110,0.000000,1
7.512933,1.557477,-0.155687,0.000000,1
7.513931,1.564102,-0.161233,0.000000,1
7.514929,1.570899,-0.166749,0.000000,1
7.515927,1.577863,-0.172233,0.000000,1
7.516925,1.584985,-0.177686,0.000000,1
7.517923,1.592257,-0.183107,0.000000,1
7.518921,1.599671,-0.188495,0.000000,1
7.519919,1.607218,-0.193852,0.000000,1
7.520916,1.614891,-0.199175,0.000000,1
7.521914,1.622680,-0.204466,0.000000,1
7.522912,1.630577,-0.209725,0.000000,1
7.523910,1.638571,-0.214950,0.000000,1
7.524908,1.646654,-0.220144,0.000000,1
7.525906,1.654816,-0.225306,0.000000,1
7.526904,1.663047,-0.230435,0.000000,1
7.527902,1.671338,-0.235534,0.000000,1
7.528900,1.679677,-0.240602,0.000000,1
7.529898,1.688055,-0.245640,0.000000,1
7.530896,1.696460,-0.250649,0.000000,1
7.531894,1.704883,-0.255629,0.000000,1
7.532892,1.713312,-0.260583,0.000000,1
7.533889,1.721735,-0.265509,0.000000,1
7.534887,1.730142,-0.270411,0.000000,1
7.535885,1.738520,-0.275289,0.000000,1
7.536883,1.745329,-0.279250,0.000000,0
7.537881,1.745329,-0.279143,0.000000,0
7.538879,1.745329,-0.278881,0.000000,0
7.539877,1.745329,-0.278462,0.000000,0
7.540875,1.745329,-0.277887,0.000000,0
7.541873,1.745329,-0.277157,0.000000,0
7.542871,1.745329,-0.276270,0.000000,0
7.543869,1.745329,-0.275227,0.000000,0
7.544867,1.745329,-0.274029,0.000000,0
7.545865,1.745329,-0.272674,0.000000,0
7.546862,1.745329,-0.271163,0.000000,0
7.547860,1.745329,-0.269497,0.000000,0
7.548858,1.745329,-0.267674,0.000000,0
7.549856,1.745329,-0.265696,0.000000,0
7.550854,1.745329,-0.263561,0.000000,0
7.551852,1.745329,-0.261270,0.000000,0
7.552850,1.745329,-0.258824,0.000000,0
7.553848,1.745329,-0.256221,0.000000,0
7.554846,1.745329,-0.253463,0.000000,0
7.555844,1.745329,-0.250548,0.000000,0
7.556842,1.745329,-0.247477,0.000000,0
7.557840,1.745329,-0.244251,0.000000,0
7.558838,1.745329,-0.240868,0.000000,0
7.559836,1.745329,-0.237330,0.000000,0
7.560833,1.745329,-0.233635,0.000000,0
7.561831,1.745329,-0.229785,0.000000,0
7.562829,1.745329,-0.225778,0.000000,0
7.563827,1.745329,-0.221615,0.000000,0
7.564825,1.745329,-0.217297,0.000000,0
7.565823,1.745329,-0.212822,0.000000,0
7.566821,1.745329,-0.208192,0.000000,0
7.567819,1.745329,-0.203405,0.000000,0
7.568817,1.745329,-0.198463,0.000000,0
7.569815,1.745329,-0.193364,0.000000,0
7.570813,1.745329,-0.188110,0.000000,0
7.571811,1.745329,-0.182731,0.000000,0
7.572809,1.745329,-0.177342,0.000000,0
7.573806,1.745329,-0.171953,0.000000,0
7.574804,1.745329,-0.166564,0.000000,0
7.575802,1.745329,-0.161175,0.000000,0
7.576800,1.745329,-0.155786,0.000000,0
7.577798,1.745329,-0.150397,0.000000,0
7.578796,1.745329,-0.145008,0.000000,0
7.579794,1.745329,-0.139619,0.000000,0
7.580792,1.745329,-0.134230,0.000000,0
7.581790,1.745329,-0.128841,0.000000,0
7.582788,1.745329,-0.123452,0.000000,0
7.583786,1.745329,-0.118063,0.000000,0
7.584784,1.745329,-0.112674,0.000000,0
7.585782,1.745329,-0.107285,0.000000,0
7.586779,1.745329,-0.101896,0.000000,0
7.587777,1.745329,-0.096507,0.000000,0
7.588775,1.745329,-0.091118,0.000000,0
7.589773,1.745329,-0.085729,0.000000,0
7.590771,1.745329,-0.080340,0.000000,0
7.591769,1.745329,-0.074951,0.000000,0
7.592767,1.745329,-0.069562,0.000000,0
7.593765,1.745329,-0.064173,0.000000,0
7.594763,1.745329,-0.058784,0.000000,0
7.595761,1.745329,-0.053395,0.000000,0
7.596759,1.745329,-0.048006,0.000000,0
7.597757,1.745329,-0.042617,0.000000,0
7.598755,1.745329,-0.037228,0.000000,0
7.599753,1.745329,-0.031839,0.000000,0
7.600750,1.745329,-0.026450,0.000000,0
7.601748,1.745329,-0.021061,0.000000,0
7.602746,1.745329,-0.015672,0.000000,0
7.603744,1.745329,-0.010283,0.000000,0
7.604742,1.745329,-0.004894,0.000000,0
7.605740,1.745329,0.000495,0.000000,0
7.606738,1.745329,0.005884,0.000000,0
7.607736,1.745329,0.011273,0.000000,0
7.608734,1.745329,0.016662,0.000000,0
7.609732,1.745329,0.022051,0.000000,0
7.610730,1.745329,0.027440,0.000000,0
7.611728,1.745329,0.032829,0.000000,0
7.612726,1.745329,0.038218,0.000000,0
7.613723,1.745329,0.043607,0.000000,0
7.614721,1.745329,0.048996,0.000000,0
7.615719,1.745329,0.054385,0.000000,0
7.616717,1.745329,0.059774,0.000000,0
7.617715,1.745329,0.065163,0.000000,0
7.618713,1.745329,0.070552,0.000000,0
7.619711,1.745329,0.075942,0.000000,0
7.620709,1.745329,0.081331,0.000000,0
7.621707,1.745329,0.086720,0.000000,0
7.622705,1.745329,0.092109,0.000000,0
7.623703,1.745329,0.097498,0.000000,0
7.624701,1.745329,0.102887,0.000000,0
7.625699,1.745329,0.108276,0.000000,0
7.626696,1.745329,0.113665,0.000000,0
7.627694,1.745329,0.119054,0.000000,0
7.628692,1.745329,0.124443,0.000000,0
7.629690,1.745329,0.129832,0.000000,0
7.630688,1.745329,0.135221,0.000000,0
7.631686,1.745329,0.140610,0.000000,0
7.632684,1.745329,0.145999,0.000000,0
7.633682,1.745329,0.151388,0.000000,0
7.634680,1.745329,0.156777,0.000000,0
7.635678,1.745329,0.162166,0.000000,0
7.636676,1.745329,0.167555,0.000000,0
7.637674,1.745329,0.172944,0.000000,0
7.638672,1.745329,0.178333,0.000000,0
7.639670,1.745329,0.183722,0.000000,0
7.640667,1.745329,0.189087,0.000000,0
7.641665,1.745329,0.194313,0.000000,0
7.642663,1.745329,0.199383,0.000000,0
7.643661,1.745329,0.204297,0.000000,0
7.644659,1.745329,0.209055,0.000000,0
7.645657,1.745329,0.213657,0.000000,0
7.646655,1.745329,0.218103,0.000000,0
7.647653,1.745329,0.222392,0.000000,0
7.648651,1.745329,0.226526,0.000000,0
7.649649,1.745329,0.230504,0.000000,0
7.650647,1.745329,0.234326,0.000000,0
7.651645,1.745329,0.237992,0.000000,0
7.652643,1.745329,0.241502,0.000000,0
7.653640,1.745329,0.244856,0.000000,0
7.654638,1.745329,0.248054,0.000000,0
7.655636,1.745329,0.251096,0.000000,0
7.656634,1.745329,0.253981,0.000000,0
7.657632,1.745329,0.256711,0.000000,0
7.658630,1.745329,0.259285,0.000000,0
7.659628,1.745329,0.261703,0.000000,0
7.660626,1.745329,0.263965,0.000000,0
7.661624,1.745329,0.266071,0.000000,0
7.662622,1.745329,0.268021,0.000000,0
7.663620,1.745329,0.269815,0.000000,0
7.664618,1.745329,0.271453,0.000000,0
7.665616,1.745329,0.272935,0.000000,0
7.666613,1.745329,0.274261,0.000000,0
7.667611,1.745329,0.275431,0.000000,0
7.668609,1.745329,0.276445,0.000000,0
7.669607,1.745329,0.277303,0.000000,0
7.670605,1.745329,0.278005,0.000000,0
7.671603,1.745329,0.278551,0.000000,0
7.672601,1.745329,0.278941,0.000000,0
7.673599,1.745329,0.279175,0.000000,0
7.674597,1.745329,0.279253,0.000000,1
7.675595,1.736983,0.274393,0.000000,1
7.676593,1.728598,0.269511,0.000000,1
7.677591,1.720187,0.264605,0.000000,1
7.678589,1.711762,0.259674,0.000000,1
7.679586,1.703334,0.254716,0.000000,1
7.680584,1.694913,0.249730,0.000000,1
7.681582,1.686512,0.244716,0.000000,1
7.682580,1.678140,0.239673,0.000000,1
7.683578,1.669809,0.234599,0.000000,1
7.684576,1.661529,0.229495,0.000000,1
7.685574,1.653310,0.224359,0.000000,1
7.686572,1.645162,0.219192,0.000000,1
7.687570,1.637094,0.213992,0.000000,1
7.688568,1.629117,0.208760,0.000000,1
7.689566,1.621240,0.203496,0.000000,1
7.690564,1.613472,0.198199,0.000000,1
7.691562,1.605821,0.192869,0.000000,1
7.692560,1.598297,0.187507,0.000000,1
7.693557,1.590909,0.182113,0.000000,1
7.694555,1.583664,0.176686,0.000000,1
7.695553,1.576570,0.171227,0.000000,1
7.696551,1.569637,0.165737,0.000000,1
7.697549,1.562870,0.160216,0.000000,1
7.698547,1.556279,0.154664,0.000000,1
7.699545,1.549869,0.149082,0.000000,1
7.700543,1.543649,0.143470,0.000000,1
7.701541,1.537624,0.137830,0.000000,1
7.702539,1.531802,0.132162,0.000000,1
7.703537,1.526188,0.126467,0.000000,1
7.704535,1.520789,0.120745,0.000000,1
7.705533,1.515610,0.114998,0.000000,1
7.706530,1.510656,0.109227,0.000000,1
7.707528,1.505934,0.103431,0.000000,1
7.708526,1.501448,0.097614,0.000000,1
7.709524,1.497203,0.091775,0.000000,1
7.710522,1.493203,0.085916,0.000000,1
7.711520,1.489453,0.080038,0.000000,1
7.712518,1.485955,0.074141,0.000000,1
7.713516,1.482715,0.068228,0.000000,1
7.714514,1.479735,0.062300,0.000000,1
7.715512,1.477019,0.056357,0.000000,1
7.716510,1.474569,0.050402,0.000000,1
7.717508,1.472387,0.044434,0.000000,1
7.718506,1.470477,0.038457,0.000000,1
7.719503,1.468839,0.032471,0.000000,1
7.720501,1.467476,0.026477,0.000000,1
7.721499,1.466389,0.020476,0.000000,1
7.722497,1.465580,0.014471,0.000000,1
7.723495,1.465048,0.008463,0.000000,1
7.724493,1.464795,0.002453,0.000000,1
7.725491,1.464821,-0.003558,0.000000,1
7.726489,1.465125,-0.009568,0.000000,1
7.727487,1.465708,-0.015576,0.000000,1
7.728485,1.466569,-0.021580,0.000000,1
7.729483,1.467706,-0.027579,0.000000,1
7.730481,1.469120,-0.033572,0.000000,1
7.731479,1.470807,-0.039557,0.000000,1
7.732477,1.472768,-0.045532,0.000000,1
7.733474,1.474999,-0.051498,0.000000,1
7.734472,1.477498,-0.057451,0.000000,1
7.735470,1.480263,-0.063391,0.000000,1
7.736468,1.483291,-0.069317,0.000000,1
7.737466,1.486579,-0.075227,0.000000,1
7.738464,1.490123,-0.081120,0.000000,1
7.739462,1.493920,-0.086995,0.000000,1
7.740460,1.497965,-0.092850,0.000000,1
7.741458,1.502255,-0.098685,0.000000,1
7.742456,1.506785,-0.104499,0.000000,1
7.743454,1.511550,-0.110289,0.000000,1
7.744452,1.516545,-0.116057,0.000000,1
7.745450,1.521765,-0.121799,0.000000,1
7.746447,1.527204,-0.127516,0.000000,1
7.747445,1.532857,-0.133206,0.000000,1
7.748443,1.538717,-0.138869,0.000000,1
7.749441,1.544778,-0.144504,0.000000,1
7.750439,1.551034,-0.150110,0.000000,1
7.751437,1.557477,-0.155687,0.000000,1
7.752435,1.564102,-0.161233,0.000000,1
7.753433,1.570899,-0.166749,0.000000,1
7.754431,1.577863,-0.172233,0.000000,1
7.755429,1.584985,-0.177686,0.000000,1
7.756427,1.592257,-0.183107,0.000000,1
7.757425,1.599671,-0.188495,0.000000,1
7.758423,1.607218,-0.193852,0.000000,1
7.759420,1.614891,-0.199175,0.000000,1
7.760418,1.622680,-0.204466,0.000000,1
7.761416,1.630577,-0.209725,0.000000,1
7.762414,1.638571,-0.214950,0.000000,1
7.763412,1.646654,-0.220144,0.000000,1
7.764410,1.654816,-0.225306,0.000000,1
7.765408,1.663047,-0.230435,0.000000,1
7.766406,1.671338,-0.235534,0.000000,1
7.767404,1.679677,-0.240602,0.000000,1
7.768402,1.688055,-0.245640,0.000000,1
7.769400,1.696460,-0.250649,0.000000,1
7.770398,1.704883,-0.255629,0.000000,1
7.771396,1.713312,-0.260583,0.000000,1
7.772394,1.721735,-0.265509,0.000000,1
7.773391,1.730142,-0.270411,0.000000,1
7.774389,1.738520,-0.275289,0.000000,1
7.775387,1.745329,-0.279250,0.000000,0
7.776385,1.745329,-0.279143,0.000000,0
7.777383,1.745329,-0.278881,0.000000,0
7.778381,1.745329,-0.278462,0.000000,0
7.779379,1.745329,-0.277887,0.000000,0
7.780377,1.745329,-0.277157,0.000000,0
7.781375,1.745329,-0.276270,0.000000,0
7.782373,1.745329,-0.275227,0.000000,0
7.783371,1.745329,-0.274029,0.000000,0
7.784369,1.745329,-0.272674,0.000000,0
7.785367,1.745329,-0.271163,0.000000,0
7.786364,1.745329,-0.269497,0.000000,0
7.787362,1.745329,-0.267674,0.000000,0
7.788360,1.745329,-0.265696,0.000000,0
7.789358,1.745329,-0.263561,0.000000,0
7.790356,1.745329,-0.261270,0.000000,0
7.791354,1.745329,-0.258824,0.000000,0
7.792352,1.745329,-0.256221,0.000000,0
7.793350,1.745329,-0.253463,0.000000,0
7.794348,1.745329,-0.250548,0.000000,0
7.795346,1.745329,-0.247477,0.000000,0
7.796344,1.745329,-0.244251,0.000000,0
7.797342,1.745329,-0.240868,0.000000,0
7.798340,1.745329,-0.237330,0.000000,0
7.799337,1.745329,-0.233635,0.000000,0
7.800335,1.745329,-0.229785,0.000000,0
7.801333,1.745329,-0.225778,0.000000,0
7.802331,1.745329,-0.221615,0.000000,0
7.803329,1.745329,-0.217297,0.000000,0
7.804327,1.745329,-0.212822,0.000000,0
7.805325,1.745329,-0.208192,0.000000,0
7.806323,1.745329,-0.203405,0.000000,0
7.807321,1.745329,-0.198463,0.000000,0
7.808319,1.745329,-0.193364,0.000000,0
7.809317,1.745329,-0.188110,0.000000,0
7.810315,1.745329,-0.182731,0.000000,0
7.811313,1.745329,-0.177342,0.000000,0
7.812310,1.745329,-0.171953,0.000000,0
7.813308,1.745329,-0.166564,0.000000,0
7.814306,1.745329,-0.161175,0.000000,0
7.815304,1.745329,-0.155786,0.000000,0
7.816302,1.745329,-0.150397,0.000000,0
7.817300,1.745329,-0.145008,0.000000,0
7.818298,1.745329,-0.139619,0.000000,0
7.819296,1.745329,-0.134230,0.000000,0
7.820294,1.745329,-0.128841,0.000000,0
7.821292,1.745329,-0.123452,0.000000,0
7.822290,1.745329,-0.118063,0.000000,0
7.823288,1.745329,-0.112674,0.000000,0
7.824286,1.745329,-0.107285,0.000000,0
7.825284,1.745329,-0.101896,0.000000,0
7.826281,1.745329,-0.096507,0.000000,0
7.827279,1.745329,-0.091118,0.000000,0
7.828277,1.745329,-0.085729,0.000000,0
7.829275,1.745329,-0.080340,0.000000,0
7.830273,1.745329,-0.074951,0.000000,0
7.831271,1.745329,-0.069562,0.000000,0
7.832269,1.745329,-0.064173,0.000000,0
7.833267,1.745329,-0.058784,0.000000,0
7.834265,1.745329,-0.053395,0.000000,0
7.835263,1.745329,-0.048006,0.000000,0
7.836261,1.745329,-0.042617,0.000000,0
7.837259,1.745329,-0.037228,0.000000,0
7.838257,1.745329,-0.031839,0.000000,0
7.839254,1.745329,-0.026450,0.000000,0
7.840252,1.745329,-0.021061,0.000000,0
7.841250,1.745329,-0.015672,0.000000,0
7.842248,1.745329,-0.010283,0.000000,0
7.843246,1.745329,-0.004894,0.000000,0
7.844244,1.745329,0.000495,0.000000,0
7.845242,1.745329,0.005884,0.000000,0
7.846240,1.745329,0.011273,0.000000,0
7.847238,1.745329,0.016662,0.000000,0
7.848236,1.745329,0.022051,0.000000,0
7.849234,1.745329,0.027440,0.000000,0
7.850232,1.745329,0.032829,0.000000,0
7.851230,1.745329,0.038218,0.000000,0
7.852227,1.745329,0.043607,0.000000,0
7.853225,1.745329,0.048996,0.000000,0
7.854223,1.745329,0.054385,0.000000,0
7.855221,1.745329,0.059774,0.000000,0
7.856219,1.745329,0.065163,0.000000,0
7.857217,1.745329,0.070552,0.000000,0
7.858215,1.745329,0.075942,0.000000,0
7.859213,1.745329,0.081331,0.000000,0
7.860211,1.745329,0.086720,0.000000,0
7.861209,1.745329,0.092109,0.000000,0
7.862207,1.745329,0.097498,0.000000,0
7.863205,1.745329,0.102887,0.000000,0
7.864203,1.745329,0.108276,0.000000,0
7.865201,1.745329,0.113665,0.000000,0
7.866198,1.745329,0.119054,0.000000,0
7.867196,1.745329,0.124443,0.000000,0
7.868194,1.745329,0.129832,0.000000,0
7.869192,1.745329,0.135221,0.000000,0
7.870190,1.745329,0.140610,0.000000,0
7.871188,1.745329,0.145999,0.000000,0
7.872186,1.745329,0.151388,0.000000,0
7.873184,1.745329,0.156777,0.000000,0
7.874182,1.745329,0.162166,0.000000,0
7.875180,1.745329,0.167555,0.000000,0
7.876178,1.745329,0.172944,0.000000,0
7.877176,1.745329,0.178333,0.000000,0
7.878174,1.745329,0.183722,0.000000,0
7.879171,1.745329,0.189087,0.000000,0
7.880169,1.745329,0.194313,0.000000,0
7.881167,1.745329,0.199383,0.000000,0
7.882165,1.745329,0.204297,0.000000,0
7.883163,1.745329,0.209055,0.000000,0
7.884161,1.745329,0.213657,0.000000,0
7.885159,1.745329,0.218103,0.000000,0
7.886157,1.745329,0.222392,0.000000,0
7.887155,1.745329,0.226526,0.000000,0
7.888153,1.745329,0.230504,0.000000,0
7.889151,1.745329,0.234326,0.000000,0
7.890149,1.745329,0.237992,0.000000,0
7.891147,1.745329,0.241502,0.000000,0
7.892144,1.745329,0.244856,0.000000,0
7.893142,1.745329,0.248054,0.000000,0
7.894140,1.745329,0.251096,0.000000,0
7.895138,1.745329,0.253981,0.000000,0
7.896136,1.745329,0.256711,0.000000,0
7.897134,1.745329,0.259285,0.000000,0
7.898132,1.745329,0.261703,0.000000,0
7.899130,1.745329,0.263965,0.000000,0
7.900128,1.745329,0.266071,0.000000,0
7.901126,1.745329,0.268021,0.000000,0
7.902124,1.745329,0.269815,0.000000,0
7.903122,1.745329,0.271453,0.000000,0
7.904120,1.745329,0.272935,0.000000,0
7.905118,1.745329,0.274261,0.000000,0
7.906115,1.745329,0.275431,0.000000,0
7.907113,1.745329,0.276445,0.000000,0
7.908111,1.745329,0.277303,0.000000,0
7.909109,1.745329,0.278005,0.000000,0
7.910107,1.745329,0.278551,0.000000,0
7.911105,1.745329,0.278941,0.000000,0
7.912103,1.745329,0.279175,0.000000,0
7.913101,1.745329,0.279253,0.000000,1
7.914099,1.736983,0.274393,0.000000,1
7.915097,1.728598,0.269511,0.000000,1
7.916095,1.720187,0.264605,0.000000,1
7.917093,1.711762,0.259674,0.000000,1
7.918091,1.703334,0.254716,0.000000,1
7.919088,1.694913,0.249730,0.000000,1
7.920086,1.686512,0.244716,0.000000,1
7.921084,1.678140,0.239673,0.000000,1
7.922082,1.669809,0.234599,0.000000,1
7.923080,1.661529,0.229495,0.000000,1
7.924078,1.653310,0.224359,0.000000,1
7.925076,1.645162,0.219192,0.000000,1
7.926074,1.637094,0.213992,0.000000,1
7.927072,1.629117,0.208760,0.000000,1
7.928070,1.621240,0.203496,0.000000,1
7.929068,1.613472,0.198199,0.000000,1
7.930066,1.605821,0.192869,0.000000,1
7.931064,1.598297,0.187507,0.000000,1
7.932061,1.590909,0.182113,0.000000,1
7.933059,1.583664,0.176686,0.000000,1
7.934057,1.576570,0.171227,0.000000,1
7.935055,1.569637,0.165737,0.000000,1
7.936053,1.562870,0.160216,0.000000,1
7.937051,1.556279,0.154664,0.000000,1
7.938049,1.549869,0.149082,0.000000,1
7.939047,1.543649,0.143470,0.000000,1
7.940045,1.537624,0.137830,0.000000,1
7.941043,1.531802,0.132162,0.000000,1
7.942041,1.526188,0.126467,0.000000,1
7.943039,1.520789,0.120745,0.000000,1
7.944037,1.515610,0.114998,0.000000,1
7.945034,1.510656,0.109227,0.000000,1
7.946032,1.505934,0.103431,0.000000,1
7.947030,1.501448,0.097614,0.000000,1
7.948028,1.497203,0.091775,0.000000,1
7.949026,1.493203,0.085916,0.000000,1
7.950024,1.489453,0.080038,0.000000,1
7.951022,1.485955,0.074141,0.000000,1
7.952020,1.482715,0.068228,0.000000,1
7.953018,1.479735,0.062300,0.000000,1
7.954016,1.477019,0.056357,0.000000,1
7.955014,1.474569,0.050402,0.000000,1
7.956012,1.472387,0.044434,0.000000,1
7.957010,1.470477,0.038457,0.000000,1
7.958008,1.468839,0.032471,0.000000,1
7.959005,1.467476,0.026477,0.000000,1
7.960003,1.466389,0.020476,0.000000,1
7.961001,1.465580,0.014471,0.000000,1
7.961999,1.465048,0.008463,0.000000,1
7.962997,1.464795,0.002453,0.000000,1
7.963995,1.464821,-0.003558,0.000000,1
7.964993,1.465125,-0.009568,0.000000,1
7.965991,1.465708,-0.015576,0.000000,1
7.966989,1.466569,-0.021580,0.000000,1
7.967987,1.467706,-0.027579,0.000000,1
7.968985,1.469120,-0.033572,0.000000,1
7.969983,1.470807,-0.039557,0.000000,1
7.970981,1.472768,-0.045532,0.000000,1
7.971978,1.474999,-0.051498,0.000000,1
7.972976,1.477498,-0.057451,0.000000,1
7.973974,1.480263,-0.063391,0.000000,1
7.974972,1.483291,-0.069317,0.000000,1
7.975970,1.486579,-0.075227,0.000000,1
7.976968,1.490123,-0.081120,0.000000,1
7.977966,1.493920,-0.086995,0.000000,1
7.978964,1.497965,-0.092850,0.000000,1
7.979962,1.502255,-0.098685,0.000000,1
7.980960,1.506785,-0.104499,0.000000,1
7.981958,1.511550,-0.110289,0.000000,1
7.982956,1.516545,-0.116057,0.000000,1
7.983954,1.521765,-0.121799,0.000000,1
7.984951,1.527204,-0.127516,0.000000,1
7.985949,1.532857,-0.133206,0.000000,1
7.986947,1.538717,-0.138869,0.000000,1
7.987945,1.544778,-0.144504,0.000000,1
7.988943,1.551034,-0.150110,0.000000,1
7.989941,1.557477,-0.155687,0.000000,1
7.990939,1.564102,-0.161233,0.000000,1
7.991937,1.570899,-0.166749,0.000000,1
7.992935,1.577863,-0.172233,0.000000,1
7.993933,1.584985,-0.177686,0.000000,1
7.994931,1.592257,-0.183107,0.000000,1
7.995929,1.599671,-0.188495,0.000000,1
7.996927,1.607218,-0.193852,0.000000,1
7.997925,1.614891,-0.199175,0.000000,1
7.998922,1.622680,-0.204466,0.000000,1
7.999920,1.630577,-0.209725,0.000000,1
8.000918,1.638571,-0.214950,0.000000,1
8.001916,1.646654,-0.220144,0.000000,1
8.002914,1.654816,-0.225306,0.000000,1
8.003912,1.663047,-0.230435,0.000000,1
8.004910,1.671338,-0.235534,0.000000,1
8.005908,1.679677,-0.240602,0.000000,1
8.006906,1.688055,-0.245640,0.000000,1
8.007904,1.696460,-0.250649,0.000000,1
8.008902,1.704883,-0.255629,0.000000,1
8.009900,1.713312,-0.260583,0.000000,1
8.010898,1.721735,-0.265509,0.000000,1
8.011895,1.730142,-0.270411,0.000000,1
8.012893,1.738520,-0.275289,0.000000,1
8.013891,1.745329,-0.279250,0.000000,0
8.014889,1.745329,-0.279143,0.000000,0
8.015887,1.745329,-0.278881,0.000000,0
8.016885,1.745329,-0.278462,0.000000,0
8.017883,1.745329,-0.277887,0.000000,0
8.018881,1.745329,-0.277157,0.000000,0
8.019879,1.745329,-0.276270,0.000000,0
8.020877,1.745329,-0.275227,0.000000,0
8.021875,1.745329,-0.274029,0.000000,0
8.022873,1.745329,-0.272674,0.000000,0
8.023871,1.745329,-0.271163,0.000000,0
8.024868,1.745329,-0.269497,0.000000,0
8.025866,1.745329,-0.267674,0.000000,0
8.026864,1.745329,-0.265696,0.000000,0
8.027862,1.745329,-0.263561,0.000000,0
8.028860,1.745329,-0.261270,0.000000,0
8.029858,1.745329,-0.258824,0.000000,0
8.030856,1.745329,-0.256221,0.000000,0
8.031854,1.745329,-0.253463,0.000000,0
8.032852,1.745329,-0.250548,0.000000,0
8.033850,1.745329,-0.247477,0.000000,0
8.034848,1.745329,-0.244251,0.000000,0
8.035846,1.745329,-0.240868,0.000000,0
8.036844,1.745329,-0.237330,0.000000,0
8.037841,1.745329,-0.233635,0.000000,0
8.038839,1.745329,-0.229785,0.000000,0
8.039837,1.745329,-0.225778,0.000000,0
8.040835,1.745329,-0.221615,0.000000,0
8.041833,1.745329,-0.217297,0.000000,0
8.042831,1.745329,-0.212822,0.000000,0
8.043829,1.745329,-0.208192,0.000000,0
8.044827,1.745329,-0.203405,0.000000,0
8.045825,1.745329,-0.198463,0.000000,0
8.046823,1.745329,-0.193364,0.000000,0
8.047821,1.745329,-0.188110,0.000000,0
8.048819,1.745329,-0.182731,0.000000,0
8.049817,1.745329,-0.177342,0.000000,0
8.050815,1.745329,-0.171953,0.000000,0
8.051812,1.745329,-0.166564,0.000000,0
8.052810,1.745329,-0.161175,0.000000,0
8.053808,1.745329,-0.155786,0.000000,0
8.054806,1.745329,-0.150397,0.000000,0
8.055804,1.745329,-0.145008,0.000000,0
8.056802,1.745329,-0.139619,0.000000,0
8.057800,1.745329,-0.134230,0.000000,0
8.058798,1.745329,-0.128841,0.000000,0
8.059796,1.745329,-0.123452,0.000000,0
8.060794,1.745329,-0.118063,0.000000,0
8.061792,1.745329,-0.112674,0.000000,0
8.062790,1.745329,-0.107285,0.000000,0
8.063788,1.745329,-0.101896,0.000000,0
8.064785,1.745329,-0.096507,0.000000,0
8.065783,1.745329,-0.091118,0.000000,0
8.066781,1.745329,-0.085729,0.000000,0
8.067779,1.745329,-0.080340,0.000000,0
8.068777,1.745329,-0.074951,0.000000,0
8.069775,1.745329,-0.069562,0.000000,0
8.070773,1.745329,-0.064173,0.000000,0
8.071771,1.745329,-0.058784,0.000000,0
8.072769,1.745329,-0.053395,0.000000,0
8.073767,1.745329,-0.048006,0.000000,0
8.074765,1.745329,-0.042617,0.000000,0
8.075763,1.745329,-0.037228,0.000000,0
8.076761,1.745329,-0.031839,0.000000,0
8.077758,1.745329,-0.026450,0.000000,0
8.078756,1.745329,-0.021061,0.000000,0
8.079754,1.745329,-0.015672,0.000000,0
8.080752,1.745329,-0.010283,0.000000,0
8.081750,1.745329,-0.004894,0.000000,0
8.082748,1.745329,0.000495,0.000000,0
8.083746,1.745329,0.005884,0.000000,0
8.084744,1.745329,0.011273,0.000000,0
8.085742,1.745329,0.016662,0.000000,0
8.086740,1.745329,0.022051,0.000000,0
8.087738,1.745329,0.027440,0.000000,0
8.088736,1.745329,0.032829,0.000000,0
8.089734,1.745329,0.038218,0.000000,0
8.090732,1.745329,0.043607,0.000000,0
8.091729,1.745329,0.048996,0.000000,0
8.092727,1.745329,0.054385,0.000000,0
8.093725,1.745329,0.059774,0.000000,0
8.094723,1.745329,0.065163,0.000000,0
8.095721,1.745329,0.070552,0.000000,0
8.096719,1.745329,0.075942,0.000000,0
8.097717,1.745329,0.081331,0.000000,0
8.098715,1.745329,0.086720,0.000000,0
8.099713,1.745329,0.092109,0.000000,0
8.100711,1.745329,0.097498,0.000000,0
8.101709,1.745329,0.102887,0.000000,0
8.102707,1.745329,0.108276,0.000000,0
8.103705,1.745329,0.113665,0.000000,0
8.104702,1.745329,0.119054,0.000000,0
8.105700,1.745329,0.124443,0.000000,0
8.106698,1.745329,0.129832,0.000000,0
8.107696,1.745329,0.135221,0.000000,0
8.108694,1.745329,0.140610,0.000000,0
8.109692,1.745329,0.145999,0.000000,0
8.110690,1.745329,0.151388,0.000000,0
8.111688,1.745329,0.156777,0.000000,0
8.112686,1.745329,0.162166,0.000000,0
8.113684,1.745329,0.167555,0.000000,0
8.114682,1.745329,0.172944,0.000000,0
8.115680,1.745329,0.178333,0.000000,0
8.116678,1.745329,0.183722,0.000000,0
8.117675,1.745329,0.189087,0.000000,0
8.118673,1.745329,0.194313,0.000000,0
8.119671,1.745329,0.199383,0.000000,0
8.120669,1.745329,0.204297,0.000000,0
8.121667,1.745329,0.209055,0.000000,0
8.122665,1.745329,0.213657,0.000000,0
8.123663,1.745329,0.218103,0.000000,0
8.124661,1.745329,0.222392,0.000000,0
8.125659,1.745329,0.226526,0.000000,0
8.126657,1.745329,0.230504,0.000000,0
8.127655,1.745329,0.234326,0.000000,0
8.128653,1.745329,0.237992,0.000000,0
8.129651,1.745329,0.241502,0.000000,0
8.130649,1.745329,0.244856,0.000000,0
8.131646,1.745329,0.248054,0.000000,0
8.132644,1.745329,0.251096,0.000000,0
8.133642,1.745329,0.253981,0.000000,0
8.134640,1.745329,0.256711,0.000000,0
8.135638,1.745329,0.259285,0.000000,0
8.136636,1.745329,0.261703,0.000000,0
8.137634,1.745329,0.263965,0.000000,0
8.138632,1.745329,0.266071,0.000000,0
8.139630,1.745329,0.268021,0.000000,0
8.140628,1.745329,0.269815,0.000000,0
8.141626,1.745329,0.271453,0.000000,0
8.142624,1.745329,0.272935,0.000000,0
8.143622,1.745329,0.274261,0.000000,0
8.144619,1.745329,0.275431,0.000000,0
8.145617,1.745329,0.276445,0.000000,0
8.146615,1.745329,0.277303,0.000000,0
8.147613,1.745329,0.278005,0.000000,0
8.148611,1.745329,0.278551,0.000000,0
8.149609,1.745329,0.278941,0.000000,0
8.150607,1.745329,0.279175,0.000000,0
8.151605,1.745329,0.314159,0.000000,1
8.152606,1.736201,0.308514,0.000000,1
8.153607,1.727051,0.302838,0.000000,1
8.154607,1.717891,0.297130,0.000000,1
8.155608,1.708733,0.291389,0.000000,1
8.156609,1.699591,0.285613,0.000000,1
8.157610,1.690475,0.279801,0.000000,1
8.158611,1.681398,0.273951,0.000000,1
8.159612,1.672371,0.268064,0.000000,1
8.160613,1.663406,0.262138,0.000000,1
8.161613,1.654513,0.256173,0.000000,1
8.162614,1.645703,0.250167,0.000000,1
8.163615,1.636988,0.244121,0.000000,1
8.164616,1.628377,0.238035,0.000000,1
8.165617,1.619881,0.231907,0.000000,1
8.166618,1.611510,0.225738,0.000000,1
8.167618,1.603274,0.219528,0.000000,1
8.168619,1.595182,0.213276,0.000000,1
8.169620,1.587243,0.206984,0.000000,1
8.170621,1.579467,0.200652,0.000000,1
8.171622,1.571863,0.194279,0.000000,1
8.172623,1.564439,0.187867,0.000000,1
8.173624,1.557203,0.181416,0.000000,1
8.174624,1.550164,0.174926,0.000000,1
8.175625,1.543329,0.168399,0.000000,1
8.176626,1.536707,0.161835,0.000000,1
8.177627,1.530304,0.155236,0.000000,1
8.178628,1.524128,0.148601,0.000000,1
8.179629,1.518185,0.141933,0.000000,1
8.180629,1.512482,0.135232,0.000000,1
8.181630,1.507024,0.128499,0.000000,1
8.182631,1.501819,0.121737,0.000000,1
8.183632,1.496872,0.114945,0.000000,1
8.184633,1.492187,0.108126,0.000000,1
8.185634,1.487770,0.101281,0.000000,1
8.186635,1.483626,0.094411,0.000000,1
8.187635,1.479759,0.087517,0.000000,1
8.188636,1.476174,0.080602,0.000000,1
8.189637,1.472873,0.073667,0.000000,1
8.190638,1.469861,0.066714,0.000000,1
8.191639,1.467141,0.059744,0.000000,1
8.192640,1.464716,0.052759,0.000000,1
8.193640,1.462588,0.045760,0.000000,1
8.194641,1.460759,0.038750,0.000000,1
8.195642,1.459232,0.031730,0.000000,1
8.196643,1.458007,0.024701,0.000000,1
8.197644,1.457087,0.017667,0.000000,1
8.198645,1.456472,0.010627,0.000000,1
8.199646,1.456163,0.003586,0.000000,1
8.200646,1.456160,-0.003457,0.000000,1
8.201647,1.456464,-0.010499,0.000000,1
8.202648,1.457073,-0.017538,0.000000,1
8.203649,1.457988,-0.024573,0.000000,1
8.204650,1.459207,-0.031602,0.000000,1
8.205651,1.460728,-0.038622,0.000000,1
8.206651,1.462552,-0.045632,0.000000,1
8.207652,1.464674,-0.052631,0.000000,1
8.208653,1.467095,-0.059617,0.000000,1
8.209654,1.469809,-0.066587,0.000000,1
8.210655,1.472816,-0.073541,0.000000,1
8.211656,1.476111,-0.080476,0.000000,1
8.212657,1.479692,-0.087391,0.000000,1
8.213657,1.483553,-0.094285,0.000000,1
8.214658,1.487692,-0.101156,0.000000,1
8.215659,1.492104,-0.108001,0.000000,1
8.216660,1.496784,-0.114821,0.000000,1
8.217661,1.501727,-0.121613,0.000000,1
8.218662,1.506927,-0.128377,0.000000,1
8.219662,1.512380,-0.135110,0.000000,1
8.220663,1.518079,-0.141811,0.000000,1
8.221664,1.524017,-0.148480,0.000000,1
8.222665,1.530190,-0.155115,0.000000,1
8.223666,1.536588,-0.161716,0.000000,1
8.224667,1.543207,-0.168280,0.000000,1
8.225668,1.550038,-0.174808,0.000000,1
8.226668,1.557073,-0.181298,0.000000,1
8.227669,1.564305,-0.187750,0.000000,1
8.228670,1.571726,-0.194163,0.000000,1
8.229671,1.579327,-0.200536,0.000000,1
8.230672,1.587100,-0.206869,0.000000,1
8.231673,1.595036,-0.213162,0.000000,1
8.232674,1.603125,-0.219414,0.000000,1
8.233674,1.611359,-0.225625,0.000000,1
8.234675,1.619728,-0.231795,0.000000,1
8.235676,1.628221,-0.237923,0.000000,1
8.236677,1.636830,-0.244011,0.000000,1
8.237678,1.645544,-0.250058,0.000000,1
8.238679,1.654351,-0.256064,0.000000,1
8.239679,1.663243,-0.262030,0.000000,1
8.240680,1.672207,-0.267957,0.000000,1
8.241681,1.681233,-0.273844,0.000000,1
8.242682,1.690309,-0.279694,0.000000,1
8.243683,1.699424,-0.285507,0.000000,1
8.244684,1.708566,-0.291284,0.000000,1
8.245685,1.717724,-0.297026,0.000000,1
8.246685,1.726884,-0.302734,0.000000,1
8.247686,1.736035,-0.308410,0.000000,1
8.248687,1.745163,-0.314057,0.000000,1
8.249688,1.745329,-0.314077,0.000000,0
8.250689,1.745329,-0.313823,0.000000,0
8.251690,1.745329,-0.313399,0.000000,0
8.252690,1.745329,-0.312804,0.000000,0
8.253691,1.745329,-0.312037,0.000000,0
8.254692,1.745329,-0.311100,0.000000,0
8.255693,1.745329,-0.309991,0.000000,0
8.256694,1.745329,-0.308712,0.000000,0
8.257695,1.745329,-0.307261,0.000000,0
8.258696,1.745329,-0.305640,0.000000,0
8.259696,1.745329,-0.303847,0.000000,0
8.260697,1.745329,-0.301884,0.000000,0
8.261698,1.745329,-0.299749,0.000000,0
8.262699,1.745329,-0.297443,0.000000,0
8.263700,1.745329,-0.294967,0.000000,0
8.264701,1.745329,-0.292319,0.000000,0
8.265701,1.745329,-0.289500,0.000000,0
8.266702,1.745329,-0.286511,0.000000,0
8.267703,1.745329,-0.283350,0.000000,0
8.268704,1.745329,-0.280018,0.000000,0
8.269705,1.745329,-0.276516,0.000000,0
8.270706,1.745329,-0.272842,0.000000,0
8.271707,1.745329,-0.268997,0.000000,0
8.272707,1.745329,-0.264982,0.000000,0
8.273708,1.745329,-0.260795,0.000000,0
8.274709,1.745329,-0.256437,0.000000,0
8.275710,1.745329,-0.251908,0.000000,0
8.276711,1.745329,-0.247208,0.000000,0
8.277712,1.745329,-0.242338,0.000000,0
8.278712,1.745329,-0.237296,0.000000,0
8.279713,1.745329,-0.232083,0.000000,0
8.280714,1.745329,-0.226699,0.000000,0
8.281715,1.745329,-0.221144,0.000000,0
8.282716,1.745329,-0.215418,0.000000,0
8.283717,1.745329,-0.209521,0.000000,0
8.284718,1.745329,-0.203537,0.000000,0
8.285718,1.745329,-0.197552,0.000000,0
8.286719,1.745329,-0.191567,0.000000,0
8.287720,1.745329,-0.185582,0.000000,0
8.288721,1.745329,-0.179597,0.000000,0
8.289722,1.745329,-0.173613,0.000000,0
8.290723,1.745329,-0.167628,0.000000,0
8.291723,1.745329,-0.161643,0.000000,0
8.292724,1.745329,-0.155658,0.000000,0
8.293725,1.745329,-0.149674,0.000000,0
8.294726,1.745329,-0.143689,0.000000,0
8.295727,1.745329,-0.137704,0.000000,0
8.296728,1.745329,-0.131719,0.000000,0
8.297729,1.745329,-0.125735,0.000000,0
8.298729,1.745329,-0.119750,0.000000,0
8.299730,1.745329,-0.113765,0.000000,0
8.300731,1.745329,-0.107780,0.000000,0
8.301732,1.745329,-0.101796,0.000000,0
8.302733,1.745329,-0.095811,0.000000,0
8.303734,1.745329,-0.089826,0.000000,0
8.304734,1.745329,-0.083841,0.000000,0
8.305735,1.745329,-0.077856,0.000000,0
8.306736,1.745329,-0.071872,0.000000,0
8.307737,1.745329,-0.065887,0.000000,0
8.308738,1.745329,-0.059902,0.000000,0
8.309739,1.745329,-0.053917,0.000000,0
8.310740,1.745329,-0.047933,0.000000,0
8.311740,1.745329,-0.041948,0.000000,0
8.312741,1.745329,-0.035963,0.000000,0
8.313742,1.745329,-0.029978,0.000000,0
8.314743,1.745329,-0.023994,0.000000,0
8.315744,1.745329,-0.018009,0.000000,0
8.316745,1.745329,-0.012024,0.000000,0
8.317745,1.745329,-0.006039,0.000000,0
8.318746,1.745329,-0.000055,0.000000,0
8.319747,1.745329,0.005930,0.000000,0
8.320748,1.745329,0.011915,0.000000,0
8.321749,1.745329,0.017900,0.000000,0
8.322750,1.745329,0.023885,0.000000,0
8.323751,1.745329,0.029869,0.000000,0
8.324751,1.745329,0.035854,0.000000,0
8.325752,1.745329,0.041839,0.000000,0
8.326753,1.745329,0.047824,0.000000,0
8.327754,1.745329,0.053808,0.000000,0
8.328755,1.745329,0.059793,0.000000,0
8.329756,1.745329,0.065778,0.000000,0
8.330756,1.745329,0.071763,0.000000,0
8.331757,1.745329,0.077747,0.000000,0
8.332758,1.745329,0.083732,0.000000,0
8.333759,1.745329,0.089717,0.000000,0
8.334760,1.745329,0.095702,0.000000,0
8.335761,1.745329,0.101686,0.000000,0
8.336762,1.745329,0.107671,0.000000,0
8.337762,1.745329,0.113656,0.000000,0
8.338763,1.745329,0.119641,0.000000,0
8.339764,1.745329,0.125626,0.000000,0
8.340765,1.745329,0.131610,0.000000,0
8.341766,1.745329,0.137595,0.000000,0
8.342767,1.745329,0.143580,0.000000,0
8.343767,1.745329,0.149565,0.000000,0
8.344768,1.745329,0.155549,0.000000,0
8.345769,1.745329,0.161534,0.000000,0
8.346770,1.745329,0.167519,0.000000,0
8.347771,1.745329,0.173504,0.000000,0
8.348772,1.745329,0.179488,0.000000,0
8.349773,1.745329,0.185473,0.000000,0
8.350773,1.745329,0.191458,0.000000,0
8.351774,1.745329,0.197443,0.000000,0
8.352775,1.745329,0.203427,0.000000,0
8.353776,1.745329,0.209412,0.000000,0
8.354777,1.745329,0.215312,0.000000,0
8.355778,1.745329,0.221041,0.000000,0
8.356778,1.745329,0.226599,0.000000,0
8.357779,1.745329,0.231986,0.000000,0
8.358780,1.745329,0.237202,0.000000,0
8.359781,1.745329,0.242247,0.000000,0
8.360782,1.745329,0.247121,0.000000,0
8.361783,1.745329,0.251824,0.000000,0
8.362784,1.745329,0.256356,0.000000,0
8.363784,1.745329,0.260717,0.000000,0
8.364785,1.745329,0.264907,0.000000,0
8.365786,1.745329,0.268926,0.000000,0
8.366787,1.745329,0.272774,0.000000,0
8.367788,1.745329,0.276450,0.000000,0
8.368789,1.745329,0.279956,0.000000,0
8.369789,1.745329,0.283291,0.000000,0
8.370790,1.745329,0.286455,0.000000,0
8.371791,1.745329,0.289448,0.000000,0
8.372792,1.745329,0.292269,0.000000,0
8.373793,1.745329,0.294920,0.000000,0
8.374794,1.745329,0.297400,0.000000,0
8.375795,1.745329,0.299708,0.000000,0
8.376795,1.745329,0.301846,0.000000,0
8.377796,1.745329,0.303813,0.000000,0
8.378797,1.745329,0.305608,0.000000,0
8.379798,1.745329,0.307233,0.000000,0
8.380799,1.745329,0.308687,0.000000,0
8.381800,1.745329,0.309969,0.000000,0
8.382800,1.745329,0.311081,0.000000,0
8.383801,1.745329,0.312022,0.000000,0
8.384802,1.745329,0.312791,0.000000,0
8.385803,1.745329,0.313390,0.000000,0
8.386804,1.745329,0.313817,0.000000,0
8.387805,1.745329,0.314074,0.000000,0
8.388806,1.745329,0.314159,0.000000,1
8.389806,1.736201,0.308514,0.000000,1
8.390807,1.727051,0.302838,0.000000,1
8.391808,1.717891,0.297130,0.000000,1
8.392809,1.708733,0.291389,0.000000,1
8.393810,1.699591,0.285613,0.000000,1
8.394811,1.690475,0.279801,0.000000,1
8.395812,1.681398,0.273951,0.000000,1
8.396812,1.672371,0.268064,0.000000,1
8.397813,1.663406,0.262138,0.000000,1
8.398814,1.654513,0.256173,0.000000,1
8.399815,1.645703,0.250167,0.000000,1
8.400816,1.636988,0.244121,0.000000,1
8.401817,1.628377,0.238035,0.000000,1
8.402817,1.619881,0.231907,0.000000,1
8.403818,1.611510,0.225738,0.000000,1
8.404819,1.603274,0.219528,0.000000,1
8.405820,1.595182,0.213276,0.000000,1
8.406821,1.587243,0.206984,0.000000,1
8.407822,1.579467,0.200652,0.000000,1
8.408823,1.571863,0.194279,0.000000,1
8.409823,1.564439,0.187867,0.000000,1
8.410824,1.557203,0.181416,0.000000,1
8.411825,1.550164,0.174926,0.000000,1
8.412826,1.543329,0.168399,0.000000,1
8.413827,1.536707,0.161835,0.000000,1
8.414828,1.530304,0.155236,0.000000,1
8.415828,1.524128,0.148601,0.000000,1
8.416829,1.518185,0.141933,0.000000,1
8.417830,1.512482,0.135232,0.000000,1
8.418831,1.507024,0.128499,0.000000,1
8.419832,1.501819,0.121737,0.000000,1
8.420833,1.496872,0.114945,0.000000,1
8.421834,1.492187,0.108126,0.000000,1
8.422834,1.487770,0.101281,0.000000,1
8.423835,1.483626,0.094411,0.000000,1
8.424836,1.479759,0.087517,0.000000,1
8.425837,1.476174,0.080602,0.000000,1
8.426838,1.472873,0.073667,0.000000,1
8.427839,1.469861,0.066714,0.000000,1
8.428839,1.467141,0.059744,0.000000,1
8.429840,1.464716,0.052759,0.000000,1
8.430841,1.462588,0.045760,0.000000,1
8.431842,1.460759,0.038750,0.000000,1
8.432843,1.459232,0.031730,0.000000,1
8.433844,1.458007,0.024701,0.000000,1
8.434845,1.457087,0.017667,0.000000,1
8.435845,1.456472,0.010627,0.000000,1
8.436846,1.456163,0.003586,0.000000,1
8.437847,1.456160,-0.003457,0.000000,1
8.438848,1.456464,-0.010499,0.000000,1
8.439849,1.457073,-0.017538,0.000000,1
8.440850,1.457988,-0.024573,0.000000,1
8.441850,1.459207,-0.031602,0.000000,1
8.442851,1.460728,-0.038622,0.000000,1
8.443852,1.462552,-0.045632,0.000000,1
8.444853,1.464674,-0.052631,0.000000,1
8.445854,1.467095,-0.059617,0.000000,1
8.446855,1.469809,-0.066587,0.000000,1
8.447856,1.472816,-0.073541,0.000000,1
8.448856,1.476111,-0.080476,0.000000,1
8.449857,1.479692,-0.087391,0.000000,1
8.450858,1.483553,-0.094285,0.000000,1
8.451859,1.487692,-0.101156,0.000000,1
8.452860,1.492104,-0.108001,0.000000,1
8.453861,1.496784,-0.114821,0.000000,1
8.454861,1.501727,-0.121613,0.000000,1
8.455862,1.506927,-0.128377,0.000000,1
8.456863,1.512380,-0.135110,0.000000,1
8.457864,1.518079,-0.141811,0.000000,1
8.458865,1.524017,-0.148480,0.000000,1
8.459866,1.530190,-0.155115,0.000000,1
8.460867,1.536588,-0.161716,0.000000,1
8.461867,1.543207,-0.168280,0.000000,1
8.462868,1.550038,-0.174808,0.000000,1
8.463869,1.557073,-0.181298,0.000000,1
8.464870,1.564305,-0.187750,0.000000,1
8.465871,1.571726,-0.194163,0.000000,1
8.466872,1.579327,-0.200536,0.000000,1
8.467872,1.587100,-0.206869,0.000000,1
8.468873,1.595036,-0.213162,0.000000,1
8.469874,1.603125,-0.219414,0.000000,1
8.470875,1.611359,-0.225625,0.000000,1
8.471876,1.619728,-0.231795,0.000000,1
8.472877,1.628221,-0.237923,0.000000,1
8.473878,1.636830,-0.244011,0.000000,1
8.474878,1.645544,-0.250058,0.000000,1
8.475879,1.654351,-0.256064,0.000000,1
8.476880,1.663243,-0.262030,0.000000,1
8.477881,1.672207,-0.267957,0.000000,1
8.478882,1.681233,-0.273844,0.000000,1
8.479883,1.690309,-0.279694,0.000000,1
8.480883,1.699424,-0.285507,0.000000,1
8.481884,1.708566,-0.291284,0.000000,1
8.482885,1.717724,-0.297026,0.000000,1
8.483886,1.726884,-0.302734,0.000000,1
8.484887,1.736035,-0.308410,0.000000,1
8.485888,1.745163,-0.314057,0.000000,1
8.486889,1.745329,-0.314077,0.000000,0
8.487889,1.745329,-0.313823,0.000000,0
8.488890,1.745329,-0.313399,0.000000,0
8.489891,1.745329,-0.312804,0.000000,0
8.490892,1.745329,-0.312037,0.000000,0
8.491893,1.745329,-0.311100,0.000000,0
8.492894,1.745329,-0.309991,0.000000,0
8.493894,1.745329,-0.308712,0.000000,0
8.494895,1.745329,-0.307261,0.000000,0
8.495896,1.745329,-0.305640,0.000000,0
8.496897,1.745329,-0.303847,0.000000,0
8.497898,1.745329,-0.301884,0.000000,0
8.498899,1.745329,-0.299749,0.000000,0
8.499900,1.745329,-0.297443,0.000000,0
8.500900,1.745329,-0.294967,0.000000,0
8.501901,1.745329,-0.292319,0.000000,0
8.502902,1.745329,-0.289500,0.000000,0
8.503903,1.745329,-0.286511,0.000000,0
8.504904,1.745329,-0.283350,0.000000,0
8.505905,1.745329,-0.280018,0.000000,0
8.506905,1.745329,-0.276516,0.000000,0
8.507906,1.745329,-0.272842,0.000000,0
8.508907,1.745329,-0.268997,0.000000,0
8.509908,1.745329,-0.264982,0.000000,0
8.510909,1.745329,-0.260795,0.000000,0
8.511910,1.745329,-0.256437,0.000000,0
8.512911,1.745329,-0.251908,0.000000,0
8.513911,1.745329,-0.247208,0.000000,0
8.514912,1.745329,-0.242338,0.000000,0
8.515913,1.745329,-0.237296,0.000000,0
8.516914,1.745329,-0.232083,0.000000,0
8.517915,1.745329,-0.226699,0.000000,0
8.518916,1.745329,-0.221144,0.000000,0
8.519916,1.745329,-0.215418,0.000000,0
8.520917,1.745329,-0.209521,0.000000,0
8.521918,1.745329,-0.203537,0.000000,0
8.522919,1.745329,-0.197552,0.000000,0
8.523920,1.745329,-0.191567,0.000000,0
8.524921,1.745329,-0.185582,0.000000,0
8.525922,1.745329,-0.179597,0.000000,0
8.526922,1.745329,-0.173613,0.000000,0
8.527923,1.745329,-0.167628,0.000000,0
8.528924,1.745329,-0.161643,0.000000,0
8.529925,1.745329,-0.155658,0.000000,0
8.530926,1.745329,-0.149674,0.000000,0
8.531927,1.745329,-0.143689,0.000000,0
8.532927,1.745329,-0.137704,0.000000,0
8.533928,1.745329,-0.131719,0.000000,0
8.534929,1.745329,-0.125735,0.000000,0
8.535930,1.745329,-0.119750,0.000000,0
8.536931,1.745329,-0.113765,0.000000,0
8.537932,1.745329,-0.107780,0.000000,0
8.538933,1.745329,-0.101796,0.000000,0
8.539933,1.745329,-0.095811,0.000000,0
8.540934,1.745329,-0.089826,0.000000,0
8.541935,1.745329,-0.083841,0.000000,0
8.542936,1.745329,-0.077856,0.000000,0
8.543937,1.745329,-0.071872,0.000000,0
8.544938,1.745329,-0.065887,0.000000,0
8.545939,1.745329,-0.059902,0.000000,0
8.546939,1.745329,-0.053917,0.000000,0
8.547940,1.745329,-0.047933,0.000000,0
8.548941,1.745329,-0.041948,0.000000,0
8.549942,1.745329,-0.035963,0.000000,0
8.550943,1.745329,-0.029978,0.000000,0
8.551944,1.745329,-0.023994,0.000000,0
8.552944,1.745329,-0.018009,0.000000,0
8.553945,1.745329,-0.012024,0.000000,0
8.554946,1.745329,-0.006039,0.000000,0
8.555947,1.745329,-0.000055,0.000000,0
8.556948,1.745329,0.005930,0.000000,0
8.557949,1.745329,0.011915,0.000000,0
8.558950,1.745329,0.017900,0.000000,0
8.559950,1.745329,0.023885,0.000000,0
8.560951,1.745329,0.029869,0.000000,0
8.561952,1.745329,0.035854,0.000000,0
8.562953,1.745329,0.041839,0.000000,0
8.563954,1.745329,0.047824,0.000000,0
8.564955,1.745329,0.053808,0.000000,0
8.565955,1.745329,0.059793,0.000000,0
8.566956,1.745329,0.065778,0.000000,0
8.567957,1.745329,0.071763,0.000000,0
8.568958,1.745329,0.077747,0.000000,0
8.569959,1.745329,0.083732,0.000000,0
8.570960,1.745329,0.089717,0.000000,0
8.571961,1.745329,0.095702,0.000000,0
8.572961,1.745329,0.101686,0.000000,0
8.573962,1.745329,0.107671,0.000000,0
8.574963,1.745329,0.113656,0.000000,0
8.575964,1.745329,0.119641,0.000000,0
8.576965,1.745329,0.125626,0.000000,0
8.577966,1.745329,0.131610,0.000000,0
8.578966,1.745329,0.137595,0.000000,0
8.579967,1.745329,0.143580,0.000000,0
8.580968,1.745329,0.149565,0.000000,0
8.581969,1.745329,0.155549,0.000000,0
8.582970,1.745329,0.161534,0.000000,0
8.583971,1.745329,0.167519,0.000000,0
8.584972,1.745329,0.173504,0.000000,0
8.585972,1.745329,0.179488,0.000000,0
8.586973,1.745329,0.185473,0.000000,0
8.587974,1.745329,0.191458,0.000000,0
8.588975,1.745329,0.197443,0.000000,0
8.589976,1.745329,0.203427,0.000000,0
8.590977,1.745329,0.209412,0.000000,0
8.591977,1.745329,0.215312,0.000000,0
8.592978,1.745329,0.221041,0.000000,0
8.593979,1.745329,0.226599,0.000000,0
8.594980,1.745329,0.231986,0.000000,0
8.595981,1.745329,0.237202,0.000000,0
8.596982,1.745329,0.242247,0.000000,0
8.597983,1.745329,0.247121,0.000000,0
8.598983,1.745329,0.251824,0.000000,0
8.599984,1.745329,0.256356,0.000000,0
8.600985,1.745329,0.260717,0.000000,0
8.601986,1.745329,0.264907,0.000000,0
8.602987,1.745329,0.268926,0.000000,0
8.603988,1.745329,0.272774,0.000000,0
8.604988,1.745329,0.276450,0.000000,0
8.605989,1.745329,0.279956,0.000000,0
8.606990,1.745329,0.283291,0.000000,0
8.607991,1.745329,0.286455,0.000000,0
8.608992,1.745329,0.289448,0.000000,0
8.609993,1.745329,0.292269,0.000000,0
8.610994,1.745329,0.294920,0.000000,0
8.611994,1.745329,0.297400,0.000000,0
8.612995,1.745329,0.299708,0.000000,0
8.613996,1.745329,0.301846,0.000000,0
8.614997,1.745329,0.303813,0.000000,0
8.615998,1.745329,0.305608,0.000000,0
8.616999,1.745329,0.307233,0.000000,0
8.617999,1.745329,0.308687,0.000000,0
8.619000,1.745329,0.309969,0.000000,0
8.620001,1.745329,0.311081,0.000000,0
8.621002,1.745329,0.312022,0.000000,0
8.622003,1.745329,0.312791,0.000000,0
8.623004,1.745329,0.313390,0.000000,0
8.624005,1.745329,0.313817,0.000000,0
8.625005,1.745329,0.314074,0.000000,0
8.626006,1.745329,0.314159,0.000000,1
8.627007,1.736201,0.308514,0.000000,1
8.628008,1.727051,0.302838,0.000000,1
8.629009,1.717891,0.297130,0.000000,1
8.630010,1.708733,0.291389,0.000000,1
8.631010,1.699591,0.285613,0.000000,1
8.632011,1.690475,0.279801,0.000000,1
8.633012,1.681398,0.273951,0.000000,1
8.634013,1.672371,0.268064,0.000000,1
8.635014,1.663406,0.262138,0.000000,1
8.636015,1.654513,0.256173,0.000000,1
8.637016,1.645703,0.250167,0.000000,1
8.638016,1.636988,0.244121,0.000000,1
8.639017,1.628377,0.238035,0.000000,1
8.640018,1.619881,0.231907,0.000000,1
8.641019,1.611510,0.225738,0.000000,1
8.642020,1.603274,0.219528,0.000000,1
8.643021,1.595182,0.213276,0.000000,1
8.644021,1.587243,0.206984,0.000000,1
8.645022,1.579467,0.200652,0.000000,1
8.646023,1.571863,0.194279,0.000000,1
8.647024,1.564439,0.187867,0.000000,1
8.648025,1.557203,0.181416,0.000000,1
8.649026,1.550164,0.174926,0.000000,1
8.650027,1.543329,0.168399,0.000000,1
8.651027,1.536707,0.161835,0.000000,1
8.652028,1.530304,0.155236,0.000000,1
8.653029,1.524128,0.148601,0.000000,1
8.654030,1.518185,0.141933,0.000000,1
8.655031,1.512482,0.135232,0.000000,1
8.656032,1.507024,0.128499,0.000000,1
8.657032,1.501819,0.121737,0.000000,1
8.658033,1.496872,0.114945,0.000000,1
8.659034,1.492187,0.108126,0.000000,1
8.660035,1.487770,0.101281,0.000000,1
8.661036,1.483626,0.094411,0.000000,1
8.662037,1.479759,0.087517,0.000000,1
8.663038,1.476174,0.080602,0.000000,1
8.664038,1.472873,0.073667,0.000000,1
8.665039,1.469861,0.066714,0.000000,1
8.666040,1.467141,0.059744,0.000000,1
8.667041,1.464716,0.052759,0.000000,1
8.668042,1.462588,0.045760,0.000000,1
8.669043,1.460759,0.038750,0.000000,1
8.670043,1.459232,0.031730,0.000000,1
8.671044,1.458007,0.024701,0.000000,1
8.672045,1.457087,0.017667,0.000000,1
8.673046,1.456472,0.010627,0.000000,1
8.674047,1.456163,0.003586,0.000000,1
8.675048,1.456160,-0.003457,0.000000,1
8.676049,1.456464,-0.010499,0.000000,1
8.677049,1.457073,-0.017538,0.000000,1
8.678050,1.457988,-0.024573,0.000000,1
8.679051,1.459207,-0.031602,0.000000,1
8.680052,1.460728,-0.038622,0.000000,1
8.681053,1.462552,-0.045632,0.000000,1
8.682054,1.464674,-0.052631,0.000000,1
8.683054,1.467095,-0.059617,0.000000,1
8.684055,1.469809,-0.066587,0.000000,1
8.685056,1.472816,-0.073541,0.000000,1
8.686057,1.476111,-0.080476,0.000000,1
8.687058,1.479692,-0.087391,0.000000,1
8.688059,1.483553,-0.094285,0.000000,1
8.689060,1.487692,-0.101156,0.000000,1
8.690060,1.492104,-0.108001,0.000000,1
8.691061,1.496784,-0.114821,0.000000,1
8.692062,1.501727,-0.121613,0.000000,1
8.693063,1.506927,-0.128377,0.000000,1
8.694064,1.512380,-0.135110,0.000000,1
8.695065,1.518079,-0.141811,0.000000,1
8.696065,1.524017,-0.148480,0.000000,1
8.697066,1.530190,-0.155115,0.000000,1
8.698067,1.536588,-0.161716,0.000000,1
8.699068,1.543207,-0.168280,0.000000,1
8.700069,1.550038,-0.174808,0.000000,1
8.701070,1.557073,-0.181298,0.000000,1
8.702071,1.564305,-0.187750,0.000000,1
8.703071,1.571726,-0.194163,0.000000,1
8.704072,1.579327,-0.200536,0.000000,1
8.705073,1.587100,-0.206869,0.000000,1
8.706074,1.595036,-0.213162,0.000000,1
8.707075,1.603125,-0.219414,0.000000,1
8.708076,1.611359,-0.225625,0.000000,1
8.709077,1.619728,-0.231795,0.000000,1
8.710077,1.628221,-0.237923,0.000000,1
8.711078,1.636830,-0.244011,0.000000,1
8.712079,1.645544,-0.250058,0.000000,1
8.713080,1.654351,-0.256064,0.000000,1
8.714081,1.663243,-0.262030,0.000000,1
8.715082,1.672207,-0.267957,0.000000,1
8.716082,1.681233,-0.273844,0.000000,1
8.717083,1.690309,-0.279694,0.000000,1
8.718084,1.699424,-0.285507,0.000000,1
8.719085,1.708566,-0.291284,0.000000,1
8.720086,1.717724,-0.297026,0.000000,1
8.721087,1.726884,-0.302734,0.000000,1
8.722088,1.736035,-0.308410,0.000000,1
8.723088,1.745163,-0.314057,0.000000,1
8.724089,1.745329,-0.314077,0.000000,0
8.725090,1.745329,-0.313823,0.000000,0
8.726091,1.745329,-0.313399,0.000000,0
8.727092,1.745329,-0.312804,0.000000,0
8.728093,1.745329,-0.312037,0.000000,0
8.729093,1.745329,-0.311100,0.000000,0
8.730094,1.745329,-0.309991,0.000000,0
8.731095,1.745329,-0.308712,0.000000,0
8.732096,1.745329,-0.307261,0.000000,0
8.733097,1.745329,-0.305640,0.000000,0
8.734098,1.745329,-0.303847,0.000000,0
8.735099,1.745329,-0.301884,0.000000,0
8.736099,1.745329,-0.299749,0.000000,0
8.737100,1.745329,-0.297443,0.000000,0
8.738101,1.745329,-0.294967,0.000000,0
8.739102,1.745329,-0.292319,0.000000,0
8.740103,1.745329,-0.289500,0.000000,0
8.741104,1.745329,-0.286511,0.000000,0
8.742104,1.745329,-0.283350,0.000000,0
8.743105,1.745329,-0.280018,0.000000,0
8.744106,1.745329,-0.276516,0.000000,0
8.745107,1.745329,-0.272842,0.000000,0
8.746108,1.745329,-0.268997,0.000000,0
8.747109,1.745329,-0.264982,0.000000,0
8.748110,1.745329,-0.260795,0.000000,0
8.749110,1.745329,-0.256437,0.000000,0
8.750111,1.745329,-0.251908,0.000000,0
8.751112,1.745329,-0.247208,0.000000,0
8.752113,1.745329,-0.242338,0.000000,0
8.753114,1.745329,-0.237296,0.000000,0
8.754115,1.745329,-0.232083,0.000000,0
8.755115,1.745329,-0.226699,0.000000,0
8.756116,1.745329,-0.221144,0.000000,0
8.757117,1.745329,-0.215418,0.000000,0
8.758118,1.745329,-0.209521,0.000000,0
8.759119,1.745329,-0.203537,0.000000,0
8.760120,1.745329,-0.197552,0.000000,0
8.761121,1.745329,-0.191567,0.000000,0
8.762121,1.745329,-0.185582,0.000000,0
8.763122,1.745329,-0.179597,0.000000,0
8.764123,1.745329,-0.173613,0.000000,0
8.765124,1.745329,-0.167628,0.000000,0
8.766125,1.745329,-0.161643,0.000000,0
8.767126,1.745329,-0.155658,0.000000,0
8.768126,1.745329,-0.149674,0.000000,0
8.769127,1.745329,-0.143689,0.000000,0
8.770128,1.745329,-0.137704,0.000000,0
8.771129,1.745329,-0.131719,0.000000,0
8.772130,1.745329,-0.125735,0.000000,0
8.773131,1.745329,-0.119750,0.000000,0
8.774132,1.745329,-0.113765,0.000000,0
8.775132,1.745329,-0.107780,0.000000,0
8.776133,1.745329,-0.101796,0.000000,0
8.777134,1.745329,-0.095811,0.000000,0
8.778135,1.745329,-0.089826,0.000000,0
8.779136,1.745329,-0.083841,0.000000,0
8.780137,1.745329,-0.077856,0.000000,0
8.781137,1.745329,-0.071872,0.000000,0
8.782138,1.745329,-0.065887,0.000000,0
8.783139,1.745329,-0.059902,0.000000,0
8.784140,1.745329,-0.053917,0.000000,0
8.785141,1.745329,-0.047933,0.000000,0
8.786142,1.745329,-0.041948,0.000000,0
8.787143,1.745329,-0.035963,0.000000,0
8.788143,1.745329,-0.029978,0.000000,0
8.789144,1.745329,-0.023994,0.000000,0
8.790145,1.745329,-0.018009,0.000000,0
8.791146,1.745329,-0.012024,0.000000,0
8.792147,1.745329,-0.006039,0.000000,0
8.793148,1.745329,-0.000055,0.000000,0
8.794148,1.745329,0.005930,0.000000,0
8.795149,1.745329,0.011915,0.000000,0
8.796150,1.745329,0.017900,0.000000,0
8.797151,1.745329,0.023885,0.000000,0
8.798152,1.745329,0.029869,0.000000,0
8.799153,1.745329,0.035854,0.000000,0
8.800154,1.745329,0.041839,0.000000,0
8.801154,1.745329,0.047824,0.000000,0
8.802155,1.745329,0.053808,0.000000,0
8.803156,1.745329,0.059793,0.000000,0
8.804157,1.745329,0.065778,0.000000,0
8.805158,1.745329,0.071763,0.000000,0
8.806159,1.745329,0.077747,0.000000,0
8.807159,1.745329,0.083732,0.000000,0
8.808160,1.745329,0.089717,0.000000,0
8.809161,1.745329,0.095702,0.000000,0
8.810162,1.745329,0.101686,0.000000,0
8.811163,1.745329,0.107671,0.000000,0
8.812164,1.745329,0.113656,0.000000,0
8.813165,1.745329,0.119641,0.000000,0
8.814165,1.745329,0.125626,0.000000,0
8.815166,1.745329,0.131610,0.000000,0
8.816167,1.745329,0.137595,0.000000,0
8.817168,1.745329,0.143580,0.000000,0
8.818169,1.745329,0.149565,0.000000,0
8.819170,1.745329,0.155549,0.000000,0
8.820170,1.745329,0.161534,0.000000,0
8.821171,1.745329,0.167519,0.000000,0
8.822172,1.745329,0.173504,0.000000,0
8.823173,1.745329,0.179488,0.000000,0
8.824174,1.745329,0.185473,0.000000,0
8.825175,1.745329,0.191458,0.000000,0
8.826176,1.745329,0.197443,0.000000,0
8.827176,1.745329,0.203427,0.000000,0
8.828177,1.745329,0.209412,0.000000,0
8.829178,1.745329,0.215312,0.000000,0
8.830179,1.745329,0.221041,0.000000,0
8.831180,1.745329,0.226599,0.000000,0
8.832181,1.745329,0.231986,0.000000,0
8.833181,1.745329,0.237202,0.000000,0
8.834182,1.745329,0.242247,0.000000,0
8.835183,1.745329,0.247121,0.000000,0
8.836184,1.745329,0.251824,0.000000,0
8.837185,1.745329,0.256356,0.000000,0
8.838186,1.745329,0.260717,0.000000,0
8.839187,1.745329,0.264907,0.000000,0
8.840187,1.745329,0.268926,0.000000,0
8.841188,1.745329,0.272774,0.000000,0
8.842189,1.745329,0.276450,0.000000,0
8.843190,1.745329,0.279956,0.000000,0
8.844191,1.745329,0.283291,0.000000,0
8.845192,1.745329,0.286455,0.000000,0
8.846192,1.745329,0.289448,0.000000,0
8.847193,1.745329,0.292269,0.000000,0
8.848194,1.745329,0.294920,0.000000,0
8.849195,1.745329,0.297400,0.000000,0
8.850196,1.745329,0.299708,0.000000,0
8.851197,1.745329,0.301846,0.000000,0
8.852198,1.745329,0.303813,0.000000,0
8.853198,1.745329,0.305608,0.000000,0
8.854199,1.745329,0.307233,0.000000,0
8.855200,1.745329,0.308687,0.000000,0
8.856201,1.745329,0.309969,0.000000,0
8.857202,1.745329,0.311081,0.000000,0
8.858203,1.745329,0.312022,0.000000,0
8.859203,1.745329,0.312791,0.000000,0
8.860204,1.745329,0.313390,0.000000,0
8.861205,1.745329,0.313817,0.000000,0
8.862206,1.745329,0.314074,0.000000,0
8.863207,1.745329,0.314159,0.000000,1
8.864208,1.736201,0.308514,0.000000,1
8.865209,1.727051,0.302838,0.000000,1
8.866209,1.717891,0.297130,0.000000,1
8.867210,1.708733,0.291389,0.000000,1
8.868211,1.699591,0.285613,0.000000,1
8.869212,1.690475,0.279801,0.000000,1
8.870213,1.681398,0.273951,0.000000,1
8.871214,1.672371,0.268064,0.000000,1
8.872215,1.663406,0.262138,0.000000,1
8.873215,1.654513,0.256173,0.000000,1
8.874216,1.645703,0.250167,0.000000,1
8.875217,1.636988,0.244121,0.000000,1
8.876218,1.628377,0.238035,0.000000,1
8.877219,1.619881,0.231907,0.000000,1
8.878220,1.611510,0.225738,0.000000,1
8.879220,1.603274,0.219528,0.000000,1
8.880221,1.595182,0.213276,0.000000,1
8.881222,1.587243,0.206984,0.000000,1
8.882223,1.579467,0.200652,0.000000,1
8.883224,1.571863,0.194279,0.000000,1
8.884225,1.564439,0.187867,0.000000,1
8.885226,1.557203,0.181416,0.000000,1
8.886226,1.550164,0.174926,0.000000,1
8.887227,1.543329,0.168399,0.000000,1
8.888228,1.536707,0.161835,0.000000,1
8.889229,1.530304,0.155236,0.000000,1
8.890230,1.524128,0.148601,0.000000,1
8.891231,1.518185,0.141933,0.000000,1
8.892231,1.512482,0.135232,0.000000,1
8.893232,1.507024,0.128499,0.000000,1
8.894233,1.501819,0.121737,0.000000,1
8.895234,1.496872,0.114945,0.000000,1
8.896235,1.492187,0.108126,0.000000,1
8.897236,1.487770,0.101281,0.000000,1
8.898237,1.483626,0.094411,0.000000,1
8.899237,1.479759,0.087517,0.000000,1
8.900238,1.476174,0.080602,0.000000,1
8.901239,1.472873,0.073667,0.000000,1
8.902240,1.469861,0.066714,0.000000,1
8.903241,1.467141,0.059744,0.000000,1
8.904242,1.464716,0.052759,0.000000,1
8.905242,1.462588,0.045760,0.000000,1
8.906243,1.460759,0.038750,0.000000,1
8.907244,1.459232,0.031730,0.000000,1
8.908245,1.458007,0.024701,0.000000,1
8.909246,1.457087,0.017667,0.000000,1
8.910247,1.456472,0.010627,0.000000,1
8.911248,1.456163,0.003586,0.000000,1
8.912248,1.456160,-0.003457,0.000000,1
8.913249,1.456464,-0.010499,0.000000,1
8.914250,1.457073,-0.017538,0.000000,1
8.915251,1.457988,-0.024573,0.000000,1
8.916252,1.459207,-0.031602,0.000000,1
8.917253,1.460728,-0.038622,0.000000,1
8.918253,1.462552,-0.045632,0.000000,1
8.919254,1.464674,-0.052631,0.000000,1
8.920255,1.467095,-0.059617,0.000000,1
8.921256,1.469809,-0.066587,0.000000,1
8.922257,1.472816,-0.073541,0.000000,1
8.923258,1.476111,-0.080476,0.000000,1
8.924259,1.479692,-0.087391,0.000000,1
8.925259,1.483553,-0.094285,0.000000,1
8.926260,1.487692,-0.101156,0.000000,1
8.927261,1.492104,-0.108001,0.000000,1
8.928262,1.496784,-0.114821,0.000000,1
8.929263,1.501727,-0.121613,0.000000,1
8.930264,1.506927,-0.128377,0.000000,1
8.931264,1.512380,-0.135110,0.000000,1
8.932265,1.518079,-0.141811,0.000000,1
8.933266,1.524017,-0.148480,0.000000,1
8.934267,1.530190,-0.155115,0.000000,1
8.935268,1.536588,-0.161716,0.000000,1
8.936269,1.543207,-0.168280,0.000000,1
8.937270,1.550038,-0.174808,0.000000,1
8.938270,1.557073,-0.181298,0.000000,1
8.939271,1.564305,-0.187750,0.000000,1
8.940272,1.571726,-0.194163,0.000000,1
8.941273,1.579327,-0.200536,0.000000,1
8.942274,1.587100,-0.206869,0.000000,1
8.943275,1.595036,-0.213162,0.000000,1
8.944275,1.603125,-0.219414,0.000000,1
8.945276,1.611359,-0.225625,0.000000,1
8.946277,1.619728,-0.231795,0.000000,1
8.947278,1.628221,-0.237923,0.000000,1
8.948279,1.636830,-0.244011,0.000000,1
8.949280,1.645544,-0.250058,0.000000,1
8.950281,1.654351,-0.256064,0.000000,1
8.951281,1.663243,-0.262030,0.000000,1
8.952282,1.672207,-0.267957,0.000000,1
8.953283,1.681233,-0.273844,0.000000,1
8.954284,1.690309,-0.279694,0.000000,1
8.955285,1.699424,-0.285507,0.000000,1
8.956286,1.708566,-0.291284,0.000000,1
8.957286,1.717724,-0.297026,0.000000,1
8.958287,1.726884,-0.302734,0.000000,1
8.959288,1.736035,-0.308410,0.000000,1
8.960289,1.745163,-0.314057,0.000000,1
8.961290,1.745329,-0.314077,0.000000,0
8.962291,1.745329,-0.313823,0.000000,0
8.963292,1.745329,-0.313399,0.000000,0
8.964292,1.745329,-0.312804,0.000000,0
8.965293,1.745329,-0.312037,0.000000,0
8.966294,1.745329,-0.311100,0.000000,0
8.967295,1.745329,-0.309991,0.000000,0
8.968296,1.745329,-0.308712,0.000000,0
8.969297,1.745329,-0.307261,0.000000,0
8.970297,1.745329,-0.305640,0.000000,0
8.971298,1.745329,-0.303847,0.000000,0
8.972299,1.745329,-0.301884,0.000000,0
8.973300,1.745329,-0.299749,0.000000,0
8.974301,1.745329,-0.297443,0.000000,0
8.975302,1.745329,-0.294967,0.000000,0
8.976303,1.745329,-0.292319,0.000000,0
8.977303,1.745329,-0.289500,0.000000,0
8.978304,1.745329,-0.286511,0.000000,0
8.979305,1.745329,-0.283350,0.000000,0
8.980306,1.745329,-0.280018,0.000000,0
8.981307,1.745329,-0.276516,0.000000,0
8.982308,1.745329,-0.272842,0.000000,0
8.983308,1.745329,-0.268997,0.000000,0
8.984309,1.745329,-0.264982,0.000000,0
8.985310,1.745329,-0.260795,0.000000,0
8.986311,1.745329,-0.256437,0.000000,0
8.987312,1.745329,-0.251908,0.000000,0
8.988313,1.745329,-0.247208,0.000000,0
8.989314,1.745329,-0.242338,0.000000,0
8.990314,1.745329,-0.237296,0.000000,0
8.991315,1.745329,-0.232083,0.000000,0
8.992316,1.745329,-0.226699,0.000000,0
8.993317,1.745329,-0.221144,0.000000,0
8.994318,1.745329,-0.215418,0.000000,0
8.995319,1.745329,-0.209521,0.000000,0
8.996319,1.745329,-0.203537,0.000000,0
8.997320,1.745329,-0.197552,0.000000,0
8.998321,1.745329,-0.191567,0.000000,0
8.999322,1.745329,-0.185582,0.000000,0
9.000323,1.745329,-0.179597,0.000000,0
9.001324,1.745329,-0.173613,0.000000,0
9.002325,1.745329,-0.167628,0.000000,0
9.003325,1.745329,-0.161643,0.000000,0
9.004326,1.745329,-0.155658,0.000000,0
9.005327,1.745329,-0.149674,0.000000,0
9.006328,1.745329,-0.143689,0.000000,0
9.007329,1.745329,-0.137704,0.000000,0
9.008330,1.745329,-0.131719,0.000000,0
9.009330,1.745329,-0.125735,0.000000,0
9.010331,1.745329,-0.119750,0.000000,0
9.011332,1.745329,-0.113765,0.000000,0
9.012333,1.745329,-0.107780,0.000000,0
9.013334,1.745329,-0.101796,0.000000,0
9.014335,1.745329,-0.095811,0.000000,0
9.015336,1.745329,-0.089826,0.000000,0
9.016336,1.745329,-0.083841,0.000000,0
9.017337,1.745329,-0.077856,0.000000,0
9.018338,1.745329,-0.071872,0.000000,0
9.019339,1.745329,-0.065887,0.000000,0
9.020340,1.745329,-0.059902,0.000000,0
9.021341,1.745329,-0.053917,0.000000,0
9.022342,1.745329,-0.047933,0.000000,0
9.023342,1.745329,-0.041948,0.000000,0
9.024343,1.745329,-0.035963,0.000000,0
9.025344,1.745329,-0.029978,0.000000,0
9.026345,1.745329,-0.023994,0.000000,0
9.027346,1.745329,-0.018009,0.000000,0
9.028347,1.745329,-0.012024,0.000000,0
9.029347,1.745329,-0.006039,0.000000,0
9.030348,1.745329,-0.000055,0.000000,0
9.031349,1.745329,0.005930,0.000000,0
9.032350,1.745329,0.011915,0.000000,0
9.033351,1.745329,0.017900,0.000000,0
9.034352,1.745329,0.023885,0.000000,0
9.035353,1.745329,0.029869,0.000000,0
9.036353,1.745329,0.035854,0.000000,0
9.037354,1.745329,0.041839,0.000000,0
9.038355,1.745329,0.047824,0.000000,0
9.039356,1.745329,0.053808,0.000000,0
9.040357,1.745329,0.059793,0.000000,0
9.041358,1.745329,0.065778,0.000000,0
9.042358,1.745329,0.071763,0.000000,0
9.043359,1.745329,0.077747,0.000000,0
9.044360,1.745329,0.083732,0.000000,0
9.045361,1.745329,0.089717,0.000000,0
9.046362,1.745329,0.095702,0.000000,0
9.047363,1.745329,0.101686,0.000000,0
9.048364,1.745329,0.107671,0.000000,0
9.049364,1.745329,0.113656,0.000000,0
9.050365,1.745329,0.119641,0.000000,0
9.051366,1.745329,0.125626,0.000000,0
9.052367,1.745329,0.131610,0.000000,0
9.053368,1.745329,0.137595,0.000000,0
9.054369,1.745329,0.143580,0.000000,0
9.055369,1.745329,0.149565,0.000000,0
9.056370,1.745329,0.155549,0.000000,0
9.057371,1.745329,0.161534,0.000000,0
9.058372,1.745329,0.167519,0.000000,0
9.059373,1.745329,0.173504,0.000000,0
9.060374,1.745329,0.179488,0.000000,0
9.061375,1.745329,0.185473,0.000000,0
9.062375,1.745329,0.191458,0.000000,0
9.063376,1.745329,0.197443,0.000000,0
9.064377,1.745329,0.203427,0.000000,0
9.065378,1.745329,0.209412,0.000000,0
9.066379,1.745329,0.215312,0.000000,0
9.067380,1.745329,0.221041,0.000000,0
9.068380,1.745329,0.226599,0.000000,0
9.069381,1.745329,0.231986,0.000000,0
9.070382,1.745329,0.237202,0.000000,0
9.071383,1.745329,0.242247,0.000000,0
9.072384,1.745329,0.247121,0.000000,0
9.073385,1.745329,0.251824,0.000000,0
9.074386,1.745329,0.256356,0.000000,0
9.075386,1.745329,0.260717,0.000000,0
9.076387,1.745329,0.264907,0.000000,0
9.077388,1.745329,0.268926,0.000000,0
9.078389,1.745329,0.272774,0.000000,0
9.079390,1.745329,0.276450,0.000000,0
9.080391,1.745329,0.279956,0.000000,0
9.081391,1.745329,0.283291,0.000000,0
9.082392,1.745329,0.286455,0.000000,0
9.083393,1.745329,0.289448,0.000000,0
9.084394,1.745329,0.292269,0.000000,0
9.085395,1.745329,0.294920,0.000000,0
9.086396,1.745329,0.297400,0.000000,0
9.087397,1.745329,0.299708,0.000000,0
9.088397,1.745329,0.301846,0.000000,0
9.089398,1.745329,0.303813,0.000000,0
9.090399,1.745329,0.305608,0.000000,0
9.091400,1.745329,0.307233,0.000000,0
9.092401,1.745329,0.308687,0.000000,0
9.093402,1.745329,0.309969,0.000000,0
9.094402,1.745329,0.311081,0.000000,0
9.095403,1.745329,0.312022,0.000000,0
9.096404,1.745329,0.312791,0.000000,0
9.097405,1.745329,0.313390,0.000000,0
9.098406,1.745329,0.313817,0.000000,0
9.099407,1.745329,0.314074,0.000000,0
9.100408,1.745329,0.314159,0.000000,1
9.101408,1.736201,0.308514,0.000000,1
9.102409,1.727051,0.302838,0.000000,1
9.103410,1.717891,0.297130,0.000000,1
9.104411,1.708733,0.291389,0.000000,1
9.105412,1.699591,0.285613,0.000000,1
9.106413,1.690475,0.279801,0.000000,1
9.107413,1.681398,0.273951,0.000000,1
9.108414,1.672371,0.268064,0.000000,1
9.109415,1.663406,0.262138,0.000000,1
9.110416,1.654513,0.256173,0.000000,1
9.111417,1.645703,0.250167,0.000000,1
9.112418,1.636988,0.244121,0.000000,1
9.113419,1.628377,0.238035,0.000000,1
9.114419,1.619881,0.231907,0.000000,1
9.115420,1.611510,0.225738,0.000000,1
9.116421,1.603274,0.219528,0.000000,1
9.117422,1.595182,0.213276,0.000000,1
9.118423,1.587243,0.206984,0.000000,1
9.119424,1.579467,0.200652,0.000000,1
9.120424,1.571863,0.194279,0.000000,1
9.121425,1.564439,0.187867,0.000000,1
9.122426,1.557203,0.181416,0.000000,1
9.123427,1.550164,0.174926,0.000000,1
9.124428,1.543329,0.168399,0.000000,1
9.125429,1.536707,0.161835,0.000000,1
9.126430,1.530304,0.155236,0.000000,1
9.127430,1.524128,0.148601,0.000000,1
9.128431,1.518185,0.141933,0.000000,1
9.129432,1.512482,0.135232,0.000000,1
9.130433,1.507024,0.128499,0.000000,1
9.131434,1.501819,0.121737,0.000000,1
9.132435,1.496872,0.114945,0.000000,1
9.133435,1.492187,0.108126,0.000000,1
9.134436,1.487770,0.101281,0.000000,1
9.135437,1.483626,0.094411,0.000000,1
9.136438,1.479759,0.087517,0.000000,1
9.137439,1.476174,0.080602,0.000000,1
9.138440,1.472873,0.073667,0.000000,1
9.139441,1.469861,0.066714,0.000000,1
9.140441,1.467141,0.059744,0.000000,1
9.141442,1.464716,0.052759,0.000000,1
9.142443,1.462588,0.045760,0.000000,1
9.143444,1.460759,0.038750,0.000000,1
9.144445,1.459232,0.031730,0.000000,1
9.145446,1.458007,0.024701,0.000000,1
9.146446,1.457087,0.017667,0.000000,1
9.147447,1.456472,0.010627,0.000000,1
9.148448,1.456163,0.003586,0.000000,1
9.149449,1.456160,-0.003457,0.000000,1
9.150450,1.456464,-0.010499,0.000000,1
9.151451,1.457073,-0.017538,0.000000,1
9.152452,1.457988,-0.024573,0.000000,1
9.153452,1.459207,-0.031602,0.000000,1
9.154453,1.460728,-0.038622,0.000000,1
9.155454,1.462552,-0.045632,0.000000,1
9.156455,1.464674,-0.052631,0.000000,1
9.157456,1.467095,-0.059617,0.000000,1
9.158457,1.469809,-0.066587,0.000000,1
9.159457,1.472816,-0.073541,0.000000,1
9.160458,1.476111,-0.080476,0.000000,1
9.161459,1.479692,-0.087391,0.000000,1
9.162460,1.483553,-0.094285,0.000000,1
9.163461,1.487692,-0.101156,0.000000,1
9.164462,1.492104,-0.108001,0.000000,1
9.165463,1.496784,-0.114821,0.000000,1
9.166463,1.501727,-0.121613,0.000000,1
9.167464,1.506927,-0.128377,0.000000,1
9.168465,1.512380,-0.135110,0.000000,1
9.169466,1.518079,-0.141811,0.000000,1
9.170467,1.524017,-0.148480,0.000000,1
9.171468,1.530190,-0.155115,0.000000,1
9.172468,1.536588,-0.161716,0.000000,1
9.173469,1.543207,-0.168280,0.000000,1
9.174470,1.550038,-0.174808,0.000000,1
9.175471,1.557073,-0.181298,0.000000,1
9.176472,1.564305,-0.187750,0.000000,1
9.177473,1.571726,-0.194163,0.000000,1
9.178474,1.579327,-0.200536,0.000000,1
9.179474,1.587100,-0.206869,0.000000,1
9.180475,1.595036,-0.213162,0.000000,1
9.181476,1.603125,-0.219414,0.000000,1
9.182477,1.611359,-0.225625,0.000000,1
9.183478,1.619728,-0.231795,0.000000,1
9.184479,1.628221,-0.237923,0.000000,1
9.185480,1.636830,-0.244011,0.000000,1
9.186480,1.645544,-0.250058,0.000000,1
9.187481,1.654351,-0.256064,0.000000,1
9.188482,1.663243,-0.262030,0.000000,1
9.189483,1.672207,-0.267957,0.000000,1
9.190484,1.681233,-0.273844,0.000000,1
9.191485,1.690309,-0.279694,0.000000,1
9.192485,1.699424,-0.285507,0.000000,1
9.193486,1.708566,-0.291284,0.000000,1
9.194487,1.717724,-0.297026,0.000000,1
9.195488,1.726884,-0.302734,0.000000,1
9.196489,1.736035,-0.308410,0.000000,1
9.197490,1.745163,-0.314057,0.000000,1
9.198491,1.745329,-0.314077,0.000000,0
9.199491,1.745329,-0.313823,0.000000,0
9.200492,1.745329,-0.313399,0.000000,0
9.201493,1.745329,-0.312804,0.000000,0
9.202494,1.745329,-0.312037,0.000000,0
9.203495,1.745329,-0.311100,0.000000,0
9.204496,1.745329,-0.309991,0.000000,0
9.205496,1.745329,-0.308712,0.000000,0
9.206497,1.745329,-0.307261,0.000000,0
9.207498,1.745329,-0.305640,0.000000,0
9.208499,1.745329,-0.303847,0.000000,0
9.209500,1.745329,-0.301884,0.000000,0
9.210501,1.745329,-0.299749,0.000000,0
9.211502,1.745329,-0.297443,0.000000,0
9.212502,1.745329,-0.294967,0.000000,0
9.213503,1.745329,-0.292319,0.000000,0
9.214504,1.745329,-0.289500,0.000000,0
9.215505,1.745329,-0.286511,0.000000,0
9.216506,1.745329,-0.283350,0.000000,0
9.217507,1.745329,-0.280018,0.000000,0
9.218507,1.745329,-0.276516,0.000000,0
9.219508,1.745329,-0.272842,0.000000,0
9.220509,1.745329,-0.268997,0.000000,0
9.221510,1.745329,-0.264982,0.000000,0
9.222511,1.745329,-0.260795,0.000000,0
9.223512,1.745329,-0.256437,0.000000,0
9.224513,1.745329,-0.251908,0.000000,0
9.225513,1.745329,-0.247208,0.000000,0
9.226514,1.745329,-0.242338,0.000000,0
9.227515,1.745329,-0.237296,0.000000,0
9.228516,1.745329,-0.232083,0.000000,0
9.229517,1.745329,-0.226699,0.000000,0
9.230518,1.745329,-0.221144,0.000000,0
9.231518,1.745329,-0.215418,0.000000,0
9.232519,1.745329,-0.209521,0.000000,0
9.233520,1.745329,-0.203537,0.000000,0
9.234521,1.745329,-0.197552,0.000000,0
9.235522,1.745329,-0.191567,0.000000,0
9.236523,1.745329,-0.185582,0.000000,0
9.237524,1.745329,-0.179597,0.000000,0
9.238524,1.745329,-0.173613,0.000000,0
9.239525,1.745329,-0.167628,0.000000,0
9.240526,1.745329,-0.161643,0.000000,0
9.241527,1.745329,-0.155658,0.000000,0
9.242528,1.745329,-0.149674,0.000000,0
9.243529,1.745329,-0.143689,0.000000,0
9.244529,1.745329,-0.137704,0.000000,0
9.245530,1.745329,-0.131719,0.000000,0
9.246531,1.745329,-0.125735,0.000000,0
9.247532,1.745329,-0.119750,0.000000,0
9.248533,1.745329,-0.113765,0.000000,0
9.249534,1.745329,-0.107780,0.000000,0
9.250535,1.745329,-0.101796,0.000000,0
9.251535,1.745329,-0.095811,0.000000,0
9.252536,1.745329,-0.089826,0.000000,0
9.253537,1.745329,-0.083841,0.000000,0
9.254538,1.745329,-0.077856,0.000000,0
9.255539,1.745329,-0.071872,0.000000,0
9.256540,1.745329,-0.065887,0.000000,0
9.257540,1.745329,-0.059902,0.000000,0
9.258541,1.745329,-0.053917,0.000000,0
9.259542,1.745329,-0.047933,0.000000,0
9.260543,1.745329,-0.041948,0.000000,0
9.261544,1.745329,-0.035963,0.000000,0
9.262545,1.745329,-0.029978,0.000000,0
9.263546,1.745329,-0.023994,0.000000,0
9.264546,1.745329,-0.018009,0.000000,0
9.265547,1.745329,-0.012024,0.000000,0
9.266548,1.745329,-0.006039,0.000000,0
9.267549,1.745329,-0.000055,0.000000,0
9.268550,1.745329,0.005930,0.000000,0
9.269551,1.745329,0.011915,0.000000,0
9.270551,1.745329,0.017900,0.000000,0
9.271552,1.745329,0.023885,0.000000,0
9.272553,1.745329,0.029869,0.000000,0
9.273554,1.745329,0.035854,0.000000,0
9.274555,1.745329,0.041839,0.000000,0
9.275556,1.745329,0.047824,0.000000,0
9.276557,1.745329,0.053808,0.000000,0
9.277557,1.745329,0.059793,0.000000,0
9.278558,1.745329,0.065778,0.000000,0
9.279559,1.745329,0.071763,0.000000,0
9.280560,1.745329,0.077747,0.000000,0
9.281561,1.745329,0.083732,0.000000,0
9.282562,1.745329,0.089717,0.000000,0
9.283562,1.745329,0.095702,0.000000,0
9.284563,1.745329,0.101686,0.000000,0
9.285564,1.745329,0.107671,0.000000,0
9.286565,1.745329,0.113656,0.000000,0
9.287566,1.745329,0.119641,0.000000,0
9.288567,1.745329,0.125626,0.000000,0
9.289568,1.745329,0.131610,0.000000,0
9.290568,1.745329,0.137595,0.000000,0
9.291569,1.745329,0.143580,0.000000,0
9.292570,1.745329,0.149565,0.000000,0
9.293571,1.745329,0.155549,0.000000,0
9.294572,1.745329,0.161534,0.000000,0
9.295573,1.745329,0.167519,0.000000,0
9.296573,1.745329,0.173504,0.000000,0
9.297574,1.745329,0.179488,0.000000,0
9.298575,1.745329,0.185473,0.000000,0
9.299576,1.745329,0.191458,0.000000,0
9.300577,1.745329,0.197443,0.000000,0
9.301578,1.745329,0.203427,0.000000,0
9.302579,1.745329,0.209412,0.000000,0
9.303579,1.745329,0.215312,0.000000,0
9.304580,1.745329,0.221041,0.000000,0
9.305581,1.745329,0.226599,0.000000,0
9.306582,1.745329,0.231986,0.000000,0
9.307583,1.745329,0.237202,0.000000,0
9.308584,1.745329,0.242247,0.000000,0
9.309584,1.745329,0.247121,0.000000,0
9.310585,1.745329,0.251824,0.000000,0
9.311586,1.745329,0.256356,0.000000,0
9.312587,1.745329,0.260717,0.000000,0
9.313588,1.745329,0.264907,0.000000,0
9.314589,1.745329,0.268926,0.000000,0
9.315590,1.745329,0.272774,0.000000,0
9.316590,1.745329,0.276450,0.000000,0
9.317591,1.745329,0.279956,0.000000,0
9.318592,1.745329,0.283291,0.000000,0
9.319593,1.745329,0.286455,0.000000,0
9.320594,1.745329,0.289448,0.000000,0
9.321595,1.745329,0.292269,0.000000,0
9.322595,1.745329,0.294920,0.000000,0
9.323596,1.745329,0.297400,0.000000,0
9.324597,1.745329,0.299708,0.000000,0
9.325598,1.745329,0.301846,0.000000,0
9.326599,1.745329,0.303813,0.000000,0
9.327600,1.745329,0.305608,0.000000,0
9.328601,1.745329,0.307233,0.000000,0
9.329601,1.745329,0.308687,0.000000,0
9.330602,1.745329,0.309969,0.000000,0
9.331603,1.745329,0.311081,0.000000,0
9.332604,1.745329,0.312022,0.000000,0
9.333605,1.745329,0.312791,0.000000,0
9.334606,1.745329,0.313390,0.000000,0
9.335606,1.745329,0.313817,0.000000,0
9.336607,1.745329,0.314074,0.000000,0
9.337608,1.745329,0.314159,0.000000,1
9.338609,1.736201,0.308514,0.000000,1
9.339610,1.727051,0.302838,0.000000,1
9.340611,1.717891,0.297130,0.000000,1
9.341612,1.708733,0.291389,0.000000,1
9.342612,1.699591,0.285613,0.000000,1
9.343613,1.690475,0.279801,0.000000,1
9.344614,1.681398,0.273951,0.000000,1
9.345615,1.672371,0.268064,0.000000,1
9.346616,1.663406,0.262138,0.000000,1
9.347617,1.654513,0.256173,0.000000,1
9.348618,1.645703,0.250167,0.000000,1
9.349618,1.636988,0.244121,0.000000,1
9.350619,1.628377,0.238035,0.000000,1
9.351620,1.619881,0.231907,0.000000,1
9.352621,1.611510,0.225738,0.000000,1
9.353622,1.603274,0.219528,0.000000,1
9.354623,1.595182,0.213276,0.000000,1
9.355623,1.587243,0.206984,0.000000,1
9.356624,1.579467,0.200652,0.000000,1
9.357625,1.571863,0.194279,0.000000,1
9.358626,1.564439,0.187867,0.000000,1
9.359627,1.557203,0.181416,0.000000,1
9.360628,1.550164,0.174926,0.000000,1
9.361629,1.543329,0.168399,0.000000,1
9.362629,1.536707,0.161835,0.000000,1
9.363630,1.530304,0.155236,0.000000,1
9.364631,1.524128,0.148601,0.000000,1
9.365632,1.518185,0.141933,0.000000,1
9.366633,1.512482,0.135232,0.000000,1
9.367634,1.507024,0.128499,0.000000,1
9.368634,1.501819,0.121737,0.000000,1
9.369635,1.496872,0.114945,0.000000,1
9.370636,1.492187,0.108126,0.000000,1
9.371637,1.487770,0.101281,0.000000,1
9.372638,1.483626,0.094411,0.000000,1
9.373639,1.479759,0.087517,0.000000,1
9.374640,1.476174,0.080602,0.000000,1
9.375640,1.472873,0.073667,0.000000,1
9.376641,1.469861,0.066714,0.000000,1
9.377642,1.467141,0.059744,0.000000,1
9.378643,1.464716,0.052759,0.000000,1
9.379644,1.462588,0.045760,0.000000,1
9.380645,1.460759,0.038750,0.000000,1
9.381645,1.459232,0.031730,0.000000,1
9.382646,1.458007,0.024701,0.000000,1
9.383647,1.457087,0.017667,0.000000,1
9.384648,1.456472,0.010627,0.000000,1
9.385649,1.456163,0.003586,0.000000,1
9.386650,1.456160,-0.003457,0.000000,1
9.387651,1.456464,-0.010499,0.000000,1
9.388651,1.457073,-0.017538,0.000000,1
9.389652,1.457988,-0.024573,0.000000,1
9.390653,1.459207,-0.031602,0.000000,1
9.391654,1.460728,-0.038622,0.000000,1
9.392655,1.462552,-0.045632,0.000000,1
9.393656,1.464674,-0.052631,0.000000,1
9.394656,1.467095,-0.059617,0.000000,1
9.395657,1.469809,-0.066587,0.000000,1
9.396658,1.472816,-0.073541,0.000000,1
9.397659,1.476111,-0.080476,0.000000,1
9.398660,1.479692,-0.087391,0.000000,1
9.399661,1.483553,-0.094285,0.000000,1
9.400662,1.487692,-0.101156,0.000000,1
9.401662,1.492104,-0.108001,0.000000,1
9.402663,1.496784,-0.114821,0.000000,1
9.403664,1.501727,-0.121613,0.000000,1
9.404665,1.506927,-0.128377,0.000000,1
9.405666,1.512380,-0.135110,0.000000,1
9.406667,1.518079,-0.141811,0.000000,1
9.407667,1.524017,-0.148480,0.000000,1
9.408668,1.530190,-0.155115,0.000000,1
9.409669,1.536588,-0.161716,0.000000,1
9.410670,1.543207,-0.168280,0.000000,1
9.411671,1.550038,-0.174808,0.000000,1
9.412672,1.557073,-0.181298,0.000000,1
9.413673,1.564305,-0.187750,0.000000,1
9.414673,1.571726,-0.194163,0.000000,1
9.415674,1.579327,-0.200536,0.000000,1
9.416675,1.587100,-0.206869,0.000000,1
9.417676,1.595036,-0.213162,0.000000,1
9.418677,1.603125,-0.219414,0.000000,1
9.419678,1.611359,-0.225625,0.000000,1
9.420678,1.619728,-0.231795,0.000000,1
9.421679,1.628221,-0.237923,0.000000,1
9.422680,1.636830,-0.244011,0.000000,1
9.423681,1.645544,-0.250058,0.000000,1
9.424682,1.654351,-0.256064,0.000000,1
9.425683,1.663243,-0.262030,0.000000,1
9.426684,1.672207,-0.267957,0.000000,1
9.427684,1.681233,-0.273844,0.000000,1
9.428685,1.690309,-0.279694,0.000000,1
9.429686,1.699424,-0.285507,0.000000,1
9.430687,1.708566,-0.291284,0.000000,1
9.431688,1.717724,-0.297026,0.000000,1
9.432689,1.726884,-0.302734,0.000000,1
9.433689,1.736035,-0.308410,0.000000,1
9.434690,1.745163,-0.314057,0.000000,1
9.435691,1.745329,-0.314077,0.000000,0
9.436692,1.745329,-0.313823,0.000000,0
9.437693,1.745329,-0.313399,0.000000,0
9.438694,1.745329,-0.312804,0.000000,0
9.439695,1.745329,-0.312037,0.000000,0
9.440695,1.745329,-0.311100,0.000000,0
9.441696,1.745329,-0.309991,0.000000,0
9.442697,1.745329,-0.308712,0.000000,0
9.443698,1.745329,-0.307261,0.000000,0
9.444699,1.745329,-0.305640,0.000000,0
9.445700,1.745329,-0.303847,0.000000,0
9.446700,1.745329,-0.301884,0.000000,0
9.447701,1.745329,-0.299749,0.000000,0
9.448702,1.745329,-0.297443,0.000000,0
9.449703,1.745329,-0.294967,0.000000,0
9.450704,1.745329,-0.292319,0.000000,0
9.451705,1.745329,-0.289500,0.000000,0
9.452706,1.745329,-0.286511,0.000000,0
9.453706,1.745329,-0.283350,0.000000,0
9.454707,1.745329,-0.280018,0.000000,0
9.455708,1.745329,-0.276516,0.000000,0
9.456709,1.745329,-0.272842,0.000000,0
9.457710,1.745329,-0.268997,0.000000,0
9.458711,1.745329,-0.264982,0.000000,0
9.459711,1.745329,-0.260795,0.000000,0
9.460712,1.745329,-0.256437,0.000000,0
9.461713,1.745329,-0.251908,0.000000,0
9.462714,1.745329,-0.247208,0.000000,0
9.463715,1.745329,-0.242338,0.000000,0
9.464716,1.745329,-0.237296,0.000000,0
9.465717,1.745329,-0.232083,0.000000,0
9.466717,1.745329,-0.226699,0.000000,0
9.467718,1.745329,-0.221144,0.000000,0
9.468719,1.745329,-0.215418,0.000000,0
9.469720,1.745329,-0.209521,0.000000,0
9.470721,1.745329,-0.203537,0.000000,0
9.471722,1.745329,-0.197552,0.000000,0
9.472722,1.745329,-0.191567,0.000000,0
9.473723,1.745329,-0.185582,0.000000,0
9.474724,1.745329,-0.179597,0.000000,0
9.475725,1.745329,-0.173613,0.000000,0
9.476726,1.745329,-0.167628,0.000000,0
9.477727,1.745329,-0.161643,0.000000,0
9.478728,1.745329,-0.155658,0.000000,0
9.479728,1.745329,-0.149674,0.000000,0
9.480729,1.745329,-0.143689,0.000000,0
9.481730,1.745329,-0.137704,0.000000,0
9.482731,1.745329,-0.131719,0.000000,0
9.483732,1.745329,-0.125735,0.000000,0
9.484733,1.745329,-0.119750,0.000000,0
9.485733,1.745329,-0.113765,0.000000,0
9.486734,1.745329,-0.107780,0.000000,0
9.487735,1.745329,-0.101796,0.000000,0
9.488736,1.745329,-0.095811,0.000000,0
9.489737,1.745329,-0.089826,0.000000,0
9.490738,1.745329,-0.083841,0.000000,0
9.491739,1.745329,-0.077856,0.000000,0
9.492739,1.745329,-0.071872,0.000000,0
9.493740,1.745329,-0.065887,0.000000,0
9.494741,1.745329,-0.059902,0.000000,0
9.495742,1.745329,-0.053917,0.000000,0
9.496743,1.745329,-0.047933,0.000000,0
9.497744,1.745329,-0.041948,0.000000,0
9.498745,1.745329,-0.035963,0.000000,0
9.499745,1.745329,-0.029978,0.000000,0
9.500746,1.745329,-0.023994,0.000000,0
9.501747,1.745329,-0.018009,0.000000,0
9.502748,1.745329,-0.012024,0.000000,0
9.503749,1.745329,-0.006039,0.000000,0
9.504750,1.745329,-0.000055,0.000000,0
9.505750,1.745329,0.005930,0.000000,0
9.506751,1.745329,0.011915,0.000000,0
9.507752,1.745329,0.017900,0.000000,0
9.508753,1.745329,0.023885,0.000000,0
9.509754,1.745329,0.029869,0.000000,0
9.510755,1.745329,0.035854,0.000000,0
9.511756,1.745329,0.041839,0.000000,0
9.512756,1.745329,0.047824,0.000000,0
9.513757,1.745329,0.053808,0.000000,0
9.514758,1.745329,0.059793,0.000000,0
9.515759,1.745329,0.065778,0.000000,0
9.516760,1.745329,0.071763,0.000000,0
9.517761,1.745329,0.077747,0.000000,0
9.518761,1.745329,0.083732,0.000000,0
9.519762,1.745329,0.089717,0.000000,0
9.520763,1.745329,0.095702,0.000000,0
9.521764,1.745329,0.101686,0.000000,0
9.522765,1.745329,0.107671,0.000000,0
9.523766,1.745329,0.113656,0.000000,0
9.524767,1.745329,0.119641,0.000000,0
9.525767,1.745329,0.125626,0.000000,0
9.526768,1.745329,0.131610,0.000000,0
9.527769,1.745329,0.137595,0.000000,0
9.528770,1.745329,0.143580,0.000000,0
9.529771,1.745329,0.149565,0.000000,0
9.530772,1.745329,0.155549,0.000000,0
9.531772,1.745329,0.161534,0.000000,0
9.532773,1.745329,0.167519,0.000000,0
9.533774,1.745329,0.173504,0.000000,0
9.534775,1.745329,0.179488,0.000000,0
9.535776,1.745329,0.185473,0.000000,0
9.536777,1.745329,0.191458,0.000000,0
9.537778,1.745329,0.197443,0.000000,0
9.538778,1.745329,0.203427,0.000000,0
9.539779,1.745329,0.209412,0.000000,0
9.540780,1.745329,0.215312,0.000000,0
9.541781,1.745329,0.221041,0.000000,0
9.542782,1.745329,0.226599,0.000000,0
9.543783,1.745329,0.231986,0.000000,0
9.544783,1.745329,0.237202,0.000000,0
9.545784,1.745329,0.242247,0.000000,0
9.546785,1.745329,0.247121,0.000000,0
9.547786,1.745329,0.251824,0.000000,0
9.548787,1.745329,0.256356,0.000000,0
9.549788,1.745329,0.260717,0.000000,0
9.550789,1.745329,0.264907,0.000000,0
9.551789,1.745329,0.268926,0.000000,0
9.552790,1.745329,0.272774,0.000000,0
9.553791,1.745329,0.276450,0.000000,0
9.554792,1.745329,0.279956,0.000000,0
9.555793,1.745329,0.283291,0.000000,0
9.556794,1.745329,0.286455,0.000000,0
9.557794,1.745329,0.289448,0.000000,0
9.558795,1.745329,0.292269,0.000000,0
9.559796,1.745329,0.294920,0.000000,0
9.560797,1.745329,0.297400,0.000000,0
9.561798,1.745329,0.299708,0.000000,0
9.562799,1.745329,0.301846,0.000000,0
9.563800,1.745329,0.303813,0.000000,0
9.564800,1.745329,0.305608,0.000000,0
9.565801,1.745329,0.307233,0.000000,0
9.566802,1.745329,0.308687,0.000000,0
9.567803,1.745329,0.309969,0.000000,0
9.568804,1.745329,0.311081,0.000000,0
9.569805,1.745329,0.312022,0.000000,0
9.570805,1.745329,0.312791,0.000000,0
9.571806,1.745329,0.313390,0.000000,0
9.572807,1.745329,0.313817,0.000000,0
9.573808,1.745329,0.314074,0.000000,0
9.574809,1.745329,0.314159,0.000000,0
